posteam,season,week,punt_net_yards,field_goal_make_pct,kick_return_avg,punt_return_avg
ARI,2022,1,51.5,0.882051282051282,8.5,-0.5
ARI,2022,2,38.333332,0.882051282051282,6.6666665,7.0
ARI,2022,3,36.0,1.0,0.0,4.0
ARI,2022,4,53.666668,1.0,21.5,3.0
ARI,2022,5,46.5,0.5,3.8,2.5
ARI,2022,6,38.0,1.0,8.8,2.5
ARI,2022,7,44.25,1.0,9.6,0.0
ARI,2022,8,43.733334,1.0,3.0,2.6
ARI,2022,9,45.666668,0.882051282051282,13.5,2.3333333
ARI,2022,10,39.4,1.0,3.5,8.0
ARI,2022,11,41.5,1.0,0.0,3.75
ARI,2022,12,47.5,0.5,3.8,2.5
ARI,2022,14,45.666668,0.6666666666666666,26.8,2.8333333
ARI,2022,15,47.63333,1.0,4.6,2.2
ARI,2022,16,31.8,1.0,2.8333333,14.2
ARI,2022,17,12.333334,0.8,6.25,4.6666665
ARI,2022,18,47.93333,0.882051282051282,13.285714,3.4
ARI,2023,1,43.0,1.0,0.0,4.0
ARI,2023,2,48.666668,0.6666666666666666,3.1666667,0.0
ARI,2023,3,37.5,1.0,5.6,9.5
ARI,2023,4,39.0,1.0,2.1666667,0.0
ARI,2023,5,47.416668,0.8444444444444444,0.0,7.3333335
ARI,2023,6,40.666668,1.0,0.0,4.0
ARI,2023,7,45.333332,0.5,5.6,2.6666667
ARI,2023,8,49.55,1.0,3.6666667,2.2
ARI,2023,9,44.253967,0.8444444444444444,5.0,6.857143
ARI,2023,10,38.0,1.0,4.4,14.0
ARI,2023,11,52.0,1.0,5.75,1.5
ARI,2023,12,45.6,0.0,0.0,0.0
ARI,2023,13,44.4,1.0,8.0,6.0
ARI,2023,15,56.0,1.0,0.0,0.0
ARI,2023,16,51.36667,1.0,14.5,0.8
ARI,2023,18,46.266666,0.5,4.25,4.4
ARI,2024,1,36.0,1.0,17.571428,3.0
ARI,2024,2,52.5,1.0,0.0,7.5
ARI,2024,3,52.0,1.0,0.0,0.0
ARI,2024,4,44.0,0.921875,18.571428,4.0
ARI,2024,5,52.0,0.75,13.2,1.0
ARI,2024,6,52.75,1.0,22.285715,0.0
ARI,2024,7,44.5,1.0,10.8,0.0
ARI,2024,8,53.333332,1.0,3.0,0.0
ARI,2024,9,30.5,1.0,0.0,16.25
ARI,2024,10,40.0,1.0,0.0,0.0
ARI,2024,12,51.666668,0.6666666666666666,19.75,0.0
ARI,2024,13,37.0,0.8333333333333334,4.3333335,5.0
ARI,2024,14,40.8,0.5,0.0,4.2
ARI,2024,15,42.0,1.0,0.0,6.5
ARI,2024,16,36.733334,1.0,5.2,2.6
ARI,2024,17,38.5,1.0,7.0,2.5
ARI,2024,18,33.0,1.0,0.0,12.0
ARI,2025,1,39.5,0.6666666666666666,18.25,7.5
ARI,2025,2,47.0,1.0,21.75,14.5
ARI,2025,3,48.93333,0.6666666666666666,23.0,2.6666667
ARI,2025,4,45.5,1.0,25.2,5.0
ARI,2025,5,49.22857,0.8888888888888888,18.0,3.2
ARI,2025,6,42.0,1.0,22.8,4.0
ARI,2025,7,37.666668,1.0,17.6,4.3333335
ATL,2022,1,36.6,0.8,0.0,8.4
ATL,2022,2,44.0,0.5,3.857143,5.8958335
ATL,2022,3,70.0,1.0,0.0,3.0
ATL,2022,4,45.0,1.0,0.0,6.0
ATL,2022,5,41.333332,0.0,17.25,7.0
ATL,2022,6,27.0,0.8416666666666667,9.333333,16.0
ATL,2022,7,15.0,1.0,0.0,32.0
ATL,2022,8,46.166668,1.0,9.25,6.3333335
ATL,2022,9,51.0,0.5,0.0,0.0
ATL,2022,10,30.199999,1.0,13.714286,4.6
ATL,2022,11,38.583332,1.0,29.4,7.75
ATL,2022,12,40.666668,0.6666666666666666,5.6,0.0
ATL,2022,13,45.666668,1.0,9.166667,0.0
ATL,2022,15,38.35,1.0,0.75,3.25
ATL,2022,16,37.333332,1.0,13.4,0.0
ATL,2022,17,49.333332,1.0,3.8333333,0.0
ATL,2022,18,51.333332,1.0,4.25,0.0
ATL,2023,1,47.342857,1.0,0.0,0.8
ATL,2023,2,40.0,1.0,3.8,5.0
ATL,2023,3,47.333336,0.6666666666666666,5.4,1.8333334
ATL,2023,4,54.2,0.8888888888888888,0.0,0.0
ATL,2023,5,38.333332,1.0,5.8333335,1.6666666
ATL,2023,6,44.833336,1.0,0.0,1.8333334
ATL,2023,7,41.666668,1.0,6.25,3.0
ATL,2023,8,50.083332,1.0,7.8,0.75
ATL,2023,9,43.75,1.0,0.625,0.0
ATL,2023,10,48.083332,1.0,0.0,2.6666667
ATL,2023,12,36.5,1.0,7.1666665,9.0
ATL,2023,13,43.11111,1.0,0.0,5.0
ATL,2023,14,35.5,0.3333333333333333,0.0,9.5
ATL,2023,15,37.8,0.8888888888888888,14.333333,1.8
ATL,2023,16,41.916668,1.0,0.0,2.75
ATL,2023,17,35.916668,0.3333333333333333,0.0,6.75
ATL,2023,18,47.8,1.0,0.0,3.0
ATL,2024,1,43.166668,1.0,9.333333,9.333333
ATL,2024,2,39.0,1.0,4.4,5.5
ATL,2024,3,50.0,1.0,9.333333,4.0
ATL,2024,4,44.0,1.0,7.8,0.0
ATL,2024,5,35.0,0.6,0.0,0.0
ATL,2024,6,42.333332,1.0,5.0,9.666667
ATL,2024,7,44.333332,0.0,6.142857,0.0
ATL,2024,8,28.666668,0.5,12.2,14.0
ATL,2024,9,47.333332,0.709375,23.75,1.6666666
ATL,2024,10,46.4,0.25,28.6,1.6
ATL,2024,11,42.666668,1.0,0.0,7.3333335
ATL,2024,13,37.666668,0.6666666666666666,0.0,3.3333333
ATL,2024,14,47.5,1.0,4.428571,5.5
ATL,2024,15,41.166668,0.6666666666666666,16.5,3.0
ATL,2024,16,42.8,0.6666666666666666,0.0,1.2
ATL,2024,17,39.333332,0.5,11.6,7.6666665
ATL,2025,1,39.416668,0.6666666666666666,25.0,7.25
ATL,2025,2,45.666668,1.0,10.5,0.0
ATL,2025,3,32.0,0.0,8.285714,0.0
ATL,2025,4,46.0,1.0,21.333334,0.0
ATL,2025,6,43.333332,0.5,21.0,1.6666666
ATL,2025,7,44.666668,1.0,21.2,6.0
ATL,2025,8,42.583332,1.0,18.714285,3.6666667
BAL,2022,1,45.666668,1.0,0.0,2.8333333
BAL,2022,2,38.0,1.0,14.714286,2.5
BAL,2022,3,16.833332,1.0,5.0,27.5
BAL,2022,4,50.666668,1.0,8.0,0.0
BAL,2022,5,38.5,1.0,3.75,1.0
BAL,2022,6,44.5,0.6666666666666666,0.0,3.0
BAL,2022,7,45.0,1.0,0.0,15.333333
BAL,2022,8,47.1,0.6666666666666666,14.4,5.4
BAL,2022,9,48.25,1.0,3.0,0.0
BAL,2022,11,35.02381,1.0,0.0,0.8333333
BAL,2022,12,53.0,0.8,5.8333335,0.0
BAL,2022,13,50.07143,1.0,15.5,0.42857143
BAL,2022,14,38.333332,1.0,19.333334,3.0
BAL,2022,15,38.666668,0.3333333333333333,10.25,2.3333333
BAL,2022,16,33.666664,0.75,21.666666,4.6666665
BAL,2022,17,43.75,1.0,16.6,1.0
BAL,2022,18,44.52381,1.0,8.5,1.1428572
BAL,2022,19,38.666664,1.0,13.0,8.666667
BAL,2023,1,49.8,1.0,6.0,0.0
BAL,2023,2,57.833332,0.6666666666666666,0.0,0.6666667
BAL,2023,3,40.57143,0.5,2.857143,6.428571
BAL,2023,4,41.839287,0.8725490196078431,22.0,5.875
BAL,2023,5,28.633333,1.0,0.0,2.1666667
BAL,2023,6,30.466667,1.0,10.25,18.2
BAL,2023,7,56.0,1.0,0.0,0.0
BAL,2023,8,40.65,0.5,0.0,7.75
BAL,2023,9,52.642857,1.0,0.0,3.857143
BAL,2023,10,47.666668,0.5,4.285714,6.0
BAL,2023,11,44.5,1.0,0.0,1.0
BAL,2023,12,39.333332,0.6666666666666666,0.0,1.0
BAL,2023,14,29.583334,1.0,2.625,18.166666
BAL,2023,15,42.0,1.0,0.0,1.0
BAL,2023,16,31.833332,1.0,11.0,11.5
BAL,2023,17,33.5,0.8725490196078431,20.2,2.0
BAL,2023,18,53.857143,1.0,0.0,0.0
BAL,2023,20,40.05,1.0,17.666666,2.2
BAL,2023,21,46.7,1.0,0.0,3.5
BAL,2024,1,36.5,0.6666666666666666,0.0,1.0
BAL,2024,2,38.25,0.75,6.571429,5.0
BAL,2024,3,35.5,0.0,12.75,7.25
BAL,2024,4,38.583332,0.7678571428571429,0.0,5.6666665
BAL,2024,5,53.8,1.0,3.142857,2.2
BAL,2024,6,48.666668,1.0,17.333334,1.3333334
BAL,2024,7,43.5,1.0,18.0,0.0
BAL,2024,8,48.916668,0.5,19.142857,3.3333333
BAL,2024,9,38.5,1.0,10.0,10.5
BAL,2024,10,46.2,0.7678571428571429,6.0,0.0
BAL,2024,11,52.0,0.3333333333333333,15.571428,2.25
BAL,2024,12,54.333332,1.0,0.0,0.0
BAL,2024,13,45.083332,0.5,12.4,2.6666667
BAL,2024,15,38.666668,0.7678571428571429,27.0,7.3333335
BAL,2024,16,31.8,1.0,0.0,3.2
BAL,2024,17,40.083332,1.0,23.0,1.1666666
BAL,2024,18,41.55,0.7678571428571429,15.666667,3.2
BAL,2024,19,44.95,0.7678571428571429,0.0,0.8
BAL,2025,1,49.166668,1.0,23.857143,1.5
BAL,2025,2,47.2,1.0,19.75,4.6
BAL,2025,3,42.0,1.0,15.0,10.333333
BAL,2025,4,50.0,1.0,20.5,0.0
BAL,2025,5,29.5,0.5,20.666666,16.0
BAL,2025,6,35.5,1.0,15.25,17.5
BAL,2025,8,47.5,1.0,30.8,0.0
BUF,2022,2,41.5,1.0,0.0,6.8333335
BUF,2022,3,23.0,0.5,3.4,8.0
BUF,2022,4,43.0,1.0,9.2,2.3333333
BUF,2022,5,55.0,0.5,18.0,0.0
BUF,2022,6,52.0,1.0,6.5,2.0
BUF,2022,8,28.0,1.0,18.0,8.5
BUF,2022,9,49.5,0.5,0.0,6.0
BUF,2022,10,42.333336,1.0,22.428572,8.333333
BUF,2022,11,37.166668,1.0,19.0,12.333333
BUF,2022,12,49.25,1.0,4.3333335,0.0
BUF,2022,13,44.666664,1.0,13.0,0.6666667
BUF,2022,14,37.375,1.0,13.333333,6.0
BUF,2022,15,43.0,1.0,10.857142,0.0
BUF,2022,16,48.416668,0.0,18.75,5.25
BUF,2022,18,40.166668,0.8529411764705882,47.0,1.5
BUF,2022,19,44.966667,1.0,8.0,2.8333333
BUF,2022,20,44.75,1.0,15.0,0.0
BUF,2023,1,46.0,1.0,0.0,1.0
BUF,2023,2,54.0,1.0,13.666667,0.0
BUF,2023,3,61.0,1.0,0.0,9.0
BUF,2023,4,46.5,1.0,10.75,0.0
BUF,2023,5,41.2,0.8020833333333334,0.0,1.8
BUF,2023,6,41.583332,0.0,0.0,0.75
BUF,2023,7,51.5,0.5,8.285714,3.5
BUF,2023,8,36.833332,1.0,2.25,8.166667
BUF,2023,9,42.333332,1.0,8.8,0.0
BUF,2023,10,41.666668,0.8020833333333334,3.8,3.0
BUF,2023,11,28.833334,1.0,0.0,5.8333335
BUF,2023,12,35.35,0.5,3.5714285,7.4
BUF,2023,14,42.25,1.0,5.75,4.25
BUF,2023,15,41.1,1.0,9.333333,6.4
BUF,2023,16,49.5,1.0,2.4285715,2.75
BUF,2023,17,43.666668,1.0,10.5,4.5
BUF,2023,18,21.8,0.8020833333333334,0.0,19.2
BUF,2023,19,48.0,0.3333333333333333,4.75,0.0
BUF,2023,20,39.5,0.5,4.5,0.0
BUF,2024,1,39.0,1.0,10.6,3.5
BUF,2024,2,49.666668,0.5,8.333333,0.0
BUF,2024,3,28.5,1.0,10.666667,20.5
BUF,2024,4,46.666668,0.5,0.0,1.5
BUF,2024,5,49.125,1.0,6.5,1.0
BUF,2024,6,53.0,0.5,6.0,0.0
BUF,2024,7,28.2,1.0,9.0,11.2
BUF,2024,8,40.25,1.0,13.666667,8.75
BUF,2024,9,20.0,1.0,0.0,29.0
BUF,2024,10,50.5,1.0,9.8,4.0
BUF,2024,11,28.0,1.0,5.75,14.0
BUF,2024,13,40.666668,0.0,14.333333,6.0
BUF,2024,14,33.666668,0.8508771929824562,4.25,0.0
BUF,2024,15,44.333332,0.6666666666666666,6.3333335,6.6666665
BUF,2024,16,42.75,1.0,15.333333,0.0
BUF,2024,17,35.0,1.0,19.25,10.666667
BUF,2024,18,40.75,1.0,13.833333,0.0
BUF,2024,19,37.5,1.0,29.5,7.5
BUF,2024,20,50.0,1.0,5.0,6.699123
BUF,2024,21,47.5,1.0,4.6666665,3.0
BUF,2025,1,39.5,1.0,27.571428,0.0
BUF,2025,2,40.190475,1.0,23.5,3.142857
BUF,2025,3,43.75,0.5,23.75,3.75
BUF,2025,4,39.5,1.0,23.75,2.0
BUF,2025,5,35.0,1.0,25.4,0.0
BUF,2025,6,40.25,0.9166666666666666,22.8,5.25
BUF,2025,8,45.166668,1.0,14.666667,3.5
CAR,2022,1,47.5,1.0,5.0,2.5
CAR,2022,2,39.0,1.0,12.5,3.4
CAR,2022,3,43.166664,1.0,27.0,3.6666667
CAR,2022,4,42.916668,1.0,10.333333,9.333333
CAR,2022,5,51.333332,0.75,28.571428,0.0
CAR,2022,6,49.314285,1.0,4.8,2.4
CAR,2022,7,51.42857,0.961111111111111,0.0,0.0
CAR,2022,8,35.5,0.6666666666666666,0.0,11.5
CAR,2022,9,52.333332,0.961111111111111,13.714286,1.6666666
CAR,2022,10,43.2,1.0,3.0,0.0
CAR,2022,11,44.595238,1.0,2.6666667,-0.42857143
CAR,2022,12,44.714287,1.0,0.0,6.285714
CAR,2022,14,49.5,1.0,6.0,4.0
CAR,2022,15,48.5,1.0,12.0,0.0
CAR,2022,16,36.25,1.0,15.333333,2.75
CAR,2022,17,49.0,1.0,6.0,1.2
CAR,2022,18,46.43333,1.0,9.0,0.4
CAR,2023,1,51.2,1.0,0.0,2.0
CAR,2023,2,44.8,1.0,0.0,3.0
CAR,2023,3,50.7,0.6666666666666666,4.111111,-1.5
CAR,2023,4,37.05,1.0,6.0,8.75
CAR,2023,5,36.5,1.0,10.714286,1.5
CAR,2023,6,42.0,0.0,4.428571,5.25
CAR,2023,8,48.75,1.0,35.666668,2.0
CAR,2023,9,37.1,1.0,7.6666665,6.4
CAR,2023,10,32.166664,0.6666666666666666,6.75,13.166667
CAR,2023,11,43.733334,1.0,4.142857,4.6666665
CAR,2023,12,45.714287,1.0,23.666666,1.2857143
CAR,2023,13,42.125,1.0,0.0,3.75
CAR,2023,14,42.8,0.6666666666666666,7.4,0.2
CAR,2023,15,47.0,1.0,0.0,0.0
CAR,2023,16,50.333332,1.0,16.285715,0.0
CAR,2023,17,46.5,0.8125,0.0,3.0
CAR,2023,18,32.5,0.0,13.0,8.5
CAR,2024,1,38.2,1.0,23.2,0.0
CAR,2024,2,40.095238,1.0,16.2,4.3333335
CAR,2024,3,37.65,1.0,18.333334,6.6
CAR,2024,4,45.666668,1.0,0.0,5.3333335
CAR,2024,5,46.5,0.5,14.428572,5.0
CAR,2024,6,28.0,1.0,11.125,12.0
CAR,2024,7,50.4,0.8642857142857142,14.777778,0.0
CAR,2024,8,49.4,0.8642857142857142,0.0,0.0
CAR,2024,9,37.2,1.0,8.833333,6.0
CAR,2024,10,44.342857,1.0,12.75,3.8
CAR,2024,12,46.5,1.0,0.0,5.0
CAR,2024,13,36.4,0.6,0.0,2.0
CAR,2024,14,41.0,1.0,18.0,4.0
CAR,2024,15,47.5,0.8642857142857142,12.571428,0.0
CAR,2024,16,43.266666,1.0,12.285714,1.3333334
CAR,2024,17,37.666668,0.0,2.1111112,0.0
CAR,2024,18,51.666668,1.0,0.0,3.4625
CAR,2025,1,43.0,1.0,7.1666665,0.0
CAR,2025,2,41.5,1.0,18.833334,6.0
CAR,2025,3,45.0,1.0,21.0,0.0
CAR,2025,4,41.45,0.0,19.857143,4.75
CAR,2025,5,53.666668,1.0,22.6,0.0
CAR,2025,6,49.0,1.0,6.6666665,0.0
CAR,2025,7,39.0,1.0,15.0,7.0
CAR,2025,8,48.416668,0.5,19.5,4.3333335
CHI,2022,1,46.166668,0.9358974358974359,16.0,0.0
CHI,2022,2,49.5,1.0,19.166666,0.0
CHI,2022,3,45.3,1.0,10.4,0.2
CHI,2022,4,49.0,1.0,8.8,3.8
CHI,2022,5,56.0,1.0,7.8,0.0
CHI,2022,6,43.583332,0.9358974358974359,5.5,2.6666667
CHI,2022,7,32.25,1.0,16.333334,8.25
CHI,2022,8,46.25,1.0,2.75,4.5
CHI,2022,9,25.666666,1.0,5.0,2.0
CHI,2022,10,32.0,1.0,11.166667,11.0
CHI,2022,11,40.0,0.5,11.0,0.0
CHI,2022,12,42.8,1.0,0.0,6.0
CHI,2022,13,33.0,0.6666666666666666,23.666666,6.0
CHI,2022,15,30.0,0.9358974358974359,10.6,12.0
CHI,2022,16,45.25,1.0,18.833334,4.0
CHI,2022,17,42.52381,1.0,7.875,3.3333333
CHI,2022,18,39.0,0.9358974358974359,11.714286,-2.0
CHI,2023,1,49.8,1.0,14.0,3.2
CHI,2023,2,46.4,1.0,0.0,0.0
CHI,2023,3,45.8,1.0,0.0,0.0
CHI,2023,4,43.0,0.9366666666666668,0.0,2.0
CHI,2023,5,35.166668,1.0,0.0,8.5
CHI,2023,6,41.6,1.0,18.0,2.4
CHI,2023,7,40.0,1.0,12.25,0.0
CHI,2023,8,35.0,0.9366666666666668,3.4285715,7.0
CHI,2023,9,47.5,0.5,0.0,0.0
CHI,2023,10,44.666668,1.0,6.0,2.0
CHI,2023,11,45.5,1.0,0.0,0.0
CHI,2023,12,45.666668,0.8,14.0,0.0
CHI,2023,14,29.0,1.0,17.0,14.0
CHI,2023,15,42.244442,1.0,0.0,2.5555556
CHI,2023,16,50.166668,1.0,6.5,1.8333334
CHI,2023,17,42.416668,0.75,13.5,6.3333335
CHI,2023,18,45.666668,1.0,28.25,3.113889
CHI,2024,1,32.2,1.0,16.75,12.8
CHI,2024,2,47.166664,1.0,8.333333,0.16666667
CHI,2024,3,41.533333,0.5,6.5,0.8
CHI,2024,4,39.4,1.0,4.5,16.0
CHI,2024,5,43.0,1.0,26.666666,1.5
CHI,2024,6,61.5,0.0,0.0,0.0
CHI,2024,8,46.514286,0.8452380952380952,17.0,2.2
CHI,2024,9,51.25,1.0,0.0,3.25
CHI,2024,10,34.275,1.0,8.75,7.6
CHI,2024,11,41.5,0.6666666666666666,13.75,0.0
CHI,2024,12,47.416668,0.6666666666666666,7.857143,1.25
CHI,2024,13,55.75,0.8452380952380952,4.0,0.0
CHI,2024,14,45.666668,0.8452380952380952,5.0,7.0
CHI,2024,15,43.333332,1.0,4.142857,4.0
CHI,2024,16,31.333332,1.0,10.285714,9.0
CHI,2024,17,43.214287,1.0,7.3333335,3.5
CHI,2024,18,10.999998,1.0,16.5,31.333334
CHI,2025,1,39.04762,0.5,20.833334,5.285714
CHI,2025,2,47.666668,0.8416666666666667,26.875,5.3333335
CHI,2025,3,28.5,1.0,10.25,15.5
CHI,2025,4,30.333332,1.0,24.4,19.0
CHI,2025,6,53.0,0.8,24.0,0.0
CHI,2025,7,37.0,1.0,15.666667,6.0
CHI,2025,8,50.0,0.75,22.428572,4.0
CIN,2022,1,48.791668,0.6666666666666666,0.0,3.875
CIN,2022,2,43.2,1.0,0.0,4.0
CIN,2022,3,39.666664,0.6666666666666666,0.0,7.6666665
CIN,2022,4,32.083332,1.0,0.0,7.6666665
CIN,2022,5,38.5,1.0,10.8,0.0
CIN,2022,6,32.666668,1.0,8.857142,11.0
CIN,2022,7,39.833332,0.8240740740740741,10.333333,6.6666665
CIN,2022,8,29.25,0.0,11.2,7.5
CIN,2022,9,29.6,0.0,9.25,10.4
CIN,2022,11,50.333332,1.0,24.8,3.6666667
CIN,2022,12,49.8,1.0,2.8,2.0
CIN,2022,13,30.0,1.0,5.4,10.0
CIN,2022,14,37.5,1.0,0.0,3.5
CIN,2022,15,45.0,1.0,12.0,0.0
CIN,2022,16,37.5,0.5,23.75,5.8333335
CIN,2022,18,47.714287,1.0,9.6,4.0
CIN,2022,19,47.333332,1.0,10.5,3.0
CIN,2022,20,30.25,1.0,7.0,6.25
CIN,2022,21,47.75,1.0,8.0,1.25
CIN,2023,1,37.47143,0.5,7.5,3.4285715
CIN,2023,2,-0.5,1.0,0.0,40.5
CIN,2023,3,34.7,0.8,0.0,7.5
CIN,2023,4,50.4,1.0,4.1666665,1.0
CIN,2023,5,31.333332,1.0,0.0,17.0
CIN,2023,6,45.333336,1.0,6.75,0.33333334
CIN,2023,8,44.0,0.5,13.25,2.6666667
CIN,2023,9,35.666664,1.0,15.25,3.6666667
CIN,2023,10,49.8,1.0,4.1666665,2.0
CIN,2023,11,37.4,0.6666666666666666,0.0,6.0
CIN,2023,12,41.833332,1.0,13.2,0.0
CIN,2023,13,30.8,0.6666666666666666,6.8333335,2.2
CIN,2023,14,33.75,1.0,0.0,3.0
CIN,2023,15,42.0,1.0,0.0,6.0
CIN,2023,16,43.0,1.0,0.0,1.0
CIN,2023,17,46.5,1.0,0.0,1.0
CIN,2023,18,41.809525,1.0,14.666667,3.857143
CIN,2024,1,60.1,1.0,0.0,4.4
CIN,2024,2,44.5,1.0,9.6,4.5
CIN,2024,4,55.166668,1.0,21.2,1.5
CIN,2024,5,46.266666,0.0,3.375,4.3333335
CIN,2024,6,43.083332,1.0,15.5,3.25
CIN,2024,7,38.67857,0.0,50.0,5.571429
CIN,2024,9,53.13333,1.0,8.6,5.2
CIN,2024,10,42.13333,0.7291666666666666,2.8333333,-0.8
CIN,2024,11,44.333332,0.5,10.833333,5.6666665
CIN,2024,13,43.5,1.0,18.25,0.0
CIN,2024,14,34.083332,1.0,13.4,6.25
CIN,2024,15,21.0,1.0,8.0,15.0
CIN,2024,16,45.25,0.5,24.5,6.25
CIN,2024,17,46.0,0.5,16.333334,1.0
CIN,2024,18,43.86667,1.0,33.25,4.8
CIN,2025,1,41.166668,1.0,17.5,11.5
CIN,2025,2,49.833332,1.0,25.666666,5.5
CIN,2025,3,52.86667,1.0,18.625,1.8
CIN,2025,4,46.375,1.0,9.6,4.0
CIN,2025,5,53.8,1.0,25.666666,1.2
CIN,2025,6,46.25,0.3333333333333333,15.0,6.5
CIN,2025,7,45.0,1.0,21.333334,0.0
CIN,2025,8,58.0,1.0,16.285715,0.0
CLE,2022,1,40.95,1.0,5.8,5.8
CLE,2022,2,48.75,1.0,13.4,3.25
CLE,2022,3,38.399998,1.0,6.75,2.2
CLE,2022,4,45.666668,1.0,5.6666665,2.3333333
CLE,2022,5,59.5,0.0,9.142858,0.0
CLE,2022,6,42.583332,1.0,15.142858,1.75
CLE,2022,7,53.0,0.6666666666666666,4.5,4.6666665
CLE,2022,8,30.75,0.5,3.6666667,2.75
CLE,2022,10,41.0,1.0,11.875,3.470982
CLE,2022,11,42.333332,0.5,5.4444447,0.0
CLE,2022,12,46.5,0.5,16.75,8.333333
CLE,2022,13,39.54762,1.0,12.0,12.285714
CLE,2022,14,52.0,1.0,17.4,3.0
CLE,2022,15,51.666668,0.5,10.5,0.0
CLE,2022,16,40.1,1.0,31.666666,2.5
CLE,2022,17,41.75,1.0,7.6666665,5.0
CLE,2022,18,46.833332,0.7916666666666666,15.5,1.6666666
CLE,2023,1,45.785713,1.0,0.0,1.5
CLE,2023,2,47.6,0.6666666666666666,0.0,0.0
CLE,2023,3,44.7619,1.0,13.0,1.5714285
CLE,2023,4,43.19643,1.0,0.0,3.4285715
CLE,2023,6,47.166668,0.8,10.5,7.3333335
CLE,2023,7,50.0,1.0,6.571429,4.4
CLE,2023,8,41.333332,1.0,3.0,6.0
CLE,2023,9,52.46032,0.6666666666666666,0.0,6.111111
CLE,2023,10,44.5,1.0,5.5,0.0
CLE,2023,11,43.38889,1.0,0.0,4.111111
CLE,2023,12,58.533333,1.0,0.0,1.8
CLE,2023,13,41.2,1.0,0.0,6.0
CLE,2023,14,48.785713,1.0,7.25,2.7142856
CLE,2023,15,41.033333,1.0,3.75,2.3
CLE,2023,16,46.333332,0.9422222222222222,18.0,3.0
CLE,2023,17,51.666668,1.0,0.0,0.0
CLE,2023,18,46.857143,0.9422222222222222,3.1666667,1.0
CLE,2023,19,43.5,0.9422222222222222,0.0,0.5
CLE,2024,1,39.0,1.0,12.125,12.0
CLE,2024,2,35.266666,1.0,5.0,8.333333
CLE,2024,3,45.57143,0.0,0.0,5.428571
CLE,2024,4,55.7,1.0,18.4,7.5
CLE,2024,5,45.07143,1.0,21.857143,6.5
CLE,2024,6,47.083332,0.75,0.0,8.666667
CLE,2024,7,45.339287,0.0,7.75,5.375
CLE,2024,8,39.666668,1.0,11.8,9.0
CLE,2024,9,46.0,0.5,9.4,7.0
CLE,2024,11,45.6,0.0,6.1666665,0.0
CLE,2024,12,30.666666,1.0,14.4,0.0
CLE,2024,13,50.4,0.5,2.625,1.6
CLE,2024,14,37.86667,0.0,9.333333,7.3333335
CLE,2024,15,46.61111,0.65,29.25,1.5555556
CLE,2024,16,36.0,0.65,15.5,7.5
CLE,2024,17,48.714287,1.0,5.75,1.2857143
CLE,2024,18,43.2,1.0,21.0,0.0
CLE,2025,1,41.666668,0.5,26.25,6.8333335
CLE,2025,2,37.166668,1.0,13.428572,0.0
CLE,2025,3,45.5,1.0,18.333334,3.0
CLE,2025,4,44.857143,0.5,18.428572,0.0
CLE,2025,5,38.8,1.0,26.0,6.2
CLE,2025,6,45.0,1.0,24.333334,4.5
CLE,2025,7,41.25,1.0,18.5,1.75
CLE,2025,8,37.916668,0.0,21.833334,2.3333333
DAL,2022,1,49.8,1.0,12.833333,1.0
DAL,2022,2,36.600002,1.0,0.0,6.8
DAL,2022,3,35.166668,0.75,4.8,9.333333
DAL,2022,4,43.166668,1.0,0.0,-0.5
DAL,2022,5,45.6,1.0,0.0,2.4
DAL,2022,6,50.5,0.5,16.0,9.0
DAL,2022,7,26.599998,1.0,0.0,22.0
DAL,2022,8,67.25,0.875,4.2,3.75
DAL,2022,10,46.45,0.875,10.833333,2.75
DAL,2022,11,45.642857,1.0,0.0,4.857143
DAL,2022,12,51.0,0.0,0.0,0.0
DAL,2022,13,49.5,0.875,12.8,0.0
DAL,2022,14,50.083332,1.0,5.4,2.25
DAL,2022,15,40.916668,1.0,11.666667,5.3333335
DAL,2022,16,57.0,1.0,4.428571,4.335053
DAL,2022,17,34.533333,1.0,0.0,5.8
DAL,2022,18,45.942856,0.875,8.5,1.8571428
DAL,2022,19,45.85,0.875,17.5,1.4
DAL,2022,20,46.75,1.0,24.0,0.0
DAL,2023,1,43.0,1.0,0.0,5.6666665
DAL,2023,2,51.666668,1.0,0.0,0.0
DAL,2023,3,51.0,1.0,0.0,0.0
DAL,2023,4,53.4,1.0,0.0,2.6
DAL,2023,5,48.3,1.0,9.714286,2.5
DAL,2023,6,49.25,1.0,5.25,3.0
DAL,2023,8,46.5,1.0,16.0,0.0
DAL,2023,9,36.4,1.0,15.8,4.6
DAL,2023,10,45.214287,0.9607843137254901,2.75,1.2857143
DAL,2023,11,58.666668,1.0,0.0,0.0
DAL,2023,12,51.0,1.0,0.0,1.6666666
DAL,2023,14,48.0,1.0,7.5,0.0
DAL,2023,15,55.0,1.0,7.1666665,0.0
DAL,2023,16,58.333332,1.0,0.16666667,1.0
DAL,2023,17,45.25,1.0,0.0,0.0
DAL,2023,19,40.0,1.0,15.875,0.0
DAL,2024,1,35.285713,1.0,8.5,13.714286
DAL,2024,2,53.0,1.0,15.125,0.0
DAL,2024,3,52.25,1.0,11.6,0.0
DAL,2024,4,55.0,0.6666666666666666,0.0,0.0
DAL,2024,5,45.0,0.6666666666666666,9.5,0.0
DAL,2024,6,46.5,1.0,19.4,2.2842262
DAL,2024,8,45.25,1.0,16.428572,3.25
DAL,2024,9,38.93333,1.0,5.6,7.4
DAL,2024,10,50.666668,1.0,11.857142,0.0
DAL,2024,11,41.0,0.5,8.0,0.0
DAL,2024,12,40.0,0.5,44.4,-0.33333334
DAL,2024,13,47.8,1.0,0.0,-0.6
DAL,2024,14,42.833332,1.0,0.0,6.6666665
DAL,2024,15,55.25,0.75,21.333334,1.25
DAL,2024,16,44.2,1.0,0.0,5.0
DAL,2024,17,49.5,0.0,6.857143,0.0
DAL,2024,18,49.3,1.0,6.0,0.2
DAL,2025,1,43.5,1.0,20.2,0.0
DAL,2025,2,47.083332,1.0,23.222221,0.6666667
DAL,2025,3,44.0,1.0,15.5,7.0
DAL,2025,4,47.5,1.0,25.0,0.0
DAL,2025,5,43.6,1.0,10.666667,2.0
DAL,2025,6,38.166668,1.0,13.0,9.5
DAL,2025,7,41.86667,1.0,20.0,0.8
DAL,2025,8,50.4,1.0,10.75,0.0
DEN,2022,1,34.5,0.75,12.75,1.5
DEN,2022,2,31.0,1.0,4.25,11.8
DEN,2022,3,46.314285,0.5,3.5,1.2857143
DEN,2022,4,31.7,1.0,0.0,16.5
DEN,2022,5,44.942856,0.75,4.0,0.85714287
DEN,2022,6,46.142857,1.0,4.3333335,0.0
DEN,2022,7,39.75,0.5,0.0,0.25
DEN,2022,8,47.333332,0.8,8.75,3.6666667
DEN,2022,10,43.916668,1.0,4.5,1.75
DEN,2022,11,40.0,0.75,8.2,6.75
DEN,2022,12,52.42857,0.5,11.5,0.0
DEN,2022,13,37.97619,0.75,10.666667,3.1666667
DEN,2022,14,40.57143,0.8,4.142857,7.0
DEN,2022,15,40.966667,0.5,4.75,3.8333333
DEN,2022,16,50.0,1.0,2.9,4.10997
DEN,2022,17,44.0,1.0,4.0,7.4
DEN,2022,18,47.6,1.0,0.0,0.0
DEN,2023,1,40.0,0.5,13.75,0.0
DEN,2023,2,29.666668,1.0,0.0,15.0
DEN,2023,3,46.8,1.0,11.0,0.0
DEN,2023,4,28.25,1.0,0.0,12.5
DEN,2023,5,45.25,1.0,0.0,0.0
DEN,2023,6,34.8,0.85,0.0,10.0
DEN,2023,7,40.333332,1.0,0.0,3.6666667
DEN,2023,8,26.0,0.5,9.333333,15.5
DEN,2023,10,33.733334,1.0,7.75,14.666667
DEN,2023,11,54.25,1.0,0.0,0.0
DEN,2023,12,44.533333,1.0,0.0,0.6666667
DEN,2023,13,43.333332,1.0,7.3333335,1.0
DEN,2023,14,39.714287,1.0,0.0,5.0
DEN,2023,15,51.8,1.0,5.0,0.0
DEN,2023,16,34.571426,0.0,4.8333335,8.428572
DEN,2023,17,45.1,0.75,0.0,3.5
DEN,2023,18,47.35,0.85,9.166667,8.25
DEN,2024,1,39.225,1.0,8.625,9.4
DEN,2024,2,50.0,1.0,0.0,2.5
DEN,2024,3,41.25,1.0,0.0,6.75
DEN,2024,4,41.660713,0.5,0.0,0.71428573
DEN,2024,5,32.36667,1.0,20.333334,10.8
DEN,2024,6,44.1,1.0,5.1666665,2.5
DEN,2024,7,40.833332,1.0,30.0,2.1666667
DEN,2024,8,51.0,0.8529411764705882,0.0,0.0
DEN,2024,9,39.0,1.0,14.5,9.0
DEN,2024,10,40.2,0.0,0.0,7.0
DEN,2024,11,33.6,1.0,0.0,11.4
DEN,2024,12,42.5,1.0,0.0,5.5
DEN,2024,13,49.533333,1.0,0.0,1.6666666
DEN,2024,15,28.433332,1.0,0.0,19.4
DEN,2024,16,45.6,1.0,0.0,0.0
DEN,2024,17,41.5,1.0,5.4,0.0
DEN,2024,18,44.0,1.0,0.0,0.0
DEN,2024,19,48.0,0.0,2.2857144,0.0
DEN,2025,1,42.125,1.0,16.4,5.875
DEN,2025,2,44.666668,0.0,20.333334,5.3828235
DEN,2025,3,35.942856,1.0,28.2,11.2
DEN,2025,4,46.75,0.8571428571428571,29.0,3.0
DEN,2025,5,40.857143,1.0,20.75,6.0
DEN,2025,6,46.92857,1.0,26.0,1.5714285
DEN,2025,7,45.666668,1.0,16.0,4.8333335
DEN,2025,8,34.8,1.0,23.8,5.2
DET,2022,1,41.25,0.8452380952380952,0.0,5.0
DET,2022,2,54.06667,1.0,17.0,1.3333334
DET,2022,3,37.0,0.3333333333333333,12.0,7.6666665
DET,2022,4,48.5,1.0,6.888889,4.680357
DET,2022,5,36.0,0.8452380952380952,9.571428,8.0
DET,2022,7,45.4,1.0,0.0,2.6
DET,2022,8,54.5,1.0,2.8333333,4.0
DET,2022,9,45.333332,0.8452380952380952,22.0,0.0
DET,2022,10,46.25,1.0,6.5,0.0
DET,2022,11,48.2,1.0,20.666666,0.0
DET,2022,12,38.0,0.5,13.4,13.5
DET,2022,14,32.0,0.6666666666666666,5.25,16.0
DET,2022,15,36.666668,0.6666666666666666,8.333333,7.8333335
DET,2022,16,51.5,1.0,20.0,0.0
DET,2022,17,47.714287,1.0,0.0,2.2857144
DET,2022,18,47.0,0.6666666666666666,18.8,0.0
DET,2023,1,41.2,0.958974358974359,0.0,3.2
DET,2023,2,47.333332,1.0,0.0,5.6666665
DET,2023,3,43.5,1.0,0.0,2.1666667
DET,2023,4,39.6,1.0,5.6,5.4
DET,2023,5,44.0,0.958974358974359,5.5,0.0
DET,2023,6,39.5,0.6666666666666666,12.666667,5.5
DET,2023,7,30.0,0.958974358974359,5.857143,16.0
DET,2023,8,44.4,0.8,10.333333,3.6
DET,2023,10,23.0,1.0,0.0,6.0
DET,2023,11,48.5,0.958974358974359,3.875,0.0
DET,2023,12,41.5,0.958974358974359,16.333334,0.0
DET,2023,13,47.55,1.0,11.6,3.25
DET,2023,14,45.75,0.958974358974359,3.142857,6.0
DET,2023,15,33.65,0.958974358974359,8.666667,1.6
DET,2023,16,47.666668,1.0,0.0,0.0
DET,2023,17,40.0,1.0,0.0,8.75
DET,2023,18,31.349998,1.0,6.5,22.25
DET,2023,19,47.333332,1.0,0.0,2.0
DET,2023,20,39.1,1.0,0.0,4.5
DET,2023,21,44.0,1.0,0.0,10.0
DET,2024,1,51.5,1.0,0.0,6.0
DET,2024,2,27.1,1.0,16.2,6.4
DET,2024,3,41.4,0.9010416666666666,0.0,8.0
DET,2024,4,44.666668,0.9010416666666666,5.2,2.0
DET,2024,7,47.083332,1.0,0.0,7.6666665
DET,2024,8,29.333334,1.0,24.0,31.666666
DET,2024,9,49.75,1.0,16.5,0.0
DET,2024,10,44.0,1.0,0.0,3.0
DET,2024,12,40.5,1.0,0.0,7.5
DET,2024,13,39.5,0.75,5.75,10.5
DET,2024,14,46.0,1.0,0.0,0.0
DET,2024,15,55.666668,0.0,0.0,0.0
DET,2024,16,44.0,0.6666666666666666,20.75,3.0
DET,2024,18,43.333332,1.0,0.0,7.6666665
DET,2024,20,43.0,1.0,14.25,0.0
DET,2025,1,41.0,1.0,19.333334,6.3333335
DET,2025,2,44.25,0.5,16.0,4.75
DET,2025,3,48.666668,0.5,27.5,0.0
DET,2025,4,33.342857,1.0,27.0,10.857142
DET,2025,5,42.05,0.75,21.75,2.75
DET,2025,6,46.0,1.0,23.333334,0.0
DET,2025,7,51.2,0.5,27.0,0.0
GB,2022,1,42.35,0.875,2.3333333,2.4
GB,2022,2,56.0,1.0,8.0,5.0
GB,2022,3,44.92857,0.875,0.0,3.5
GB,2022,4,40.42857,1.0,11.0,1.5714285
GB,2022,5,35.833332,1.0,7.571429,5.5
GB,2022,6,37.0,0.5,5.3333335,3.6666667
GB,2022,7,37.6,0.875,0.0,4.0
GB,2022,8,43.0,0.5,13.4,1.5
GB,2022,9,27.666666,1.0,11.0,3.3333333
GB,2022,10,33.6,0.5,20.6,6.4
GB,2022,11,33.25,1.0,21.6,14.0
GB,2022,12,41.5,1.0,21.5,0.0
GB,2022,13,29.666668,1.0,20.4,15.0
GB,2022,15,28.0,1.0,23.75,9.0
GB,2022,16,44.0,1.0,30.4,2.0
GB,2022,17,14.5,1.0,26.25,12.5
GB,2022,18,27.5,0.75,19.75,9.5
GB,2023,1,36.3,1.0,13.75,13.5
GB,2023,2,49.75,1.0,7.857143,0.0
GB,2023,3,37.67857,1.0,6.0,0.5714286
GB,2023,4,43.3,1.0,16.571428,8.5
GB,2023,5,45.5,1.0,0.0,0.5
GB,2023,7,46.0,0.5,0.0,5.6666665
GB,2023,8,48.75,1.0,12.4,3.0
GB,2023,9,36.1,0.6666666666666666,25.5,7.4
GB,2023,10,42.35,1.0,23.166666,2.4
GB,2023,11,45.25,0.5,12.2,3.0
GB,2023,12,38.0,0.5,0.0,0.0
GB,2023,13,37.0,1.0,12.0,1.0
GB,2023,14,37.916668,0.75,6.25,1.75
GB,2023,15,47.0,1.0,4.0,0.0
GB,2023,16,45.333332,1.0,10.5,2.0
GB,2023,17,49.5,1.0,7.6666665,0.0
GB,2023,19,37.666668,0.837962962962963,0.0,0.0
GB,2023,20,38.0,0.6666666666666666,19.4,4.0
GB,2024,1,37.0,0.75,4.0,0.0
GB,2024,2,46.333332,0.75,0.0,0.0
GB,2024,3,45.05,1.0,0.0,3.75
GB,2024,4,59.8,0.0,0.0,0.2
GB,2024,5,37.2,1.0,0.0,0.0
GB,2024,6,34.25,0.6666666666666666,15.0,11.75
GB,2024,7,54.63333,1.0,9.666667,2.1666667
GB,2024,8,45.600002,1.0,0.0,2.6
GB,2024,9,40.25,0.6666666666666666,10.6,1.75
GB,2024,11,39.0,0.8431372549019608,10.2,8.0
GB,2024,12,42.083332,1.0,7.0,6.6666665
GB,2024,13,43.0,1.0,24.333334,0.0
GB,2024,14,41.666668,1.0,0.0,0.0
GB,2024,15,40.833332,1.0,24.5,1.6666666
GB,2024,16,46.5,1.0,38.0,0.0
GB,2024,17,42.25,1.0,0.0,0.0
GB,2024,18,41.666664,1.0,22.0,2.6666667
GB,2024,19,44.8,0.5,15.833333,5.2
GB,2025,1,44.0,1.0,9.75,10.666667
GB,2025,2,53.0,0.6666666666666666,19.0,0.25
GB,2025,3,51.666668,0.5,26.0,1.3333334
GB,2025,4,37.5,1.0,12.0,4.0
GB,2025,6,42.0,1.0,33.0,3.5
GB,2025,7,58.0,1.0,19.166666,0.0
GB,2025,8,46.416668,0.5,19.833334,4.25
HOU,2022,1,45.42857,1.0,0.0,0.0
HOU,2022,2,52.199997,1.0,4.4,1.4
HOU,2022,3,40.65,1.0,0.0,7.75
HOU,2022,4,50.0,0.5,4.0,2.0
HOU,2022,5,44.5,1.0,8.0,4.3333335
HOU,2022,7,54.5,0.6666666666666666,11.142858,0.5
HOU,2022,8,43.15,1.0,9.75,3.6
HOU,2022,9,52.666668,1.0,0.0,-0.6666667
HOU,2022,10,42.966667,1.0,6.4,2.8333333
HOU,2022,11,44.86667,1.0,0.0,2.8
HOU,2022,12,36.5,1.0,5.5,13.5
HOU,2022,13,43.57143,1.0,13.142858,7.0
HOU,2022,14,37.25,1.0,0.0,12.0
HOU,2022,15,41.05,1.0,0.0,5.75
HOU,2022,16,37.36667,1.0,17.0,6.8333335
HOU,2022,17,42.466667,1.0,16.5,3.2
HOU,2022,18,34.5,1.0,3.1666667,8.0
HOU,2023,1,39.2,1.0,0.0,4.8
HOU,2023,2,38.333332,0.6666666666666666,6.1666665,4.0
HOU,2023,3,43.25,1.0,24.75,0.0
HOU,2023,4,35.2,1.0,11.666667,2.8
HOU,2023,5,35.2,1.0,0.0,3.8
HOU,2023,6,47.4,1.0,4.5,0.0
HOU,2023,8,41.583332,0.8229166666666666,11.0,6.25
HOU,2023,9,56.25,1.0,6.5,1.75
HOU,2023,10,38.65,1.0,0.0,3.6
HOU,2023,11,39.0,0.0,0.0,8.0
HOU,2023,12,48.0,0.0,0.0,0.0
HOU,2023,13,49.404762,1.0,5.75,1.1666666
HOU,2023,14,46.225,0.8229166666666666,0.0,4.4
HOU,2023,15,42.541668,1.0,17.75,4.125
HOU,2023,16,39.333332,0.8229166666666666,30.5,5.0
HOU,2023,17,45.666668,1.0,21.0,6.0
HOU,2023,18,39.166668,1.0,6.0,10.5
HOU,2023,19,44.0,1.0,4.6666665,2.0
HOU,2023,20,26.650002,0.5,9.857142,16.75
HOU,2024,1,28.0,1.0,0.0,0.0
HOU,2024,2,42.666668,1.0,24.5,1.8333334
HOU,2024,3,43.0,0.0,3.857143,1.25
HOU,2024,4,40.033333,1.0,0.0,3.8
HOU,2024,5,35.95,1.0,6.2,8.25
HOU,2024,6,41.25,0.6666666666666666,6.25,5.0
HOU,2024,7,45.966667,1.0,10.5,5.2
HOU,2024,8,39.0,1.0,15.6,3.8333333
HOU,2024,9,51.333332,0.5,26.5,0.0
HOU,2024,10,44.25,0.75,0.0,10.75
HOU,2024,11,52.5,1.0,8.666667,0.0
HOU,2024,12,43.2,0.6666666666666666,24.5,4.8
HOU,2024,13,43.75,1.0,0.0,6.75
HOU,2024,15,35.0,1.0,0.0,15.0
HOU,2024,16,46.5,1.0,5.1666665,6.0
HOU,2024,17,48.166668,0.837962962962963,6.428571,0.0
HOU,2024,18,45.95,1.0,22.0,1.8
HOU,2024,19,43.75,1.0,7.0,2.0
HOU,2024,20,41.5,0.5,9.571428,0.0
HOU,2025,1,48.0,1.0,3.6666667,4.0
HOU,2025,2,37.35,1.0,26.75,13.4
HOU,2025,3,41.666668,0.5,13.25,1.8333334
HOU,2025,4,41.0,0.6666666666666666,26.0,3.0
HOU,2025,5,56.0,1.0,19.333334,3.0
HOU,2025,7,42.892857,1.0,25.666666,6.25
HOU,2025,8,45.8,1.0,23.333334,2.2
IND,2022,1,39.892857,0.6666666666666666,0.0,4.857143
IND,2022,2,41.600002,0.8177083333333334,11.6,3.8
IND,2022,3,48.0,1.0,14.25,3.3333333
IND,2022,4,28.5,0.5,0.0,5.0
IND,2022,5,39.88571,1.0,0.0,4.4
IND,2022,6,30.333334,1.0,13.6,6.3333335
IND,2022,7,19.533333,1.0,8.0,15.666667
IND,2022,8,53.583332,1.0,0.0,3.1666667
IND,2022,9,34.380955,0.5,6.571429,4.285714
IND,2022,10,42.266666,0.6666666666666666,5.25,5.4
IND,2022,11,45.75,0.75,0.0,6.25
IND,2022,12,50.0,0.5,37.5,0.0
IND,2022,13,38.666668,1.0,23.555555,1.0
IND,2022,15,43.57143,1.0,29.166666,0.0
IND,2022,16,48.666668,1.0,21.0,0.0
IND,2022,17,36.75,0.5,19.166666,0.0
IND,2022,18,55.25,1.0,14.666667,3.25
IND,2023,1,37.6,0.7510416666666666,3.1666667,4.0
IND,2023,2,44.0,1.0,0.0,0.0
IND,2023,3,39.571426,1.0,0.0,6.857143
IND,2023,4,43.916668,0.0,0.0,4.3333335
IND,2023,5,45.0,1.0,3.8,5.0
IND,2023,6,44.416668,1.0,0.0,3.25
IND,2023,7,44.4,0.5,4.75,7.6
IND,2023,8,49.85,1.0,0.0,1.75
IND,2023,9,45.45,1.0,0.0,2.75
IND,2023,10,42.05,0.5,14.0,2.75
IND,2023,12,43.75,0.6666666666666666,0.0,3.25
IND,2023,13,47.033333,1.0,6.0,4.1666665
IND,2023,14,48.5,0.0,2.4285715,0.0
IND,2023,15,19.0,0.6,0.0,9.5
IND,2023,16,48.25,1.0,0.0,0.0
IND,2023,17,49.666668,1.0,0.0,0.0
IND,2023,18,49.833332,0.75,3.6666667,4.1666665
IND,2024,1,50.666668,0.8533333333333333,15.571428,0.0
IND,2024,2,53.666668,0.5,0.0,0.0
IND,2024,3,42.666668,0.8533333333333333,7.5,6.3333335
IND,2024,4,40.833332,0.6666666666666666,0.0,1.6666666
IND,2024,5,47.0,1.0,3.625,5.5
IND,2024,6,40.800003,1.0,6.75,13.4
IND,2024,7,45.97619,1.0,6.6666665,2.1666667
IND,2024,8,45.166668,1.0,15.166667,2.0
IND,2024,9,43.333332,0.6666666666666666,0.0,6.0
IND,2024,10,54.0,1.0,0.0,0.0
IND,2024,11,42.6,1.0,19.0,7.4
IND,2024,12,51.833332,1.0,5.0,1.0
IND,2024,13,47.0,1.0,12.0,3.0
IND,2024,15,45.8,1.0,0.0,6.0
IND,2024,16,42.75,0.5,25.4,4.5
IND,2024,17,29.666666,0.6666666666666666,0.0,2.3333333
IND,2024,18,47.0,0.8,0.0,3.0
IND,2025,3,46.0,0.6666666666666666,20.8,0.0
IND,2025,4,44.5,1.0,15.166667,7.75
IND,2025,5,50.5,0.9523809523809523,24.666666,0.0
IND,2025,6,55.0,1.0,22.5,0.0
IND,2025,7,43.5,1.0,38.6,0.0
IND,2025,8,40.65,1.0,14.0,6.6
JAX,2022,1,49.333332,0.75,0.0,0.6666667
JAX,2022,2,44.199997,1.0,0.0,1.4
JAX,2022,3,51.5,1.0,0.0,4.5
JAX,2022,4,50.666664,0.9147058823529413,11.666667,2.6666667
JAX,2022,5,49.5,1.0,15.5,3.5
JAX,2022,6,47.666664,0.9147058823529413,11.142858,2.6666667
JAX,2022,7,53.0,1.0,11.333333,0.0
JAX,2022,8,43.666664,1.0,12.75,4.1666665
JAX,2022,9,50.333332,0.6666666666666666,12.4,4.0
JAX,2022,10,37.333332,0.3333333333333333,14.4,9.5
JAX,2022,12,68.666664,1.0,0.0,0.0
JAX,2022,13,45.666668,1.0,5.111111,3.7407408
JAX,2022,14,37.666664,1.0,10.5,6.6666665
JAX,2022,15,50.083332,1.0,0.0,3.25
JAX,2022,16,31.2,0.8,12.5,0.8
JAX,2022,17,37.4,1.0,10.0,6.0
JAX,2022,18,40.0,1.0,31.25,11.0
JAX,2022,19,40.533333,1.0,20.0,0.8
JAX,2022,20,42.0,1.0,21.833334,5.75
JAX,2023,1,33.0,1.0,5.0,11.6
JAX,2023,2,47.35,1.0,0.0,1.25
JAX,2023,3,47.0,0.3333333333333333,10.285714,0.0
JAX,2023,4,49.93333,1.0,0.0,3.4
JAX,2023,5,48.56667,1.0,2.5,0.8333333
JAX,2023,6,48.75,1.0,10.6,2.0
JAX,2023,7,42.55,1.0,0.0,2.25
JAX,2023,8,38.0,1.0,16.0,5.6666665
JAX,2023,10,48.6,1.0,7.3333335,5.0
JAX,2023,11,51.5,1.0,9.0,0.0
JAX,2023,12,33.0,0.75,5.0,5.5
JAX,2023,13,40.6,0.5,7.285714,0.0
JAX,2023,14,37.982143,0.7864583333333334,5.6666665,7.875
JAX,2023,15,43.666664,0.0,15.166667,5.6666665
JAX,2023,16,60.0,0.0,15.142858,5.0
JAX,2023,17,43.833336,1.0,22.0,2.8333333
JAX,2023,18,36.666668,1.0,19.8,6.3333335
JAX,2024,1,51.083332,1.0,11.0,0.75
JAX,2024,2,50.4,0.6666666666666666,2.4,1.6
JAX,2024,3,54.5,1.0,3.0,0.0
JAX,2024,4,50.266666,1.0,12.4,0.33333334
JAX,2024,5,34.0,1.0,0.0,17.0
JAX,2024,6,34.75,1.0,20.833334,13.5
JAX,2024,7,11.0,1.0,6.75,24.0
JAX,2024,8,56.199997,1.0,8.5,3.4
JAX,2024,9,43.93333,0.9523809523809524,11.5,3.6666667
JAX,2024,10,54.8,0.9523809523809524,4.8,0.0
JAX,2024,11,53.4,1.0,6.4444447,5.3177085
JAX,2024,13,46.5,0.6666666666666666,14.666667,1.25
JAX,2024,14,46.833332,1.0,11.333333,2.6666667
JAX,2024,15,43.0,1.0,10.5,4.0
JAX,2024,16,33.119045,0.9523809523809524,0.0,6.1666665
JAX,2024,17,40.333332,1.0,20.666666,3.0
JAX,2024,18,46.25,1.0,0.0,3.75
JAX,2025,1,52.0,1.0,16.0,3.5
JAX,2025,2,41.166668,1.0,16.833334,6.3333335
JAX,2025,3,46.0,0.5,16.0,2.8333333
JAX,2025,4,3.9000015,0.6666666666666666,20.6,43.5
JAX,2025,5,52.75,1.0,23.4,-0.25
JAX,2025,6,45.69643,0.0,19.2,3.4285715
JAX,2025,7,37.600002,0.0,10.0,3.8
KC,2022,1,45.2,1.0,11.25,8.8
KC,2022,2,54.5,1.0,0.0,1.0
KC,2022,3,52.666668,0.5,18.8,4.0
KC,2022,4,39.0,1.0,15.166667,4.0
KC,2022,5,44.833332,0.5,2.7142856,3.5
KC,2022,6,49.666668,0.6666666666666666,10.4,8.0
KC,2022,7,33.0,0.0,18.571428,0.0
KC,2022,9,39.791668,0.6666666666666666,7.8,7.375
KC,2022,10,43.666668,0.7280701754385965,6.6666665,1.8333334
KC,2022,11,43.666668,1.0,3.3333333,2.3333333
KC,2022,12,49.0,1.0,0.0,0.0
KC,2022,13,55.0,0.5,19.333334,0.0
KC,2022,14,63.19048,1.0,0.0,3.142857
KC,2022,15,46.65,0.5,7.8333335,1.6
KC,2022,16,37.4,1.0,19.0,3.6
KC,2022,17,49.8,0.0,0.0,2.8
KC,2022,18,46.5,1.0,0.0,2.5
KC,2022,20,45.0,1.0,0.0,5.75
KC,2022,21,27.5,1.0,15.75,10.25
KC,2022,22,10.5,0.5,0.0,38.5
KC,2023,1,46.2,1.0,0.0,3.2
KC,2023,2,46.65,1.0,4.6666665,1.6
KC,2023,3,48.4,1.0,0.0,6.6
KC,2023,4,47.0,1.0,0.0,2.0
KC,2023,5,38.666668,1.0,4.0,8.0
KC,2023,6,46.0,1.0,0.0,2.0
KC,2023,7,35.666668,1.0,0.0,10.0
KC,2023,8,41.75,1.0,2.8,-0.75
KC,2023,9,48.333332,0.9333333333333333,6.6666665,2.0
KC,2023,11,34.380955,1.0,0.0,8.285714
KC,2023,12,49.416668,1.0,7.25,3.3333333
KC,2023,13,57.0,1.0,8.833333,0.0
KC,2023,14,27.75,1.0,0.0,12.25
KC,2023,15,43.5,0.6666666666666666,0.0,5.5
KC,2023,16,37.916668,0.0,13.6,3.8333333
KC,2023,17,47.75,1.0,0.0,9.25
KC,2023,18,40.86667,1.0,5.75,4.8
KC,2023,19,44.083332,1.0,13.5,0.25
KC,2023,20,41.5,1.0,4.6,7.5
KC,2023,21,42.9,1.0,0.0,3.6
KC,2023,22,48.399998,1.0,0.0,2.4
KC,2024,1,48.0,1.0,11.4,0.0
KC,2024,2,49.5,1.0,0.0,6.5
KC,2024,3,44.333332,1.0,12.75,4.0
KC,2024,4,47.5,0.5,0.0,2.5
KC,2024,5,48.0,0.8,23.0,8.0
KC,2024,7,45.916668,0.8294117647058823,19.666666,13.75
KC,2024,8,43.5,1.0,3.5,3.0
KC,2024,9,36.75,1.0,0.0,6.0
KC,2024,10,47.65,1.0,8.333333,5.6
KC,2024,11,45.583332,0.8294117647058823,0.0,2.6666667
KC,2024,12,49.0,1.0,22.0,-2.0
KC,2024,13,40.733334,0.8,12.5,2.6666667
KC,2024,14,44.95,1.0,28.333334,6.8
KC,2024,15,40.5,0.0,0.0,3.8333333
KC,2024,16,40.5,1.0,25.8,4.5
KC,2024,17,45.3,1.0,26.0,8.5
KC,2024,18,47.0,0.0,5.142857,2.0
KC,2024,20,38.0,1.0,32.75,5.5
KC,2024,21,26.0,1.0,17.833334,20.5
KC,2024,22,49.333332,0.8294117647058823,9.333333,2.5
KC,2025,1,35.166668,1.0,24.5,3.5
KC,2025,2,50.933334,0.5,23.75,8.4
KC,2025,3,44.333332,0.75,21.0,2.0
KC,2025,4,22.0,0.75,33.0,15.0
KC,2025,5,40.0,0.8333333333333334,21.666666,1.0
KC,2025,6,39.0,1.0,26.25,7.0
KC,2025,7,32.833332,1.0,0.0,2.5
KC,2025,8,51.666668,0.8333333333333334,23.0,4.3333335
LA,2022,1,45.0,1.0,11.166667,3.0943453
LA,2022,2,1.0,1.0,3.0,-1.0
LA,2022,3,34.0,1.0,7.75,11.0
LA,2022,4,57.25,1.0,11.6,0.0
LA,2022,5,34.0,0.5,0.0,3.1666667
LA,2022,6,45.857143,1.0,7.3333335,2.142857
LA,2022,8,50.6,0.9375,8.333333,0.0
LA,2022,9,51.0,1.0,12.6,2.0
LA,2022,10,44.4,1.0,5.3333335,6.0
LA,2022,11,43.86667,1.0,5.6666665,3.8
LA,2022,12,45.0,1.0,11.142858,0.0
LA,2022,13,50.666668,1.0,2.8333333,4.0
LA,2022,14,52.0,0.5,14.6,0.0
LA,2022,15,29.75,1.0,19.8,8.0
LA,2022,17,44.4,1.0,0.0,0.0
LA,2022,18,43.266666,1.0,3.4,4.4
LA,2023,1,43.25,0.6,2.0,1.75
LA,2023,2,51.25,1.0,3.3333333,2.75
LA,2023,3,50.4,1.0,3.2,0.6
LA,2023,4,37.25,0.6,0.0,3.75
LA,2023,5,53.75,0.7744444444444445,0.0,0.0
LA,2023,6,36.5,1.0,0.0,10.0
LA,2023,7,52.0,0.3333333333333333,2.4,0.0
LA,2023,8,39.1,1.0,0.0,-2.5
LA,2023,9,35.55,0.5,11.2,9.25
LA,2023,11,45.1,1.0,0.0,7.5
LA,2023,12,32.1,0.5,0.0,4.4
LA,2023,13,55.6,0.6666666666666666,1.3333334,3.0
LA,2023,14,49.583332,1.0,2.75,2.25
LA,2023,15,43.86667,0.6666666666666666,0.0,0.8
LA,2023,16,23.0,0.75,1.0,0.0
LA,2023,17,57.4,0.7744444444444445,0.0,0.0
LA,2023,18,39.333332,0.7744444444444445,0.0,8.666667
LA,2023,19,46.5,1.0,4.8,0.0
LA,2024,1,47.0,1.0,4.0,0.0
LA,2024,2,41.75,1.0,5.125,12.0
LA,2024,3,23.333332,1.0,0.0,19.0
LA,2024,4,63.6,0.8,0.0,3.4
LA,2024,5,43.0,0.7895833333333333,18.5,0.0
LA,2024,7,41.5,0.0,0.0,2.0
LA,2024,8,41.333336,0.7895833333333333,0.0,1.3333334
LA,2024,9,32.69643,1.0,17.25,2.4285715
LA,2024,10,49.333332,0.8333333333333334,6.6666665,0.0
LA,2024,11,34.5,0.0,13.666667,0.0
LA,2024,12,28.75,0.0,7.75,11.0
LA,2024,13,38.666668,0.7895833333333333,25.0,0.0
LA,2024,14,43.5,1.0,13.666667,4.0
LA,2024,15,52.7381,1.0,17.0,1.4285715
LA,2024,16,39.5,1.0,19.0,4.08373
LA,2024,17,48.333332,1.0,11.0,1.5
LA,2024,18,44.0,1.0,17.0,7.5
LA,2024,19,47.533333,1.0,0.0,2.6666667
LA,2024,20,46.15,1.0,8.25,5.25
LA,2025,1,38.75,0.7333333333333333,20.0,5.25
LA,2025,2,45.533333,1.0,20.0,2.8
LA,2025,3,22.75,0.6666666666666666,23.0,13.25
LA,2025,4,52.75,1.0,24.4,0.0
LA,2025,5,49.75,0.5,20.333334,5.25
LA,2025,6,56.5,0.5,12.5,0.0
LA,2025,7,45.0,0.7333333333333333,32.0,3.4
LAC,2022,1,49.0,0.5,3.0,0.0
LAC,2022,2,37.666668,1.0,7.1666665,2.8333333
LAC,2022,3,37.75,1.0,5.125,6.0
LAC,2022,4,38.25,1.0,13.6,8.0
LAC,2022,5,31.0,1.0,7.8,6.0
LAC,2022,6,38.42857,1.0,11.25,5.571429
LAC,2022,7,45.6,0.9362745098039216,5.888889,0.0
LAC,2022,9,34.75,1.0,4.5,7.25
LAC,2022,10,40.0,1.0,5.0,0.0
LAC,2022,11,49.0,1.0,7.714286,0.0
LAC,2022,12,30.666668,1.0,0.0,8.333333
LAC,2022,13,39.916668,0.6666666666666666,14.833333,5.75
LAC,2022,14,40.714287,1.0,0.0,3.2857144
LAC,2022,15,34.0,1.0,5.6666665,7.571429
LAC,2022,16,29.916668,1.0,0.0,8.333333
LAC,2022,17,35.05,1.0,0.0,5.2
LAC,2022,18,48.399998,1.0,0.0,7.4
LAC,2022,19,40.6,0.75,10.2,0.0
LAC,2023,1,45.333332,1.0,0.0,3.0
LAC,2023,2,26.4,1.0,4.8,12.6
LAC,2023,3,37.333332,0.0,0.0,0.0
LAC,2023,4,36.4,1.0,3.75,3.6
LAC,2023,6,31.099998,1.0,0.0,9.5
LAC,2023,7,52.2,1.0,0.0,0.0
LAC,2023,8,42.0,1.0,0.0,2.0
LAC,2023,9,30.642857,1.0,0.0,14.857142
LAC,2023,10,53.5,1.0,3.857143,0.0
LAC,2023,11,46.166668,1.0,11.6,1.5
LAC,2023,12,44.333332,1.0,4.2,7.6666665
LAC,2023,13,38.017857,1.0,0.0,7.857143
LAC,2023,14,57.4,0.9166666666666666,8.8,0.0
LAC,2023,15,41.86667,0.9166666666666666,11.6,7.3333335
LAC,2023,16,46.75,1.0,3.2,3.25
LAC,2023,17,43.6,0.75,0.0,2.4
LAC,2023,18,43.6,1.0,17.25,0.0
LAC,2024,1,45.62857,1.0,11.666667,1.8
LAC,2024,2,40.857143,1.0,6.5,2.142857
LAC,2024,3,48.333332,1.0,7.4,1.6666666
LAC,2024,4,53.0,0.5,0.0,0.0
LAC,2024,6,34.55,1.0,0.0,5.2
LAC,2024,7,37.5,1.0,0.0,0.0
LAC,2024,8,54.22222,1.0,19.0,3.1111112
LAC,2024,9,36.47619,0.0,0.0,10.666667
LAC,2024,10,35.166668,1.0,18.666666,3.5
LAC,2024,11,39.06667,1.0,5.3333335,7.6
LAC,2024,12,34.916668,1.0,7.6666665,6.3333335
LAC,2024,13,48.666668,1.0,0.0,0.0
LAC,2024,14,42.6,1.0,21.2,0.0
LAC,2024,15,47.0,1.0,20.222221,3.1325862
LAC,2024,16,38.266666,1.0,0.0,3.4
LAC,2024,17,41.5,1.0,8.5,4.5
LAC,2024,18,43.666668,0.8,0.0,3.3333333
LAC,2024,19,44.2,1.0,10.857142,0.0
LAC,2025,1,53.0,1.0,13.4,0.0
LAC,2025,2,49.166668,1.0,20.0,3.5
LAC,2025,3,42.657143,1.0,25.4,7.142857
LAC,2025,4,43.8,1.0,14.6,5.0
LAC,2025,5,48.0,1.0,14.666667,0.0
LAC,2025,6,41.5,1.0,26.2,5.5
LAC,2025,7,54.5,1.0,24.5,-1.5
LV,2022,1,52.0,1.0,0.0,1.0
LV,2022,2,53.666668,1.0,0.0,0.0
LV,2022,3,43.666668,1.0,5.75,4.3333335
LV,2022,4,52.35,1.0,9.8,1.4
LV,2022,5,51.0,1.0,3.2,1.0
LV,2022,7,46.5,1.0,14.6,0.0
LV,2022,8,44.3,0.9388888888888889,8.4,1.5
LV,2022,9,39.333332,1.0,4.2,9.666667
LV,2022,10,53.13333,0.9388888888888889,17.2,5.6666665
LV,2022,11,39.75,0.75,11.5,7.0
LV,2022,12,42.75,0.6666666666666666,9.125,2.75
LV,2022,13,45.25,0.6666666666666666,0.0,0.0
LV,2022,14,49.333332,1.0,3.75,0.0
LV,2022,15,42.285713,1.0,21.0,4.0
LV,2022,16,37.266666,1.0,12.5,4.3333335
LV,2022,17,40.5,1.0,0.0,0.0
LV,2022,18,59.0,1.0,5.0,2.0
LV,2023,1,49.0,1.0,0.0,0.0
LV,2023,2,49.666668,1.0,3.2857144,0.0
LV,2023,3,45.06667,1.0,0.0,7.3333335
LV,2023,4,53.55,1.0,8.0,0.25
LV,2023,5,45.75,0.3333333333333333,7.25,1.5
LV,2023,6,47.166668,1.0,0.0,4.3333335
LV,2023,7,35.0,0.6666666666666666,8.5,6.0
LV,2023,8,48.4,0.8928571428571429,0.2857143,0.0
LV,2023,9,62.1,1.0,0.0,1.5
LV,2023,10,40.8,1.0,5.0,9.8
LV,2023,11,48.5,1.0,0.0,4.0
LV,2023,12,35.75,0.5,4.1666665,3.25
LV,2023,14,47.90278,0.8928571428571429,8.0,6.2222223
LV,2023,15,46.86667,0.8928571428571429,6.25,4.8
LV,2023,16,45.166668,1.0,0.0,0.0
LV,2023,17,36.4,1.0,0.0,1.0
LV,2023,18,57.7,1.0,8.666667,0.8
LV,2024,1,49.0,0.5,4.6666665,4.0
LV,2024,2,38.666668,1.0,10.0,4.0
LV,2024,3,52.2,0.0,7.571429,0.0
LV,2024,4,53.2,1.0,12.25,4.8
LV,2024,5,53.4,1.0,3.8333333,0.0
LV,2024,6,42.833332,0.8385416666666666,3.875,-0.33333334
LV,2024,7,46.333332,1.0,0.0,1.1666666
LV,2024,8,55.5,1.0,0.0,8.5
LV,2024,9,46.0,1.0,0.0,10.0
LV,2024,11,54.0,1.0,4.428571,3.8752975
LV,2024,12,44.0,1.0,7.375,3.5
LV,2024,13,38.86667,0.25,25.5,7.8
LV,2024,14,34.25,1.0,11.8,10.0
LV,2024,15,31.8,1.0,6.0,0.0
LV,2024,16,43.5,0.6666666666666666,0.0,4.0
LV,2024,17,44.92857,1.0,26.0,4.571429
LV,2024,18,60.0,1.0,7.25,0.0
LV,2025,1,47.63333,0.6666666666666666,24.0,2.1666667
LV,2025,2,52.0,1.0,18.2,5.0
LV,2025,3,45.666668,1.0,15.714286,3.3333333
LV,2025,4,57.666668,0.5,27.142857,2.3333333
LV,2025,5,11.0,0.6666666666666666,14.285714,4.0
LV,2025,6,32.35,1.0,28.5,9.4
LV,2025,7,45.166668,0.8055555555555555,16.666666,2.0
MIA,2022,1,45.75,1.0,14.0,0.0
MIA,2022,2,37.0,0.7760416666666666,2.5714285,4.0
MIA,2022,3,43.6,0.7760416666666666,13.5,0.0
MIA,2022,4,48.5,0.75,7.0,1.5
MIA,2022,5,44.166668,0.5,0.0,-0.5
MIA,2022,6,50.966667,0.5,6.25,0.2
MIA,2022,7,42.5,1.0,9.333333,0.16666667
MIA,2022,8,26.0,1.0,2.6,12.0
MIA,2022,9,47.0,0.0,3.0,4.0
MIA,2022,12,46.190475,1.0,0.0,3.142857
MIA,2022,13,46.25,1.0,4.25,5.25
MIA,2022,14,46.714287,1.0,0.0,0.0
MIA,2022,15,41.75,1.0,7.0,0.0
MIA,2022,16,46.0,0.6666666666666666,17.428572,0.0
MIA,2022,17,44.65,0.0,15.8,2.6
MIA,2022,18,45.25,1.0,0.0,0.0
MIA,2022,19,33.066666,1.0,3.2857144,10.6
MIA,2023,1,38.0,1.0,0.0,0.0
MIA,2023,2,41.25,0.3333333333333333,0.0,6.75
MIA,2023,3,42.0,0.8888888888888888,0.0,6.0
MIA,2023,4,46.0,0.8888888888888888,10.111111,0.0
MIA,2023,5,34.5,1.0,5.0,0.0
MIA,2023,6,48.5,0.8888888888888888,0.0,0.0
MIA,2023,7,29.0,1.0,17.5,16.0
MIA,2023,8,45.266666,1.0,6.25,3.4
MIA,2023,9,43.97619,0.8888888888888888,0.0,1.1666666
MIA,2023,11,42.666668,0.6666666666666666,0.0,5.0
MIA,2023,12,32.333332,1.0,11.0,7.6666665
MIA,2023,13,40.93333,1.0,0.0,1.4
MIA,2023,14,47.0,0.6666666666666666,19.8,0.0
MIA,2023,15,25.15,1.0,0.0,10.6
MIA,2023,16,44.833332,1.0,0.0,10.666667
MIA,2023,17,52.666668,1.0,8.222222,0.0
MIA,2023,18,47.8,0.8888888888888888,0.0,0.0
MIA,2023,19,40.75,0.8888888888888888,12.571428,0.0
MIA,2024,1,47.333332,0.6666666666666666,0.0,2.1666667
MIA,2024,2,48.0,1.0,0.0,0.0
MIA,2024,3,35.166668,0.5,18.2,11.0
MIA,2024,4,42.199997,1.0,0.0,5.4
MIA,2024,5,27.333334,0.75,6.3333335,2.0
MIA,2024,7,45.095238,0.5,6.5,2.5714285
MIA,2024,8,37.666668,1.0,7.0,8.333333
MIA,2024,9,38.0,1.0,7.857143,-1.0
MIA,2024,10,37.666668,1.0,0.0,7.0
MIA,2024,12,45.0,1.0,0.0,3.0
MIA,2024,13,47.416668,1.0,18.0,1.25
MIA,2024,14,44.333332,1.0,15.375,5.0
MIA,2024,15,55.533333,1.0,18.25,4.8
MIA,2024,16,45.25,1.0,8.0,3.75
MIA,2024,17,36.257145,1.0,0.0,7.6
MIA,2024,18,39.833332,1.0,28.2,0.5
MIA,2025,1,42.0,0.9444444444444443,24.142857,10.75
MIA,2025,2,-2.5,1.0,21.333334,46.5
MIA,2025,3,39.0,0.9444444444444443,25.333334,11.0
MIA,2025,4,48.0,1.0,32.0,0.0
MIA,2025,5,42.333332,1.0,24.4,9.666667
MIA,2025,6,51.5,0.6666666666666666,22.5,4.0
MIA,2025,7,45.416668,1.0,27.333334,1.8333334
MIA,2025,8,47.083332,1.0,28.5,2.25
MIN,2022,1,44.65,1.0,12.5,1.75
MIN,2022,2,47.95,0.7843137254901961,10.5,1.25
MIN,2022,3,45.333332,0.0,23.0,6.6666665
MIN,2022,4,36.25,1.0,10.6,5.75
MIN,2022,5,15.0,0.0,14.4,0.0
MIN,2022,6,38.1,1.0,0.0,6.0
MIN,2022,8,44.6,0.0,0.0,2.0
MIN,2022,9,49.466667,1.0,3.25,2.2
MIN,2022,10,45.666668,1.0,10.75,4.0
MIN,2022,11,46.785713,1.0,6.0,1.5
MIN,2022,12,49.0,1.0,23.714285,3.6666667
MIN,2022,13,48.666668,1.0,0.0,0.0
MIN,2022,14,48.5,1.0,0.0,4.5
MIN,2022,15,36.642857,1.0,15.9,1.8571428
MIN,2022,16,45.86667,1.0,0.0,2.3333333
MIN,2022,17,47.5,0.3333333333333333,20.142857,0.0
MIN,2022,18,33.666668,1.0,0.0,1.3333334
MIN,2022,19,54.666668,1.0,4.0,0.0
MIN,2023,1,48.4,1.0,3.0,3.0
MIN,2023,2,47.583332,0.861111111111111,0.0,4.75
MIN,2023,3,48.333332,1.0,0.0,0.0
MIN,2023,4,52.2,0.861111111111111,18.333334,1.8
MIN,2023,5,53.0,1.0,0.0,1.0
MIN,2023,6,41.8,0.6666666666666666,0.0,8.0
MIN,2023,7,38.0,0.75,10.25,4.0
MIN,2023,8,35.0,0.3333333333333333,13.5,8.5
MIN,2023,9,38.333332,1.0,0.0,6.0
MIN,2023,10,41.0,0.6666666666666666,0.0,2.0
MIN,2023,11,40.75,1.0,0.0,6.75
MIN,2023,12,33.666668,1.0,7.6,5.0
MIN,2023,14,38.11111,0.5,31.0,6.0
MIN,2023,15,45.166668,1.0,2.8,5.5
MIN,2023,16,48.333332,1.0,6.5,1.6666666
MIN,2023,17,49.25,1.0,23.714285,2.0
MIN,2023,18,53.4,1.0,8.5,2.6
MIN,2024,1,42.0,0.8235294117647058,0.0,0.0
MIN,2024,2,45.333332,1.0,0.0,5.0
MIN,2024,3,45.75,1.0,9.5,2.5
MIN,2024,4,41.666668,1.0,10.25,3.3333333
MIN,2024,5,45.25,1.0,0.0,1.0
MIN,2024,7,44.583332,1.0,8.666667,3.75
MIN,2024,8,48.333332,1.0,0.0,2.0
MIN,2024,9,36.5,0.0,0.0,5.0
MIN,2024,10,34.2,1.0,0.0,1.8
MIN,2024,11,41.0,1.0,8.75,3.4
MIN,2024,12,34.583332,1.0,16.666666,7.1666665
MIN,2024,13,55.0,0.75,0.0,0.0
MIN,2024,14,51.0,0.0,9.2,0.0
MIN,2024,15,31.000002,1.0,10.0,3.6666667
MIN,2024,16,50.0,1.0,4.0,0.0
MIN,2024,17,35.5,0.5,9.6,0.0
MIN,2024,18,45.666668,0.75,0.0,6.0
MIN,2024,19,44.333332,1.0,9.666667,0.0
MIN,2025,1,36.2381,1.0,26.6,11.333333
MIN,2025,2,49.0,1.0,19.285715,2.0
MIN,2025,3,32.666668,1.0,28.0,11.333333
MIN,2025,4,41.0,1.0,24.8,4.3333335
MIN,2025,5,55.325,0.0,25.5,1.875
MIN,2025,7,32.0,1.0,18.5,2.0
MIN,2025,8,46.0,0.5,19.285715,5.4791665
NE,2022,1,36.333332,0.8452380952380952,5.6,3.0
NE,2022,2,36.25,0.5,21.25,5.25
NE,2022,3,45.666668,1.0,6.428571,4.3333335
NE,2022,4,35.057144,1.0,22.2,9.8
NE,2022,5,44.5,1.0,0.0,6.0
NE,2022,6,29.333332,0.5,7.8,11.666667
NE,2022,7,34.0,0.8452380952380952,16.142857,6.0
NE,2022,8,32.75,1.0,5.3333335,8.0
NE,2022,9,34.464287,1.0,16.0,4.25
NE,2022,11,34.38571,0.3333333333333333,7.5,10.9
NE,2022,12,37.333332,1.0,6.571429,3.6666667
NE,2022,13,41.833332,0.5,13.0,0.0
NE,2022,14,38.666668,1.0,11.75,3.5
NE,2022,15,34.095238,1.0,0.0,3.5714285
NE,2022,16,36.0,0.8452380952380952,22.2,3.6666667
NE,2022,17,39.9,1.0,7.0,2.5
NE,2022,18,31.916668,1.0,13.666667,8.333333
NE,2023,1,39.95,0.630952380952381,8.857142,5.25
NE,2023,2,44.0,1.0,0.0,4.0
NE,2023,3,35.375,0.5,2.75,4.875
NE,2023,4,46.0,0.5,0.0,-1.0
NE,2023,5,43.982143,0.0,6.0,0.14285715
NE,2023,6,39.0,1.0,3.8333333,7.0
NE,2023,7,30.0,1.0,0.0,25.0
NE,2023,8,53.0,1.0,4.0,0.0
NE,2023,9,54.733334,1.0,0.0,-0.4
NE,2023,10,62.5,0.6666666666666666,7.3333335,0.0
NE,2023,12,42.375,0.0,7.3333335,2.625
NE,2023,13,45.857143,0.630952380952381,0.6666667,0.0
NE,2023,14,43.88889,0.630952380952381,6.0,0.0
NE,2023,15,43.25,0.5,14.0,4.75
NE,2023,16,41.57143,0.6666666666666666,0.0,4.0
NE,2023,17,43.666668,0.0,20.0,0.33333334
NE,2023,18,42.603176,1.0,7.0,4.285714
NE,2024,1,47.5,1.0,9.0,2.5
NE,2024,2,52.2,0.6666666666666666,0.0,4.8
NE,2024,3,45.0,1.0,3.6,4.0
NE,2024,4,36.0,1.0,4.285714,13.0
NE,2024,5,44.166668,0.5,4.8,7.5
NE,2024,6,45.833332,0.769047619047619,17.375,4.0
NE,2024,7,48.25,1.0,4.8333335,4.0
NE,2024,8,28.95,1.0,3.4,18.25
NE,2024,9,28.45,0.5,0.0,13.8
NE,2024,10,51.375,1.0,0.0,5.625
NE,2024,11,37.0,1.0,12.4,0.0
NE,2024,12,44.2,0.0,0.0,7.6
NE,2024,13,22.5,0.6,16.0,15.5
NE,2024,15,52.0,0.5,7.428571,3.0
NE,2024,16,44.333332,0.769047619047619,12.2,0.0
NE,2024,17,47.5,0.769047619047619,11.888889,7.5
NE,2024,18,30.5,1.0,5.3333335,6.5
NE,2025,1,37.466667,0.6666666666666666,27.75,3.2
NE,2025,2,64.0,1.0,28.5,4.0
NE,2025,3,56.25,0.9444444444444443,23.5,2.75
NE,2025,4,17.849998,0.9444444444444443,16.0,33.4
NE,2025,5,47.75,1.0,22.4,0.0
NE,2025,6,45.0,1.0,21.5,3.0
NE,2025,7,37.5,1.0,10.0,0.0
NE,2025,8,39.333332,1.0,27.5,2.0
NO,2022,1,51.4,0.6666666666666666,0.0,3.0
NO,2022,2,44.6,1.0,13.0,-1.0
NO,2022,3,44.666668,0.0,9.333333,2.8333333
NO,2022,4,47.833332,0.5,5.857143,0.6666667
NO,2022,5,42.25,1.0,14.285714,5.0
NO,2022,6,47.666668,1.0,3.3333333,2.0
NO,2022,7,40.0,1.0,2.875,7.0
NO,2022,8,37.0,0.5,0.0,3.0
NO,2022,9,44.4,1.0,5.5,2.0
NO,2022,10,51.8,1.0,18.6,0.0
NO,2022,11,41.13333,1.0,0.0,6.6666665
NO,2022,12,41.25,0.0,15.0,4.5
NO,2022,13,31.866669,1.0,7.5,11.8
NO,2022,15,45.05,0.7291666666666666,0.0,0.2
NO,2022,16,42.333332,1.0,15.666667,0.0
NO,2022,17,39.666668,1.0,9.0,3.0
NO,2022,18,44.8,0.0,0.0,0.0
NO,2023,1,46.2,1.0,18.333334,2.0
NO,2023,2,38.8,1.0,11.75,3.2
NO,2023,3,22.857143,0.5,8.0,19.0
NO,2023,4,29.25,1.0,6.5,11.25
NO,2023,5,41.107143,1.0,18.0,2.75
NO,2023,6,42.0,0.5,3.8,0.0
NO,2023,7,42.25,0.75,0.0,0.0
NO,2023,8,30.3,1.0,0.0,9.2
NO,2023,9,31.0,0.5,6.0,10.0
NO,2023,10,42.833332,1.0,9.0,3.6666667
NO,2023,12,43.0,0.8333333333333334,0.0,3.0
NO,2023,13,39.0,0.8055555555555556,2.5714285,6.0
NO,2023,14,28.5,0.0,9.333333,11.5
NO,2023,15,34.75,1.0,18.0,7.0
NO,2023,16,35.5,0.8055555555555556,0.0,0.0
NO,2023,17,39.266666,1.0,20.5,5.4
NO,2023,18,42.15,1.0,0.0,3.6
NO,2024,1,24.5,1.0,32.5,12.0
NO,2024,2,49.0,1.0,0.0,0.0
NO,2024,3,40.5,1.0,0.0,0.0
NO,2024,4,34.333332,1.0,16.857143,5.6666665
NO,2024,5,39.75,0.880952380952381,12.142858,10.0
NO,2024,6,25.666666,1.0,2.7777777,18.666666
NO,2024,7,40.166668,1.0,15.125,4.3333335
NO,2024,8,43.555557,0.6666666666666666,9.0,5.0
NO,2024,9,40.85,1.0,11.8,1.4
NO,2024,10,38.8,1.0,12.75,6.0
NO,2024,11,25.866669,0.880952380952381,14.0,10.8
NO,2024,13,42.666668,0.6666666666666666,0.0,0.0
NO,2024,14,41.714287,0.0,15.666667,0.0
NO,2024,15,44.75,1.0,28.0,2.0
NO,2024,16,39.75,0.880952380952381,24.142857,0.0
NO,2024,17,41.892857,1.0,0.0,5.25
NO,2024,18,39.166668,1.0,0.0,4.5
NO,2025,1,46.0,0.6666666666666666,25.6,4.5
NO,2025,2,37.0,0.0,13.666667,5.75
NO,2025,3,20.5,0.6666666666666666,20.222221,20.0
NO,2025,4,42.333332,1.0,22.333334,5.0
NO,2025,5,41.5,0.6666666666666666,9.0,0.0
NO,2025,6,28.0,1.0,22.25,7.0
NO,2025,7,42.333332,0.0,16.571428,0.0
NO,2025,8,37.666664,1.0,23.666666,2.6666667
NYG,2022,1,41.166668,0.9388888888888889,8.2,10.333333
NYG,2022,2,50.6,1.0,0.0,0.0
NYG,2022,3,44.75,0.75,0.0,0.25
NYG,2022,4,53.6,0.6666666666666666,6.6,1.0
NYG,2022,5,50.0,1.0,14.0,0.0
NYG,2022,6,42.25,1.0,9.4,4.0
NYG,2022,7,39.0,1.0,0.0,1.0
NYG,2022,8,49.0,1.0,10.5,4.6666665
NYG,2022,10,39.93333,1.0,7.0,0.4
NYG,2022,11,36.25,0.9388888888888889,6.8333335,2.0
NYG,2022,12,45.25,1.0,0.0,3.0
NYG,2022,13,43.285713,0.6666666666666666,7.3333335,3.0
NYG,2022,14,48.2,0.9388888888888889,6.4444447,0.0
NYG,2022,15,34.6,1.0,5.25,8.0
NYG,2022,16,30.65,1.0,5.2,1.6
NYG,2022,17,47.0,1.0,13.333333,0.0
NYG,2022,18,44.0,1.0,9.142858,0.0
NYG,2022,19,39.333332,1.0,3.8,5.6666665
NYG,2022,20,44.2,0.9388888888888889,18.571428,-1.0
NYG,2023,1,51.0,0.0,0.0,2.3333333
NYG,2023,2,32.333332,1.0,0.0,4.6666665
NYG,2023,3,51.666668,1.0,2.2857144,1.0
NYG,2023,4,53.6,1.0,3.8,0.0
NYG,2023,5,40.25,0.75,4.0,0.0
NYG,2023,6,49.166668,1.0,8.0,1.3333334
NYG,2023,7,48.375,0.0,0.0,1.0
NYG,2023,8,37.139862,0.3333333333333333,8.0,5.090909
NYG,2023,9,35.65,0.7447916666666666,15.714286,6.6
NYG,2023,10,50.0,1.0,4.5,0.0
NYG,2023,11,37.42857,1.0,0.0,8.0
NYG,2023,12,44.375,1.0,0.0,1.0
NYG,2023,14,41.0,0.5,0.0,0.0
NYG,2023,15,43.85,1.0,0.0,3.75
NYG,2023,16,34.5,1.0,0.0,5.0
NYG,2023,17,22.800001,0.6666666666666666,0.0,21.6
NYG,2023,18,38.35,0.6666666666666666,0.0,7.25
NYG,2024,1,46.166668,1.0,4.4,0.0
NYG,2024,2,43.5,0.7692307692307693,22.285715,3.3338542
NYG,2024,3,48.404762,0.0,17.333334,3.1666667
NYG,2024,4,36.666668,1.0,17.4,7.3333335
NYG,2024,5,45.0,1.0,13.6,1.5
NYG,2024,6,46.583332,0.0,0.0,0.16666667
NYG,2024,7,42.625,1.0,0.0,4.375
NYG,2024,8,47.333332,1.0,14.285714,0.6666667
NYG,2024,9,40.0,1.0,20.833334,6.0
NYG,2024,10,38.37143,0.5,19.25,2.4285715
NYG,2024,12,38.0,0.7692307692307693,5.5,4.0
NYG,2024,13,39.8,1.0,6.0,5.8
NYG,2024,14,30.803572,0.5,16.333334,6.571429
NYG,2024,15,39.333332,0.7692307692307693,12.833333,0.0
NYG,2024,16,39.0,0.7692307692307693,5.285714,3.0
NYG,2024,17,48.666668,1.0,14.285714,0.0
NYG,2024,18,31.666668,1.0,0.0,8.333333
NYG,2025,1,43.033333,1.0,10.25,4.8
NYG,2025,2,35.5,1.0,23.0,9.5
NYG,2025,3,24.833334,1.0,26.8,5.6666665
NYG,2025,4,46.0,1.0,26.75,2.8
NYG,2025,5,37.5,1.0,26.666666,0.0
NYG,2025,6,35.75,1.0,25.75,7.0
NYG,2025,7,39.166664,1.0,17.0,4.6666665
NYG,2025,8,48.5,1.0,20.714285,0.0
NYJ,2022,1,37.166668,0.5,9.6,5.0
NYJ,2022,2,41.916668,1.0,12.5,5.3333335
NYJ,2022,3,45.333336,1.0,3.3333333,3.3333333
NYJ,2022,4,47.0,1.0,3.5,0.0
NYJ,2022,5,46.25,1.0,13.4,0.0
NYJ,2022,6,37.86667,0.6666666666666666,14.5,6.8
NYJ,2022,7,54.75,1.0,0.0,0.0
NYJ,2022,8,47.0,0.5,6.0,0.0
NYJ,2022,9,49.0,1.0,10.0,0.0
NYJ,2022,11,44.514286,1.0,16.333334,1.2857143
NYJ,2022,12,51.4,0.5,6.0,7.6
NYJ,2022,13,34.333332,1.0,0.0,6.1666665
NYJ,2022,14,41.142857,1.0,14.666667,3.2857144
NYJ,2022,15,48.5,0.5,10.2,1.5
NYJ,2022,16,40.2,1.0,13.333333,0.0
NYJ,2022,17,41.333332,0.6666666666666666,8.5,2.0
NYJ,2022,18,40.95,0.6666666666666666,0.0,7.25
NYJ,2023,1,21.5,1.0,9.2,22.0
NYJ,2023,2,45.86667,1.0,0.0,2.3333333
NYJ,2023,3,46.375,1.0,13.75,4.875
NYJ,2023,4,37.3,0.5,3.142857,5.5
NYJ,2023,5,48.5,1.0,3.3333333,3.5
NYJ,2023,6,48.5,1.0,0.0,0.0
NYJ,2023,8,46.55245,1.0,7.3333335,1.5384616
NYJ,2023,9,49.285713,1.0,0.0,1.0
NYJ,2023,10,54.2,1.0,3.5,1.0
NYJ,2023,11,49.5,0.9226190476190476,11.875,0.0
NYJ,2023,12,52.833332,0.9226190476190476,4.6666665,0.0
NYJ,2023,13,43.42857,1.0,6.25,5.0
NYJ,2023,14,45.475,1.0,0.0,2.125
NYJ,2023,15,53.4,0.9226190476190476,0.0,0.0
NYJ,2023,16,47.380955,1.0,16.4,1.2857143
NYJ,2023,17,32.6,0.6666666666666666,13.428572,10.0
NYJ,2023,18,40.666668,0.75,19.5,5.3333335
NYJ,2024,1,49.333332,0.7115384615384616,8.555555,4.0
NYJ,2024,2,41.583332,1.0,19.0,8.75
NYJ,2024,3,35.266666,0.5,13.5,5.4
NYJ,2024,4,41.267857,0.75,16.666666,3.875
NYJ,2024,5,41.416668,1.0,8.333333,7.75
NYJ,2024,6,45.333332,0.5,6.6,2.6666667
NYJ,2024,7,43.25,0.0,15.0,1.0
NYJ,2024,8,30.05,0.5,0.0,14.2
NYJ,2024,9,54.8,0.7115384615384616,0.0,0.0
NYJ,2024,10,46.5,1.0,0.0,0.0
NYJ,2024,11,50.65,1.0,3.4285715,4.75
NYJ,2024,13,40.5,0.7115384615384616,39.666668,0.0
NYJ,2024,14,48.0,1.0,4.142857,0.0
NYJ,2024,15,41.666668,0.5,0.0,0.0
NYJ,2024,17,39.333336,0.7115384615384616,9.0,8.333333
NYJ,2024,18,35.583332,1.0,4.0,3.6666667
NYJ,2025,1,42.25,1.0,29.428572,4.75
NYJ,2025,2,44.904762,1.0,24.857143,3.6666667
NYJ,2025,3,48.5,1.0,22.428572,0.0
NYJ,2025,4,37.5,1.0,27.0,4.5
NYJ,2025,5,35.8,1.0,22.142857,8.2
NYJ,2025,6,45.380955,1.0,34.4,5.3333335
NYJ,2025,7,46.266666,1.0,25.0,2.3333333
NYJ,2025,8,27.833332,1.0,21.428572,12.666667
PHI,2022,1,42.416668,1.0,7.6,3.25
PHI,2022,2,41.95,0.5,6.5,2.8
PHI,2022,3,40.416668,1.0,0.0,5.75
PHI,2022,4,44.0,1.0,17.25,0.6666667
PHI,2022,5,40.5,1.0,0.0,5.5
PHI,2022,6,39.75,1.0,0.0,7.0
PHI,2022,8,43.75,0.8823529411764706,16.75,2.0
PHI,2022,9,47.666668,0.0,7.5,2.0
PHI,2022,10,44.5,0.8823529411764706,6.6666665,2.5
PHI,2022,11,38.5,1.0,0.0,3.25
PHI,2022,12,52.0,1.0,15.166667,0.0
PHI,2022,13,28.0,0.8823529411764706,12.333333,15.0
PHI,2022,14,11.7,1.0,39.0,5.8
PHI,2022,15,43.833332,0.5,30.666666,1.1666666
PHI,2022,17,40.666664,1.0,3.0,1.1666666
PHI,2022,18,28.5,1.0,0.0,5.0
PHI,2022,20,43.0,1.0,0.0,0.0
PHI,2022,21,45.0,1.0,14.5,0.0
PHI,2022,22,30.0,1.0,1.5714285,17.5
PHI,2023,1,43.25,1.0,2.75,6.0
PHI,2023,2,36.833332,0.6666666666666666,0.0,0.6666667
PHI,2023,3,17.75,1.0,11.75,20.25
PHI,2023,4,35.4,1.0,0.0,7.6
PHI,2023,5,32.25,1.0,0.0,8.75
PHI,2023,6,38.25,0.0,0.0,2.25
PHI,2023,7,57.0,1.0,11.25,0.0
PHI,2023,8,46.0,1.0,0.0,12.5
PHI,2023,9,49.8,0.9166666666666666,0.0,2.0
PHI,2023,11,38.880955,0.9166666666666666,0.0,8.833333
PHI,2023,12,49.3,1.0,0.0,4.5
PHI,2023,13,50.666668,1.0,9.428572,0.0
PHI,2023,14,21.0,1.0,0.0,18.0
PHI,2023,15,43.6,1.0,2.6,6.0
PHI,2023,16,37.5,1.0,6.8,16.5
PHI,2023,17,58.5,1.0,0.0,6.7911763
PHI,2023,18,48.65,1.0,6.3333335,1.6
PHI,2023,19,47.0,1.0,2.4285715,0.0
PHI,2024,1,50.5,1.0,5.428571,0.0
PHI,2024,2,42.0,1.0,4.5,4.5
PHI,2024,3,20.0,0.0,19.25,1.5
PHI,2024,4,56.4,0.743859649122807,3.2857144,0.0
PHI,2024,6,35.916668,0.6666666666666666,15.0,12.75
PHI,2024,7,48.284092,0.743859649122807,0.0,4.090909
PHI,2024,8,52.0,1.0,14.75,3.7403786
PHI,2024,9,48.666668,0.5,8.5,0.0
PHI,2024,10,44.833332,1.0,29.0,7.1666665
PHI,2024,11,40.333332,0.5,17.0,4.0
PHI,2024,12,52.0,1.0,0.0,2.0
PHI,2024,13,43.916668,1.0,5.75,7.25
PHI,2024,14,42.0,0.0,6.75,1.0
PHI,2024,15,23.2,1.0,15.75,5.8
PHI,2024,16,40.0,0.8,21.166666,0.0
PHI,2024,17,45.583332,1.0,30.0,3.75
PHI,2024,18,46.666668,0.6666666666666666,23.0,0.0
PHI,2024,19,43.1,1.0,19.0,5.5
PHI,2024,20,48.75,1.0,18.6,1.0
PHI,2024,21,31.5,0.0,25.166666,10.0
PHI,2024,22,43.5,1.0,12.5,4.5
PHI,2025,1,48.666668,1.0,8.0,0.0
PHI,2025,2,50.13333,1.0,23.0,4.6666665
PHI,2025,3,55.5,0.7857142857142857,7.857143,0.0
PHI,2025,4,50.857143,1.0,29.6,1.0
PHI,2025,5,49.142857,1.0,26.0,2.142857
PHI,2025,6,49.5,1.0,16.8,4.0
PHI,2025,7,48.666668,0.0,26.571428,0.0
PHI,2025,8,52.75,0.5,24.75,4.25
PIT,2022,1,41.833332,0.75,0.16666667,6.6666665
PIT,2022,2,51.5,1.0,0.0,0.0
PIT,2022,3,42.4,0.5,3.6,0.0
PIT,2022,4,36.3,1.0,1.4,3.2
PIT,2022,5,40.75,0.3333333333333333,2.7142856,0.0
PIT,2022,6,39.600002,1.0,22.4,4.6
PIT,2022,7,38.666664,1.0,7.0,3.1666667
PIT,2022,8,42.5,1.0,7.8333335,2.5
PIT,2022,10,40.4,0.5,9.0,0.6
PIT,2022,11,40.166668,1.0,19.25,5.3333335
PIT,2022,12,39.5,1.0,0.0,6.0
PIT,2022,13,42.166668,1.0,0.0,0.33333334
PIT,2022,14,37.0,0.0,5.8,0.0
PIT,2022,15,44.083332,1.0,4.25,1.25
PIT,2022,16,44.86667,0.5,5.0,1.8
PIT,2022,17,49.5,0.75,7.25,0.0
PIT,2022,18,43.0,1.0,0.0,5.0
PIT,2023,1,41.666664,0.9375,13.0,0.6666667
PIT,2023,2,42.914288,1.0,0.0,2.8
PIT,2023,3,52.833332,1.0,0.0,1.0
PIT,2023,4,44.6,1.0,11.5,3.0
PIT,2023,5,40.833332,1.0,10.75,2.0
PIT,2023,7,40.1,1.0,3.75,3.5
PIT,2023,8,42.833332,0.5,6.0,0.0
PIT,2023,9,45.666668,1.0,10.5,4.3333335
PIT,2023,10,39.8,1.0,14.6,5.0
PIT,2023,11,33.069443,1.0,0.0,6.375
PIT,2023,12,42.666668,1.0,2.3333333,0.33333334
PIT,2023,13,42.55,0.5,5.2,2.2
PIT,2023,14,43.38889,1.0,10.5,1.1111112
PIT,2023,15,40.0,0.9375,9.285714,0.0
PIT,2023,16,38.8,1.0,0.0,0.0
PIT,2023,17,44.0,1.0,11.2,2.0
PIT,2023,18,28.523811,1.0,0.0,13.142858
PIT,2023,19,34.5,1.0,3.5,4.0
PIT,2024,1,36.916668,1.0,0.0,11.75
PIT,2024,2,48.5,1.0,4.3333335,4.5
PIT,2024,3,49.142857,0.6666666666666666,0.0,2.857143
PIT,2024,4,26.833332,1.0,0.0,7.5
PIT,2024,5,44.4,1.0,20.2,0.0
PIT,2024,6,45.666668,1.0,11.0,0.0
PIT,2024,7,43.75,1.0,0.0,2.25
PIT,2024,8,25.416668,1.0,0.0,18.25
PIT,2024,10,39.06667,0.9427083333333334,19.5,3.3333333
PIT,2024,11,53.25,1.0,0.0,3.25
PIT,2024,12,15.0,0.6666666666666666,12.0,0.0
PIT,2024,13,38.0,0.75,6.0,0.0
PIT,2024,14,48.333332,1.0,0.0,4.0
PIT,2024,15,43.0,1.0,10.833333,0.0
PIT,2024,16,49.4,1.0,7.428571,0.0
PIT,2024,17,41.7,1.0,6.8333335,2.8
PIT,2024,18,37.266666,1.0,11.4,5.3333335
PIT,2024,19,47.9,0.9427083333333334,5.2,3.5
PIT,2025,1,47.5,1.0,23.571428,0.0
PIT,2025,2,55.25,1.0,15.6,0.0
PIT,2025,3,42.25,0.875,9.0,0.0
PIT,2025,4,45.666668,0.5,25.0,3.0
PIT,2025,6,34.5,0.75,24.666666,7.5
PIT,2025,7,33.0,1.0,25.571428,9.0
PIT,2025,8,41.5,1.0,17.571428,7.0
SEA,2022,1,50.5,1.0,19.25,0.0
SEA,2022,2,49.8,0.9539215686274509,7.6666665,0.0
SEA,2022,3,51.0,1.0,8.666667,0.0
SEA,2022,5,46.6,1.0,3.0,0.0
SEA,2022,6,46.833332,1.0,0.0,2.0
SEA,2022,7,46.0,1.0,15.0,0.0
SEA,2022,8,45.833332,1.0,6.5,2.6666667
SEA,2022,9,49.5,1.0,10.25,3.8333333
SEA,2022,10,50.6,1.0,15.0,0.0
SEA,2022,12,42.25,1.0,7.428571,5.5
SEA,2022,13,57.0,1.0,0.0,0.0
SEA,2022,14,44.25,1.0,14.857142,0.0
SEA,2022,15,49.857143,1.0,20.75,0.0
SEA,2022,16,45.6,1.0,13.6,2.0
SEA,2022,17,39.583332,0.75,8.0,2.6666667
SEA,2022,18,42.6,0.8,4.8333335,4.0
SEA,2022,19,48.5,1.0,18.222221,0.0
SEA,2023,1,41.0,0.6666666666666666,7.142857,18.0
SEA,2023,2,50.666668,0.3333333333333333,11.166667,0.0
SEA,2023,3,38.3,1.0,11.0,8.2
SEA,2023,4,48.9,0.5,15.0,4.6
SEA,2023,6,32.666664,1.0,5.25,5.6666665
SEA,2023,7,38.26667,1.0,8.0,9.4
SEA,2023,8,49.8,1.0,4.8,5.0
SEA,2023,9,36.714287,1.0,7.5,9.0
SEA,2023,10,42.45,1.0,0.0,2.8
SEA,2023,11,45.5,0.75,0.0,5.0
SEA,2023,12,46.2,0.6666666666666666,23.333334,0.0
SEA,2023,14,50.233334,1.0,10.6,1.6
SEA,2023,15,54.6,1.0,0.0,1.4
SEA,2023,16,44.666668,1.0,18.5,0.0
SEA,2023,17,53.0,1.0,11.714286,0.0
SEA,2023,18,46.6,1.0,0.0,5.0
SEA,2024,1,48.2,1.0,14.8,0.0
SEA,2024,2,47.466667,1.0,5.2,6.3333335
SEA,2024,3,45.583332,0.5,29.0,3.1666667
SEA,2024,4,44.0,0.0,6.75,0.33333334
SEA,2024,5,46.5,0.6666666666666666,12.142858,1.75
SEA,2024,6,54.0,1.0,33.25,0.0
SEA,2024,7,33.0,1.0,19.0,6.0
SEA,2024,8,61.25,1.0,4.1666665,0.0
SEA,2024,9,45.285713,0.8541666666666666,5.3333335,1.8571428
SEA,2024,11,48.5,1.0,3.75,0.0
SEA,2024,12,42.1,1.0,6.6666665,1.5
SEA,2024,13,45.5,1.0,9.0,1.5
SEA,2024,14,49.5,1.0,6.75,3.5
SEA,2024,15,43.5,1.0,28.666666,3.0
SEA,2024,16,47.06667,0.5,15.166667,5.3333335
SEA,2024,17,48.0,1.0,0.0,0.0
SEA,2024,18,48.5,1.0,4.5,8.5
SEA,2025,1,45.8,1.0,14.75,6.0
SEA,2025,2,36.25,0.5,26.6,7.5
SEA,2025,3,23.2,1.0,30.666666,22.8
SEA,2025,4,46.5,0.75,25.75,2.5
SEA,2025,5,38.0,0.0,28.0,0.0
SEA,2025,6,50.80357,1.0,13.333333,0.625
SEA,2025,7,41.678574,0.6666666666666666,29.0,9.571428
SF,2022,1,36.416668,1.0,10.5,3.8333333
SF,2022,2,39.4,0.6666666666666666,0.0,4.6
SF,2022,3,47.714287,1.0,7.6666665,4.0
SF,2022,4,31.0,0.5,5.25,8.5
SF,2022,5,34.833332,0.5,1.0,2.6666667
SF,2022,6,45.666668,0.8480392156862745,14.8,7.0
SF,2022,7,29.0,1.0,9.142858,0.0
SF,2022,8,34.2,1.0,22.0,6.8
SF,2022,10,33.0,1.0,7.25,0.0
SF,2022,11,50.5,1.0,0.0,3.25
SF,2022,12,39.25,1.0,0.0,4.5
SF,2022,13,36.0,1.0,12.5,8.5
SF,2022,14,30.333336,0.8480392156862745,27.0,14.333333
SF,2022,15,39.7381,0.0,16.75,2.4285715
SF,2022,16,37.0,1.0,7.6666665,3.0
SF,2022,17,46.5,0.75,6.857143,0.0
SF,2022,18,36.266666,1.0,11.0,7.3333335
SF,2022,19,53.0,1.0,0.0,4.0
SF,2022,20,36.75,1.0,13.25,4.25
SF,2022,21,37.75,0.8480392156862745,17.833334,4.25
SF,2023,1,37.833336,1.0,0.0,6.8333335
SF,2023,2,42.75,1.0,0.0,6.5
SF,2023,3,39.0,1.0,0.0,3.6666667
SF,2023,4,37.0,0.8125,4.5,8.0
SF,2023,5,38.95,0.8125,0.0,7.8
SF,2023,6,49.083332,0.3333333333333333,7.5,3.25
SF,2023,7,62.0,0.5,5.6666665,0.0
SF,2023,8,50.333332,1.0,2.6666667,0.0
SF,2023,10,41.0,1.0,10.0,6.0
SF,2023,11,50.333332,1.0,17.333334,0.6666667
SF,2023,12,37.8,1.0,13.0,2.0
SF,2023,13,46.5,0.8125,15.0,1.0
SF,2023,14,44.7,0.8125,10.5,4.5
SF,2023,15,46.0,1.0,3.0,2.0
SF,2023,16,52.333332,1.0,6.5,3.6666667
SF,2023,17,32.333332,1.0,9.333333,5.6666665
SF,2023,18,39.5,0.0,0.0,8.5
SF,2023,20,44.75,0.5,8.8,0.0
SF,2023,21,56.0,0.6666666666666666,5.6,0.0
SF,2023,22,50.8,1.0,0.0,0.0
SF,2024,1,53.0,1.0,0.0,5.0
SF,2024,2,33.0,1.0,4.2,0.0
SF,2024,3,42.0,0.5,0.0,3.0
SF,2024,4,40.333332,1.0,7.6666665,4.0
SF,2024,5,41.0,1.0,5.3333335,0.0
SF,2024,6,40.5,1.0,24.25,2.75
SF,2024,7,44.583332,1.0,7.0,3.6666667
SF,2024,8,37.5,1.0,14.75,5.5
SF,2024,10,29.0,0.5,4.6,6.0
SF,2024,11,35.0,1.0,10.2,6.0
SF,2024,12,38.75,1.0,14.714286,10.25
SF,2024,13,33.0,0.3333333333333333,34.666668,8.333333
SF,2024,14,42.333332,1.0,0.0,3.6666667
SF,2024,15,36.642857,1.0,14.4,8.5
SF,2024,16,41.0,0.5,0.0,4.0
SF,2024,18,46.25,0.5,4.0,3.75
SF,2025,1,40.2,0.3333333333333333,10.0,7.8
SF,2025,2,43.0,1.0,15.666667,0.25
SF,2025,3,37.466667,1.0,20.0,5.2
SF,2025,4,42.3,1.0,16.0,3.2
SF,2025,5,42.0,1.0,14.6,0.0
SF,2025,6,36.166668,1.0,26.833334,8.333333
SF,2025,7,45.0,1.0,17.666666,2.6666667
SF,2025,8,47.6,0.9047619047619048,25.166666,0.0
TB,2022,1,45.06667,0.8,0.0,5.6
TB,2022,2,34.766666,1.0,7.0,3.4
TB,2022,3,45.785713,1.0,6.6666665,3.7142856
TB,2022,4,41.666668,1.0,6.375,0.0
TB,2022,5,42.583332,1.0,6.0,6.6666665
TB,2022,6,43.2,1.0,10.8,2.8
TB,2022,7,39.92857,1.0,11.5,6.571429
TB,2022,8,45.15,1.0,0.0,8.25
TB,2022,9,50.38889,0.75,6.25,9.111111
TB,2022,10,61.0,0.0,18.0,0.0
TB,2022,12,43.22222,1.0,0.0,4.0
TB,2022,13,46.06667,1.0,5.0,3.3333333
TB,2022,14,45.333332,0.0,21.666666,7.0
TB,2022,15,47.5,0.5,8.0,3.5
TB,2022,16,46.8,1.0,13.6,2.0
TB,2022,17,45.4,0.3333333333333333,0.0,0.0
TB,2022,18,46.6,1.0,3.4285715,4.0
TB,2022,19,40.5,0.7872549019607843,9.666667,8.5
TB,2023,1,48.7,1.0,5.75,5.8
TB,2023,2,51.35,0.6666666666666666,0.0,1.4
TB,2023,3,57.5,1.0,0.0,0.0
TB,2023,4,45.75,1.0,0.0,1.75
TB,2023,6,54.166668,1.0,11.0,0.0
TB,2023,7,47.0,1.0,12.5,1.0
TB,2023,8,50.833332,0.5,8.8,0.0
TB,2023,9,43.166668,1.0,6.75,7.3333335
TB,2023,10,30.45,1.0,0.0,3.75
TB,2023,11,26.666666,0.9166666666666666,9.166667,21.333334
TB,2023,12,52.0,1.0,0.0,0.0
TB,2023,13,43.5,0.9166666666666666,0.0,2.625
TB,2023,14,47.666668,1.0,4.8333335,6.5
TB,2023,15,58.5,1.0,0.0,6.5
TB,2023,16,44.5,1.0,8.5,6.0
TB,2023,17,37.9,0.9166666666666666,0.0,3.5
TB,2023,18,55.0,1.0,0.0,0.0
TB,2023,19,35.333332,1.0,6.75,6.0
TB,2023,20,51.75,0.5,0.0,0.0
TB,2024,1,33.0,1.0,7.3333335,5.0
TB,2024,2,46.0,1.0,0.0,0.0
TB,2024,3,47.25,0.95625,7.714286,0.0
TB,2024,4,34.3,1.0,4.6666665,3.2
TB,2024,5,43.5,1.0,24.333334,0.0
TB,2024,6,42.0,1.0,25.5,2.0
TB,2024,7,43.0,0.5,0.0,3.5
TB,2024,8,31.666668,1.0,2.857143,10.333333
TB,2024,9,38.7,1.0,9.2,4.5
TB,2024,10,45.5,1.0,0.0,0.0
TB,2024,12,36.25,1.0,3.0,3.75
TB,2024,13,45.6,0.8,14.0,0.0
TB,2024,14,41.916668,0.95625,12.0,0.75
TB,2024,16,38.55,1.0,11.5,6.2
TB,2024,17,51.8,1.0,5.0,0.2
TB,2024,18,33.0,1.0,14.666667,0.0
TB,2024,19,48.5,1.0,15.8,2.5156863
TB,2025,1,33.25,0.5,20.25,18.0
TB,2025,2,40.666668,0.0,13.6,1.5
TB,2025,3,41.0,0.8333333333333334,20.666666,-0.5
TB,2025,4,13.214286,1.0,16.0,14.285714
TB,2025,5,45.5,1.0,21.5,0.0
TB,2025,6,52.333332,0.5,26.333334,3.0
TB,2025,7,37.033333,1.0,19.0,6.8
TB,2025,8,47.666664,1.0,25.0,2.6666667
TEN,2022,1,46.666668,0.6666666666666666,8.25,10.333333
TEN,2022,2,55.5,0.8263888888888888,5.0,0.0
TEN,2022,3,53.333332,1.0,5.8,7.0
TEN,2022,4,52.75,1.0,26.25,0.0
TEN,2022,5,52.0,0.8263888888888888,0.0,0.0
TEN,2022,7,54.666668,1.0,15.0,0.0
TEN,2022,8,43.4,0.5,8.5,5.0
TEN,2022,9,46.916668,1.0,14.4,1.8333334
TEN,2022,10,48.333332,1.0,5.6666665,5.6666665
TEN,2022,11,47.666668,0.8263888888888888,22.25,3.0
TEN,2022,12,45.4,0.75,4.0,8.4
TEN,2022,13,48.88571,1.0,10.333333,8.4
TEN,2022,14,48.666668,0.8263888888888888,9.5,1.3333334
TEN,2022,15,56.0,0.0,1.5,0.0
TEN,2022,16,46.966667,0.8263888888888888,17.0,3.2
TEN,2022,17,47.4,1.0,4.1666665,0.0
TEN,2022,18,54.833332,1.0,14.2,0.5
TEN,2023,1,28.266668,1.0,0.0,7.4
TEN,2023,2,59.36667,1.0,0.0,1.8333334
TEN,2023,3,49.095238,1.0,3.5,4.3333335
TEN,2023,4,39.1,1.0,8.0,7.4
TEN,2023,5,31.0,1.0,2.0,12.0
TEN,2023,6,48.93333,1.0,0.0,3.6666667
TEN,2023,8,47.166668,0.9761904761904762,2.1666667,5.3333335
TEN,2023,9,55.25,1.0,9.2,1.75
TEN,2023,10,52.15,0.6666666666666666,0.0,4.6
TEN,2023,11,46.0,0.9761904761904762,11.571428,7.5
TEN,2023,12,51.04762,1.0,25.0,2.6666667
TEN,2023,13,35.514286,1.0,5.0,7.2
TEN,2023,14,42.8,1.0,3.8333333,6.0
TEN,2023,15,42.416668,1.0,3.8,2.8333333
TEN,2023,16,35.333332,1.0,5.2,3.6666667
TEN,2023,17,42.266666,1.0,0.0,7.3333335
TEN,2023,18,48.0,0.9761904761904762,0.0,0.0
TEN,2024,1,39.666668,1.0,21.166666,5.0
TEN,2024,2,39.033333,1.0,10.4,6.1666665
TEN,2024,3,41.95,0.8928571428571429,14.0,4.8
TEN,2024,4,33.8,1.0,7.0,8.0
TEN,2024,6,56.0,1.0,0.0,1.8
TEN,2024,7,51.600002,1.0,7.857143,1.6
TEN,2024,8,44.533333,0.8928571428571429,3.2222223,4.8
TEN,2024,9,44.85,1.0,11.75,1.75
TEN,2024,10,53.5,0.5,14.5,0.0
TEN,2024,11,43.0,1.0,4.6,5.2
TEN,2024,12,49.6,1.0,13.0,0.4
TEN,2024,13,45.25,1.0,19.714285,8.0
TEN,2024,14,46.166668,1.0,19.333334,1.5
TEN,2024,15,67.0,0.8928571428571429,2.857143,0.0
TEN,2024,16,49.5,0.0,9.857142,5.75
TEN,2024,17,46.666668,1.0,13.4,3.0
TEN,2024,18,43.8,1.0,28.25,0.0
TEN,2025,1,45.375,1.0,28.8,4.0
TEN,2025,2,37.666668,1.0,11.857142,12.333333
TEN,2025,3,52.0,0.5,23.142857,0.0
TEN,2025,4,42.6,0.0,23.5,0.0
TEN,2025,5,49.485714,1.0,34.0,4.714286
TEN,2025,6,44.0,1.0,13.2,0.0
TEN,2025,7,36.916668,1.0,14.0,3.75
TEN,2025,8,43.0,0.0,25.0,0.0
WAS,2022,1,41.666668,0.8910256410256411,7.3333335,7.3333335
WAS,2022,2,40.733334,0.8910256410256411,18.285715,6.6
WAS,2022,3,53.25,0.8910256410256411,5.8,0.0
WAS,2022,4,43.666668,1.0,2.5714285,1.3333334
WAS,2022,5,37.541668,1.0,11.5,3.625
WAS,2022,6,42.416668,0.6666666666666666,13.5,8.75
WAS,2022,7,46.4,0.75,19.5,1.6
WAS,2022,8,43.25,1.0,8.2,5.75
WAS,2022,9,41.166668,1.0,13.6,6.8333335
WAS,2022,10,39.5,1.0,3.5,4.0
WAS,2022,11,40.533333,1.0,24.0,3.6666667
WAS,2022,12,42.333332,1.0,12.75,0.0
WAS,2022,13,40.595238,0.6666666666666666,5.4,3.5714285
WAS,2022,15,43.45,1.0,18.6,0.8
WAS,2022,16,46.0,0.8910256410256411,11.625,2.0
WAS,2022,17,41.25,1.0,14.0,3.75
WAS,2022,18,40.07143,0.5,13.5,5.5
WAS,2023,1,42.333332,1.0,4.2,2.0
WAS,2023,2,53.0,0.5,0.0,3.0
WAS,2023,3,50.0,1.0,5.625,0.0
WAS,2023,4,37.93333,1.0,4.142857,4.6666665
WAS,2023,5,44.833332,0.6666666666666666,0.0,6.6666665
WAS,2023,6,22.999998,1.0,3.25,20.333334
WAS,2023,7,47.175,0.0,12.666667,4.125
WAS,2023,8,42.5,1.0,3.857143,5.5
WAS,2023,9,42.63333,1.0,18.0,5.1666665
WAS,2023,10,43.15,1.0,19.0,2.25
WAS,2023,11,45.0,1.0,12.833333,0.0
WAS,2023,12,36.666668,1.0,0.0,3.0
WAS,2023,13,39.13333,0.0,0.0,3.6666667
WAS,2023,15,35.6,0.8111111111111111,10.5,5.0
WAS,2023,16,29.583334,0.8111111111111111,0.85714287,7.1666665
WAS,2023,17,51.0,1.0,0.0,1.0
WAS,2023,18,25.0,1.0,11.0,4.596354
WAS,2024,1,46.333332,0.0,6.0,0.0
WAS,2024,4,47.0,1.0,0.0,4.0
WAS,2024,5,43.285713,1.0,11.5,4.714286
WAS,2024,6,32.333332,0.75,4.571429,10.0
WAS,2024,7,37.0,1.0,17.0,3.0
WAS,2024,8,38.657143,0.8,15.666667,4.142857
WAS,2024,9,50.5,1.0,7.0,4.0
WAS,2024,10,55.0,1.0,23.6,0.0
WAS,2024,11,41.86667,1.0,9.833333,2.3333333
WAS,2024,12,38.0,0.6666666666666666,16.833334,3.1666667
WAS,2024,13,47.5,0.0,18.0,4.5
WAS,2024,15,43.0,0.6666666666666666,28.75,3.0
WAS,2024,16,44.75,0.8096491228070175,29.428572,1.25
WAS,2024,17,37.333332,1.0,4.8333335,13.666667
WAS,2024,18,41.85,1.0,0.0,5.75
WAS,2024,20,48.0,0.5,0.0,0.0
WAS,2024,21,45.0,1.0,10.888889,0.0
WAS,2025,1,49.0,0.7,28.666666,0.0
WAS,2025,2,34.25,0.3333333333333333,17.166666,12.5
WAS,2025,3,24.833334,0.6666666666666666,29.5,21.166666
WAS,2025,4,44.5,1.0,28.428572,0.0
WAS,2025,5,50.5,1.0,30.666666,0.0
WAS,2025,6,25.5,0.5,21.166666,4.5
WAS,2025,7,54.533333,0.7,20.9,2.6666667
WAS,2025,8,33.333332,0.7,13.4,14.0
ARI,2023,17,45.56379,1.0,12.333333,14.5
ATL,2024,18,41.96042,0.5,13.714286,3.0
BAL,2024,20,43.160183,1.0,22.333334,5.3333335
BUF,2022,1,42.593628,1.0,0.0,5.0
CIN,2024,3,44.073013,0.6666666666666666,18.428572,4.1825895
CIN,2024,8,44.073013,0.5,5.25,0.0
DAL,2023,13,48.81131,1.0,2.5,1.5481793
DAL,2023,18,48.81131,0.3333333333333333,9.666667,4.0
DET,2022,13,44.33631,1.0,17.75,6.6666665
DET,2024,6,43.12222,1.0,8.5,3.0
DET,2024,11,43.12222,1.0,0.0,6.0
DET,2024,17,43.12222,1.0,14.333333,6.0235295
GB,2023,18,42.299736,0.5,5.25,0.0
IND,2025,1,46.691666,1.0,27.0,0.0
IND,2025,2,46.691666,1.0,28.0,1.3333334
LA,2022,16,42.00357,1.0,2.3333333,6.0
LAC,2025,8,47.51769,0.75,25.0,0.0
MIA,2022,10,43.25616,1.0,15.0,8.0
MIA,2024,11,42.005356,1.0,13.0,0.0
NYJ,2024,16,42.78341,0.5,19.8,0.0
PHI,2022,16,39.271053,1.0,6.0,0.0
SEA,2022,4,47.429832,0.6666666666666666,0.0,3.5
SEA,2023,13,44.972767,0.0,0.0,4.7291665
SF,2024,17,39.6183,0.0,16.0,4.6510415
TB,2024,15,41.207844,1.0,9.25,3.3333333
WAS,2024,2,43.377033,1.0,11.666667,12.0
WAS,2024,3,43.377033,1.0,14.5,4.422306
WAS,2024,19,43.377033,1.0,12.0,8.5
