posteam,season,week,off_yards_per_play,off_yards_per_pass_attempt,def_yards_per_play_allowed,def_yards_per_pass_allowed
ARI,2022,1,4.453125,4.5652175,7.3939395,8.902439
ARI,2022,2,5.2125,5.226415,5.3114753,6.1707315
ARI,2022,3,4.5061727,4.887097,7.75,9.0
ARI,2022,4,5.0147057,6.1666665,4.230769,4.6153846
ARI,2022,5,5.4179106,5.8095236,5.114286,6.2
ARI,2022,6,4.4366198,4.5957446,4.4848485,5.0526314
ARI,2022,7,5.4262295,6.121212,7.071429,8.288462
ARI,2022,8,5.357143,6.25,5.602941,5.404762
ARI,2022,9,4.295082,4.409091,6.220588,7.5263157
ARI,2022,10,4.671875,5.55,4.355932,4.75
ARI,2022,11,4.4225354,5.1836734,7.072727,7.862069
ARI,2022,12,5.71875,6.2727275,4.90625,5.296296
ARI,2022,14,4.6811595,4.5576925,6.1296296,6.135135
ARI,2022,15,4.0,4.097561,5.0153847,4.7272725
ARI,2022,16,4.452055,4.3541665,5.155844,5.8541665
ARI,2022,17,4.9130435,5.0,4.983333,6.0689654
ARI,2022,18,5.2244897,6.548387,5.0983605,6.0384617
ARI,2023,1,3.6206896,3.4545455,3.8153846,4.282051
ARI,2023,2,6.2459016,7.84375,6.552239,7.822222
ARI,2023,3,7.5849056,7.4166665,5.5466666,5.6666665
ARI,2023,4,5.3235292,6.1702127,7.7843137,12.318182
ARI,2023,5,5.1578946,4.3428574,4.8846154,5.901961
ARI,2023,6,4.8055553,5.826087,7.207547,7.8846154
ARI,2023,7,3.952381,3.2564104,5.714286,7.607143
ARI,2023,8,4.3472223,4.7380953,4.559322,4.34375
ARI,2023,9,1.2083334,1.40625,4.6571426,7.121212
ARI,2023,10,5.9,6.756757,3.9230769,3.75
ARI,2023,11,5.40678,6.4594593,6.3636365,7.3333335
ARI,2023,12,4.4545455,4.38,6.9242425,6.7941175
ARI,2023,13,4.75,5.5185184,5.5789475,6.5333333
ARI,2023,15,5.972603,4.8913045,8.0,9.703704
ARI,2023,16,5.1,5.404762,6.2686567,6.6060605
ARI,2023,17,6.236111,7.029412,5.8510637,7.88
ARI,2023,18,6.753623,9.15625,6.0925927,7.0
ARI,2024,1,4.55,5.0789475,6.1929827,8.5
ARI,2024,2,7.887097,11.807693,4.7115383,6.0
ARI,2024,3,5.226415,6.0540543,5.681818,7.4615383
ARI,2024,4,5.1034484,4.3703704,6.632353,7.1621623
ARI,2024,5,6.482143,6.212121,6.095238,6.4390244
ARI,2024,6,5.509091,6.25,6.4558825,7.8
ARI,2024,7,6.207547,7.2413793,6.269841,8.0
ARI,2024,8,6.290323,8.405405,5.890625,6.0
ARI,2024,9,6.140351,5.9565215,3.5072465,3.56
ARI,2024,10,7.267857,10.36,3.7636364,3.368421
ARI,2024,12,5.321429,5.9302325,4.8644066,6.0540543
ARI,2024,13,5.3421054,5.78,5.48,5.8461537
ARI,2024,14,5.698413,6.0,6.704918,7.766667
ARI,2024,15,6.285714,6.75,6.3469386,7.464286
ARI,2024,16,5.96875,5.3414636,6.140625,6.6060605
ARI,2024,17,5.3513513,5.5185184,4.8679247,6.090909
ARI,2024,18,6.2380953,6.9722223,6.1549296,6.652174
ARI,2025,1,4.52459,4.2702703,4.7014923,4.87234
ARI,2025,2,6.2765956,8.448276,4.525641,5.1864405
ARI,2025,3,4.0625,4.525,5.9333334,6.878049
ARI,2025,4,3.953125,3.9607842,6.0,8.433333
ARI,2025,5,5.625,5.5945945,5.491803,5.9761906
ARI,2025,6,5.714286,6.893617,6.375,6.818182
ARI,2025,7,4.714286,5.652174,5.0576925,5.787879
ATL,2022,1,5.9428573,7.135135,6.7894735,6.282051
ATL,2022,2,4.614035,5.757576,5.3492064,7.3513513
ATL,2022,3,7.4615383,8.6,6.0869565,6.695652
ATL,2022,4,6.4615383,6.55,5.6760564,6.105263
ATL,2022,5,4.2419353,4.142857,5.821918,6.6603775
ATL,2022,6,5.160714,8.0,6.0701756,7.1904764
ATL,2022,7,4.7555556,6.5263157,8.276923,10.2
ATL,2022,8,6.1666665,7.83871,6.4864864,8.657895
ATL,2022,9,5.25,4.5925927,5.0149255,5.6363635
ATL,2022,10,4.9322033,5.361111,5.203125,5.9411764
ATL,2022,11,5.8958335,6.2727275,4.3636365,5.354839
ATL,2022,12,6.0363636,6.3461537,5.338983,6.0
ATL,2022,13,5.773585,6.4,5.5,6.967742
ATL,2022,15,4.6,3.5714285,6.462963,10.190476
ATL,2022,16,4.8088236,5.891892,6.2040815,6.7777777
ATL,2022,17,4.983333,6.0689654,4.9130435,5.0
ATL,2022,18,5.7014923,6.382353,4.111111,4.0
ATL,2023,1,4.7234044,4.1363635,3.9027777,3.5
ATL,2023,2,5.805195,6.7894735,4.8913045,6.0740743
ATL,2023,3,2.8153846,3.0434783,5.9180326,7.2352943
ATL,2023,4,5.0350876,4.611111,4.9836063,6.5
ATL,2023,5,6.178082,8.95,5.3965516,7.114286
ATL,2023,6,5.088608,6.1568627,4.0625,4.206897
ATL,2023,7,6.265625,9.607142,5.15625,6.2391305
ATL,2023,8,5.276923,5.116279,5.90625,7.21875
ATL,2023,9,5.6060605,6.8292685,5.0136986,6.1875
ATL,2023,10,3.9230769,3.75,5.9,6.756757
ATL,2023,12,6.508197,8.416667,6.742424,7.6
ATL,2023,13,3.0952382,3.4666667,3.8656716,4.7674417
ATL,2023,14,6.3188405,7.8444443,4.328358,4.645161
ATL,2023,15,4.1,7.285714,4.766667,5.928571
ATL,2023,16,6.4444447,7.029412,3.925373,4.3913045
ATL,2023,17,5.2033896,5.6153846,6.0,7.1842103
ATL,2023,18,6.483333,8.805555,6.060606,7.935484
ATL,2024,1,4.612245,5.0740743,4.090909,5.4666667
ATL,2024,2,6.7894735,7.3125,5.4117646,6.542857
ATL,2024,3,5.672727,7.387097,5.188406,5.8809524
ATL,2024,4,6.1764708,6.3055553,5.2285714,6.3157897
ATL,2024,5,6.962025,7.819672,6.68,7.2
ATL,2024,6,6.6153846,7.5,5.403226,6.0
ATL,2024,7,5.285714,5.4871793,6.053571,7.6060605
ATL,2024,8,6.5666666,8.6875,6.1857142,6.8
ATL,2024,9,5.9444447,7.7777777,5.135135,4.909091
ATL,2024,10,6.410959,7.0,7.1764708,10.62963
ATL,2024,11,4.109091,5.1764708,6.6666665,8.514286
ATL,2024,13,4.5454545,5.85,4.3636365,4.4333334
ATL,2024,14,7.0140843,8.894737,8.226415,9.588235
ATL,2024,15,4.5789475,4.5238094,3.890625,4.688889
ATL,2024,16,5.269841,7.172414,4.2545457,4.5
ATL,2024,17,5.616667,5.631579,5.4342103,5.5833335
ATL,2024,18,6.974026,7.875,6.65625,7.5641026
ATL,2025,1,5.1285715,6.617021,4.7454543,5.3783784
ATL,2025,2,5.274194,4.5,4.304348,4.8
ATL,2025,3,5.030303,4.6666665,4.1666665,4.5185184
ATL,2025,4,7.180328,11.142858,5.8039217,5.7
ATL,2025,6,6.830769,6.857143,5.388889,5.852941
ATL,2025,7,4.866667,5.6190476,5.09375,5.642857
ATL,2025,8,4.4583335,5.25,5.2,7.035714
ATL,2025,9,5.3333335,5.9,5.1384616,6.1
BAL,2022,1,5.4117646,6.470588,4.810127,4.790323
BAL,2022,2,8.759259,11.193548,7.927536,9.039216
BAL,2022,3,7.089286,6.2941175,6.984375,8.121951
BAL,2022,4,4.714286,4.868421,5.4666667,5.928571
BAL,2022,5,5.4333334,5.0,4.9322033,5.0
BAL,2022,6,7.0,6.1666665,4.101695,4.96875
BAL,2022,7,4.112903,5.285714,6.0,7.0588236
BAL,2022,8,6.4084506,5.5238094,5.629032,6.510638
BAL,2022,9,4.9076924,5.24,4.9591837,5.6571426
BAL,2022,11,4.753846,5.189189,3.7962964,4.6410255
BAL,2022,12,6.147059,7.7894735,5.387097,6.9069767
BAL,2022,13,4.1911764,4.804348,5.230769,7.8846154
BAL,2022,14,5.5263157,5.173913,6.207547,8.0
BAL,2022,15,5.3114753,3.942857,4.655738,4.90625
BAL,2022,16,6.2040815,6.7777777,4.8088236,5.891892
BAL,2022,17,4.897959,5.7083335,5.1911764,5.275862
BAL,2022,18,5.287671,6.0,4.015625,4.6222224
BAL,2022,19,5.5151515,6.5454545,4.388889,4.85
BAL,2023,1,4.5254235,6.193548,3.774648,4.1538463
BAL,2023,2,6.0289855,6.85,4.9473686,5.139535
BAL,2023,3,5.0555553,5.65,3.892857,3.8367348
BAL,2023,4,5.3818183,6.923077,2.609375,2.2790697
BAL,2023,5,5.0,5.0,4.8688526,5.5135136
BAL,2023,6,5.231884,6.6486487,5.0652175,4.0333333
BAL,2023,7,9.333333,11.454545,4.6164384,4.2881355
BAL,2023,8,4.559322,4.34375,4.3472223,4.7380953
BAL,2023,9,7.1805553,6.7297297,3.3043478,3.878788
BAL,2023,10,6.12,7.4333334,5.0133333,5.0652175
BAL,2023,11,6.75,8.121212,4.6101694,4.4634147
BAL,2023,12,5.4179106,4.8055553,4.2272725,4.7058825
BAL,2023,14,6.366197,7.037037,5.630137,6.409091
BAL,2023,15,5.7391305,5.645161,5.4590163,6.2291665
BAL,2023,16,5.548387,7.179487,6.3088236,6.2156863
BAL,2023,17,9.301887,13.730769,5.597015,5.340909
BAL,2023,18,4.017857,4.0263157,4.7540984,5.826087
BAL,2023,20,5.2537313,6.2,4.652174,5.285714
BAL,2023,21,6.017857,6.173913,4.6,5.6363635
BAL,2024,1,6.108108,6.576923,7.2244897,9.193548
BAL,2024,2,5.8688526,6.9166665,4.423729,5.418605
BAL,2024,3,7.8965516,11.058824,5.7222223,6.4385967
BAL,2024,4,7.9074073,7.8,4.140351,4.5945945
BAL,2024,5,6.855263,7.893617,6.7272725,8.651163
BAL,2024,6,7.714286,10.433333,5.446429,6.547619
BAL,2024,7,9.407408,11.037037,6.126582,7.0555553
BAL,2024,8,6.45,7.243902,5.9850745,7.2954545
BAL,2024,9,7.4905663,12.772727,4.776119,5.571429
BAL,2024,10,6.7586207,8.611111,6.1842103,7.0
BAL,2024,11,6.111111,5.6944447,4.236111,4.487805
BAL,2024,12,6.6271186,7.375,4.75,5.25
BAL,2024,13,5.2394366,6.3636365,4.8846154,5.3333335
BAL,2024,15,7.6896553,10.206897,4.016949,4.525
BAL,2024,16,7.1355934,8.24,5.338983,6.027027
BAL,2024,17,7.0819674,10.6,3.9074075,4.2105265
BAL,2024,18,6.621212,7.0,4.2777777,4.783784
BAL,2024,19,6.642857,7.6,6.3863635,7.1666665
BAL,2024,20,7.1896553,8.606061,4.8245616,5.478261
BAL,2025,1,8.64,9.681818,6.5194807,7.703704
BAL,2025,2,4.92,6.3030305,4.4722223,4.2156863
BAL,2025,3,5.7818184,6.4615383,6.5692306,7.137931
BAL,2025,4,6.792453,5.875,5.6617646,6.585366
BAL,2025,5,5.175,7.7619047,6.546875,8.142858
BAL,2025,6,4.0,3.6923077,4.9591837,5.862069
BAL,2025,8,6.016949,8.28,6.0,7.3170733
BAL,2025,9,6.296296,7.5555553,5.442623,5.857143
BUF,2022,1,7.263158,8.736842,3.6818182,3.9387755
BUF,2022,2,6.6031747,7.6904764,3.528302,4.285714
BUF,2022,3,5.5842695,6.042857,5.4358974,7.7727275
BUF,2022,4,5.4666667,5.928571,4.714286,4.868421
BUF,2022,5,10.882353,12.153846,5.0555553,5.714286
BUF,2022,6,6.4428573,7.6363635,6.344262,7.2340426
BUF,2022,8,6.981132,8.533334,6.3174605,6.090909
BUF,2022,9,5.196721,5.047619,5.1833334,5.3103447
BUF,2022,10,6.75,7.9,6.179487,6.25
BUF,2022,11,5.774194,6.4,5.925373,7.688889
BUF,2022,12,5.418919,5.66,4.8235292,5.8974357
BUF,2022,13,5.279412,6.4054055,4.745098,4.9210525
BUF,2022,14,4.3962264,4.909091,4.232877,4.5686274
BUF,2022,15,6.352113,6.9069767,6.9827585,6.5882354
BUF,2022,16,7.254237,6.6875,3.6034484,4.375
BUF,2022,18,6.0,7.0,5.390625,5.5116277
BUF,2022,19,5.9859157,6.7916665,3.3285713,3.7307692
BUF,2022,20,5.2419353,5.9148936,6.0735292,7.105263
BUF,2023,1,4.6865673,5.122449,5.7058825,4.730769
BUF,2023,2,6.2777777,6.8461537,6.1538463,7.44
BUF,2023,3,6.15873,7.542857,4.509804,3.6666667
BUF,2023,4,8.038462,10.931034,6.661017,6.142857
BUF,2023,5,7.203704,8.581395,5.8170733,6.574468
BUF,2023,6,5.0338984,5.625,4.464789,4.9761906
BUF,2023,7,5.1363635,5.9130435,6.5,8.393939
BUF,2023,8,6.3880596,7.3333335,4.870968,5.0625
BUF,2023,9,5.696429,6.2444444,6.25,7.6086955
BUF,2023,10,7.0,6.607143,4.4347825,5.5945945
BUF,2023,11,5.7246375,7.714286,2.8181818,2.675
BUF,2023,12,5.5604396,6.9649124,5.921875,6.2105265
BUF,2023,14,4.7,4.7291665,5.580645,6.0444446
BUF,2023,15,5.709677,5.368421,3.4210527,3.2439024
BUF,2023,16,6.4423075,10.173913,4.1538463,4.4615383
BUF,2023,17,4.287879,5.2647057,5.673077,7.290323
BUF,2023,18,6.3333335,8.8,5.7291665,6.0
BUF,2023,19,5.707692,7.3235292,5.225806,5.707317
BUF,2023,20,4.717949,5.326087,8.5348835,9.6
BUF,2024,1,6.1929827,8.5,4.55,5.0789475
BUF,2024,2,5.952381,7.1,4.68,5.2954545
BUF,2024,3,6.59322,8.542857,3.514706,2.8461537
BUF,2024,4,4.140351,4.5945945,7.9074073,7.8
BUF,2024,5,4.677966,5.142857,6.3432837,8.523809
BUF,2024,6,6.3508773,7.4,6.661017,7.1578946
BUF,2024,7,7.203704,9.2,4.378788,4.837209
BUF,2024,8,6.787879,7.756757,5.0869565,7.0
BUF,2024,9,5.5423727,6.02439,6.338983,7.6
BUF,2024,10,6.0289855,7.365854,5.9180326,6.1538463
BUF,2024,11,5.3333335,6.822222,4.980769,5.1714287
BUF,2024,13,7.075472,8.421053,5.195652,4.285714
BUF,2024,14,8.240741,10.195122,6.3472223,10.666667
BUF,2024,15,8.358209,10.513514,6.9466667,7.83871
BUF,2024,16,5.586207,5.2352943,5.5735292,6.675
BUF,2024,17,5.8166666,9.0,4.7966104,4.5384617
BUF,2024,18,3.9846153,4.151515,5.37931,7.4242425
BUF,2024,19,6.8,8.69697,5.3333335,6.642857
BUF,2024,20,4.8245616,5.478261,7.1896553,8.606061
BUF,2024,21,5.3428574,6.3157897,6.114754,7.885714
BUF,2025,1,6.5194807,7.703704,8.64,9.681818
BUF,2025,2,6.074627,7.483871,3.2765958,3.3225806
BUF,2025,3,6.3157897,7.0625,4.677966,4.4
BUF,2025,4,6.648148,8.0,4.5151515,4.3428574
BUF,2025,5,5.9508195,7.5641026,6.035714,7.75
BUF,2025,6,5.388889,5.852941,6.830769,6.857143
BUF,2025,8,6.8333335,6.6,4.1355934,4.09375
BUF,2025,9,6.428571,8.966666,5.293103,5.974359
CAR,2022,1,5.3469386,6.6875,4.9305553,4.0555553
CAR,2022,2,5.0925927,4.388889,3.9264705,4.372093
CAR,2022,3,4.983051,5.285714,6.65625,8.142858
CAR,2022,4,4.230769,4.6153846,5.0147057,6.1666665
CAR,2022,5,4.6666665,5.0833335,6.762712,7.625
CAR,2022,6,4.744186,4.7826085,5.9508195,7.3235292
CAR,2022,7,6.86,7.3913045,4.878788,5.4313726
CAR,2022,8,6.4864864,8.657895,6.1666665,7.83871
CAR,2022,9,4.75,5.483871,6.6714287,6.757576
CAR,2022,10,5.203125,5.9411764,4.9322033,5.361111
CAR,2022,11,3.7962964,4.6410255,4.753846,5.189189
CAR,2022,12,5.46875,8.3,4.3157897,3.325
CAR,2022,14,4.633803,4.785714,5.4150944,6.214286
CAR,2022,15,4.9761906,7.0740743,4.8656716,7.347826
CAR,2022,16,8.921875,11.363636,6.145161,7.630435
CAR,2022,17,6.779661,8.871795,6.4,8.26
CAR,2022,18,3.5,2.95,5.2413793,6.1923075
CAR,2023,1,3.9027777,3.5,4.7234044,4.1363635
CAR,2023,2,4.2280703,4.375,4.8591547,5.0487804
CAR,2023,3,5.04,5.548387,6.3382354,7.205128
CAR,2023,4,3.4117646,4.076923,6.0227275,6.1904764
CAR,2023,5,5.2615385,5.744186,6.6666665,7.266667
CAR,2023,6,4.352941,4.372093,6.903226,8.1875
CAR,2023,8,3.672131,4.825,4.017544,4.678571
CAR,2023,9,3.8732395,3.7083333,3.7222223,4.535714
CAR,2023,10,3.7368422,4.2727275,4.347826,4.783784
CAR,2023,11,3.2413793,2.1891892,4.830769,4.928571
CAR,2023,12,3.8507462,4.868421,5.4489794,6.571429
CAR,2023,13,4.0571427,4.257143,5.785714,6.4666667
CAR,2023,14,3.835443,3.2325583,4.18,4.0740743
CAR,2023,15,4.766667,5.928571,4.1,7.285714
CAR,2023,16,6.285714,8.0,5.857143,7.266667
CAR,2023,17,2.3396227,1.7692307,5.534483,6.448276
CAR,2023,18,3.98,4.0,3.7704918,3.3513513
CAR,2024,1,3.509091,3.7692308,6.112903,7.9615383
CAR,2024,2,3.4565217,2.586207,5.693548,6.2727275
CAR,2024,3,6.362319,7.65,5.55,6.347826
CAR,2024,4,5.4492755,5.3488374,6.016129,7.5625
CAR,2024,5,5.034483,4.4634147,6.3880596,9.166667
CAR,2024,6,5.403226,6.0,6.6153846,7.5
CAR,2024,7,4.3095236,4.2380953,6.9508195,8.0
CAR,2024,8,4.733333,5.3095236,5.661972,7.1666665
CAR,2024,9,5.0816326,5.9333334,5.693333,6.7647057
CAR,2024,10,5.275862,5.285714,4.830986,4.65
CAR,2024,12,5.6949153,6.725,5.75,6.0851064
CAR,2024,13,5.397059,6.12,5.881579,5.6153846
CAR,2024,14,4.4558825,5.219512,5.267857,4.821429
CAR,2024,15,4.7,5.0540543,6.0441175,6.862069
CAR,2024,16,6.140625,6.6060605,5.96875,5.3414636
CAR,2024,17,4.4347825,4.9428573,7.7887325,10.028571
CAR,2024,18,6.65625,7.5641026,6.974026,7.875
CAR,2025,1,4.266667,4.575,6.3333335,6.0
CAR,2025,2,4.525641,5.1864405,6.2765956,8.448276
CAR,2025,3,4.1666665,4.5185184,5.030303,4.6666665
CAR,2025,4,5.0153847,5.263158,6.866667,9.727273
CAR,2025,5,6.790323,5.5454545,4.6792455,5.85
CAR,2025,6,6.66129,7.4814816,5.6346154,7.6764708
CAR,2025,7,4.470588,5.1944447,3.6666667,3.5681818
CAR,2025,8,4.1355934,4.09375,6.8333335,6.6
CAR,2025,9,4.9074073,4.826087,5.857143,6.9736843
CHI,2022,1,3.8867924,5.7826085,4.9402986,5.0
CHI,2022,2,5.5609756,3.5,6.3846154,7.5172415
CHI,2022,3,6.0666666,4.96,5.7719297,7.181818
CHI,2022,4,5.0666666,5.9142857,5.4590163,5.6363635
CHI,2022,5,5.6458335,7.9333334,6.013889,7.25
CHI,2022,6,5.6666665,5.714286,3.9629629,3.3076923
CHI,2022,7,5.6666665,6.423077,5.5531917,6.6875
CHI,2022,8,5.082192,5.121212,8.072727,8.642858
CHI,2022,9,5.3,6.0,7.66,9.870968
CHI,2022,10,7.034483,6.3461537,5.586207,8.1
CHI,2022,11,4.3636365,5.354839,5.8958335,6.2727275
CHI,2022,12,5.327273,6.107143,7.7833333,10.266666
CHI,2022,13,8.367347,9.357142,5.822581,5.757576
CHI,2022,15,4.368421,4.757576,6.071429,7.7619047
CHI,2022,16,3.6034484,4.375,7.254237,6.6875
CHI,2022,17,4.6,3.3125,7.567164,7.709677
CHI,2022,18,5.3265305,4.774194,6.7887325,10.1470585
CHI,2023,1,4.3472223,5.0816326,5.483333,8.266666
CHI,2023,2,4.627451,4.7222223,6.651515,8.842105
CHI,2023,3,3.9803922,3.7586207,6.260274,8.073171
CHI,2023,4,6.7285714,7.878049,6.638298,7.290323
CHI,2023,5,7.046875,8.545455,5.7352943,6.196721
CHI,2023,6,4.3125,4.28125,4.185185,5.2727275
CHI,2023,7,4.880597,5.212121,3.852459,4.1702127
CHI,2023,8,4.790323,5.625,5.415385,7.292683
CHI,2023,9,5.75,7.2702703,4.9508195,6.0555553
CHI,2023,10,4.347826,4.783784,3.7368422,4.2727275
CHI,2023,11,4.785714,6.9310346,5.779661,5.8717947
CHI,2023,12,4.9384613,4.9545455,4.745098,5.0
CHI,2023,14,5.2,5.8536587,4.2380953,3.2564104
CHI,2023,15,3.3714285,3.5333333,5.626866,7.102041
CHI,2023,16,6.2686567,6.6060605,5.1,5.404762
CHI,2023,17,6.0,7.1842103,5.2033896,5.6153846
CHI,2023,18,4.173913,5.4583335,7.4827585,9.088235
CHI,2024,1,2.9230769,2.4117646,4.0,3.2894738
CHI,2024,2,3.1060605,3.7083333,5.1833334,6.025641
CHI,2024,3,4.702381,5.928571,6.0784316,7.4545455
CHI,2024,4,5.1153846,5.1153846,5.5689654,6.151515
CHI,2024,5,6.3880596,9.166667,5.034483,4.4634147
CHI,2024,6,6.4827585,7.7352943,4.65,5.181818
CHI,2024,8,5.0655737,4.121212,6.6805553,7.847826
CHI,2024,9,3.5072465,3.56,6.140351,5.9565215
CHI,2024,10,2.4067798,2.0487804,5.483333,7.206897
CHI,2024,11,5.6666665,6.525,8.5348835,13.9
CHI,2024,12,5.4054055,6.1578946,6.953846,8.631579
CHI,2024,13,5.101695,5.4583335,5.869565,5.861111
CHI,2024,14,3.0566037,3.3235295,7.55,11.642858
CHI,2024,15,4.5238094,4.7027025,4.633803,5.1190476
CHI,2024,16,6.4745765,7.7608695,7.4375,9.969697
CHI,2024,17,3.086207,2.6578948,5.32,5.821429
CHI,2024,18,4.0,4.625,5.919355,6.3448277
CHI,2025,1,5.031746,5.9534883,5.019608,5.6538463
CHI,2025,2,5.296875,5.775,8.810345,11.724138
CHI,2025,3,7.0363636,10.344828,5.852941,5.7708335
CHI,2025,4,4.25,5.285714,7.0,6.6363635
CHI,2025,6,6.4915257,7.0588236,5.59322,7.4
CHI,2025,7,5.9692307,6.0740743,4.773585,5.8378377
CHI,2025,8,6.0,7.3170733,6.016949,8.28
CHI,2025,9,7.4805193,7.688889,7.6615386,8.843137
CIN,2022,1,4.568421,5.242424,4.5423727,5.05
CIN,2022,2,3.835821,4.2173915,5.8103447,7.25
CIN,2022,3,5.171875,6.820513,4.3157897,4.5
CIN,2022,4,6.233333,8.942857,6.3,7.794872
CIN,2022,5,4.9322033,5.0,5.4333334,5.0
CIN,2022,6,6.462963,6.9069767,5.619718,4.6216216
CIN,2022,7,8.276923,10.2,4.7555556,6.5263157
CIN,2022,8,4.58,4.825,6.6119404,10.84
CIN,2022,9,6.6714287,6.757576,4.75,5.483871
CIN,2022,11,6.5079365,8.285714,5.1617646,5.659091
CIN,2022,12,6.096774,7.1904764,6.142857,7.8378377
CIN,2022,13,6.765625,8.388889,6.462963,7.096774
CIN,2022,14,6.3103447,6.4324327,4.985507,6.212766
CIN,2022,15,3.9508197,4.5581393,5.5774646,6.489362
CIN,2022,16,5.679487,6.8,5.5,6.0540543
CIN,2022,18,4.015625,4.6222224,5.287671,6.0
CIN,2022,19,4.388889,4.85,5.5151515,6.5454545
CIN,2022,20,6.0735292,7.105263,5.2419353,5.9148936
CIN,2022,21,4.904762,5.244898,5.409091,6.591837
CIN,2023,1,2.7692308,1.9705882,4.821918,4.6571426
CIN,2023,2,4.9473686,5.139535,6.0289855,6.85
CIN,2023,3,4.4428573,4.84,5.6153846,5.7
CIN,2023,4,4.24,4.0285716,6.5737705,7.677419
CIN,2023,5,4.8846154,5.901961,5.1578946,4.3428574
CIN,2023,6,4.1346154,4.4358974,5.4857144,6.5416665
CIN,2023,8,6.5737705,7.8157897,8.214286,10.358974
CIN,2023,9,6.25,7.6086955,5.696429,6.2444444
CIN,2023,10,6.4576273,7.106383,7.3513513,8.878049
CIN,2023,11,4.6101694,4.4634147,6.75,8.121212
CIN,2023,12,5.575,6.46875,6.523077,7.4594593
CIN,2023,13,6.8194447,8.476191,5.529412,6.869565
CIN,2023,14,6.754386,10.37037,4.5833335,5.318182
CIN,2023,15,5.6865673,6.3404255,6.328358,7.3846154
CIN,2023,16,5.967742,6.7608695,6.8448277,10.034483
CIN,2023,17,3.7042253,4.25,7.352941,7.4242425
CIN,2023,18,5.377049,4.939394,4.7115383,5.1875
CIN,2024,1,4.6666665,4.7714286,4.7868853,5.3103447
CIN,2024,2,5.2459016,6.1707315,4.766667,5.1875
CIN,2024,3,7.147541,7.5238094,6.509091,9.033334
CIN,2024,4,6.016129,7.5625,5.4492755,5.3488374
CIN,2024,5,6.7272725,8.651163,6.855263,7.893617
CIN,2024,6,6.12,7.0588236,4.366197,4.744186
CIN,2024,7,4.52,5.857143,4.4155846,4.5789475
CIN,2024,8,4.9298244,5.95,6.7288136,11.571428
CIN,2024,9,5.4347825,6.1707315,3.677966,4.076923
CIN,2024,10,6.1842103,7.0,6.7586207,8.611111
CIN,2024,11,5.794872,6.7272725,7.016129,8.439024
CIN,2024,13,6.5789475,6.6136365,8.15625,10.121951
CIN,2024,14,6.904762,7.804348,5.4576273,4.8285713
CIN,2024,15,5.873016,7.2702703,5.84375,7.769231
CIN,2024,16,5.9454546,6.361111,4.3333335,3.5238094
CIN,2024,17,6.0240965,7.051724,5.483333,6.025641
CIN,2024,18,4.5,4.92,3.3275862,3.6216216
CIN,2025,1,2.877551,3.5,4.6056337,5.875
CIN,2025,2,5.3846154,6.2916665,5.714286,6.0
CIN,2025,3,3.2884614,3.8064516,6.0689654,6.448276
CIN,2025,4,3.8095238,3.7586207,6.6883116,7.6136365
CIN,2025,5,5.551724,5.888889,6.220339,8.821428
CIN,2025,6,4.4262295,4.7777777,6.9322033,8.75
CIN,2025,7,6.9710145,6.6938777,7.3333335,7.285714
CIN,2025,8,6.862069,6.388889,7.242857,7.0
CIN,2025,9,7.6615386,8.843137,7.4805193,7.688889
CLE,2022,1,4.9305553,4.0555553,5.3469386,6.6875
CLE,2022,2,6.34375,8.21875,6.1060605,6.5833335
CLE,2022,3,5.2957745,6.212121,5.6,6.181818
CLE,2022,4,5.6760564,6.105263,6.4615383,6.55
CLE,2022,5,6.8153844,7.1944447,6.970149,6.368421
CLE,2022,6,4.8235292,5.16,6.5,8.361111
CLE,2022,7,6.0,7.0588236,4.112903,5.285714
CLE,2022,8,6.6119404,10.84,4.58,4.825
CLE,2022,10,4.885246,5.285714,7.671875,8.705882
CLE,2022,11,5.925373,7.688889,5.774194,6.4
CLE,2022,12,4.8933334,4.7674417,4.9242425,4.978261
CLE,2022,13,5.2586207,5.875,4.564516,5.025
CLE,2022,14,4.985507,6.212766,6.3103447,6.4324327
CLE,2022,15,4.655738,4.90625,5.3114753,3.942857
CLE,2022,16,3.716418,3.7878788,4.6226416,6.133333
CLE,2022,17,6.08,6.52,3.8235295,4.0
CLE,2022,18,5.385965,5.375,4.9264708,6.0
CLE,2023,1,4.821918,4.6571426,2.7692308,1.9705882
CLE,2023,2,4.9638553,4.734694,5.0588236,6.25
CLE,2023,3,5.0895524,7.216216,2.088889,2.2666667
CLE,2023,4,2.609375,2.2790697,5.3818183,6.923077
CLE,2023,6,4.8550725,4.7297297,4.075472,3.7333333
CLE,2023,7,4.464789,4.3589745,6.80597,10.566667
CLE,2023,8,5.216216,6.5405407,6.7222223,6.5263157
CLE,2023,9,4.6571426,7.121212,1.2083334,1.40625
CLE,2023,10,5.0133333,5.0652175,6.12,7.4333334
CLE,2023,11,3.6478872,4.0,4.464286,2.6060605
CLE,2023,12,3.857143,3.5,5.137931,5.56
CLE,2023,13,4.7391305,5.2173915,6.5737705,7.5405407
CLE,2023,14,5.5211267,6.673913,3.9729729,4.3333335
CLE,2023,15,5.626866,7.102041,3.3714285,3.5333333
CLE,2023,16,5.4935064,7.9565215,3.6764705,3.528302
CLE,2023,17,7.37931,10.033334,5.2941175,5.28
CLE,2023,18,4.7115383,5.1875,5.377049,4.939394
CLE,2023,19,4.6285715,5.3461537,8.780488,12.727273
CLE,2024,1,3.2857144,3.142857,4.5084743,4.6571426
CLE,2024,2,4.5692306,4.736842,5.9814816,6.885714
CLE,2024,3,3.4920635,3.6875,5.212121,6.076923
CLE,2024,4,4.2280703,4.3095236,5.09434,4.4615383
CLE,2024,5,3.5932202,3.128205,6.6769233,7.9444447
CLE,2024,6,4.6037736,5.2,6.4827585,9.846154
CLE,2024,7,4.4155846,4.5789475,4.52,5.857143
CLE,2024,8,5.9850745,7.2954545,6.45,7.243902
CLE,2024,9,3.8421052,4.25,6.3703704,7.352941
CLE,2024,11,6.267606,7.4423075,8.482142,8.633333
CLE,2024,12,5.368421,7.193548,5.4117646,7.3714285
CLE,2024,13,6.5176473,7.6666665,6.8135595,8.333333
CLE,2024,14,4.347826,4.4666667,4.483333,5.4827585
CLE,2024,15,4.5254235,3.4390244,4.287671,4.547619
CLE,2024,16,4.3333335,3.5238094,5.9454546,6.361111
CLE,2024,17,3.631579,3.3469388,5.109091,7.617647
CLE,2024,18,4.2777777,4.783784,6.621212,7.0
CLE,2025,1,4.6056337,5.875,2.877551,3.5
CLE,2025,2,4.4722223,4.2156863,4.92,6.3030305
CLE,2025,3,3.9464285,3.3783784,3.85,4.935484
CLE,2025,4,3.90625,4.4736843,5.1666665,6.2222223
CLE,2025,5,4.878788,5.428571,5.8333335,6.4634147
CLE,2025,6,3.3066666,3.1551723,6.090909,7.612903
CLE,2025,7,3.9807692,5.0,3.8421052,3.5
CLE,2025,8,4.018868,4.1282053,6.854839,8.764706
DAL,2022,1,3.8888888,3.7608695,5.8,6.724138
DAL,2022,2,5.8103447,7.25,3.835821,4.2173915
DAL,2022,3,6.661017,6.935484,5.0149255,4.714286
DAL,2022,4,4.894737,7.6896553,4.183099,3.5555556
DAL,2022,5,4.745098,4.0,5.046875,5.8163266
DAL,2022,6,4.921875,4.763158,4.029851,4.5666666
DAL,2022,7,5.8245616,6.892857,5.571429,6.21875
DAL,2022,8,8.072727,8.642858,5.082192,5.121212
DAL,2022,10,5.329114,5.4583335,6.9666667,9.347826
DAL,2022,11,6.542857,9.75,3.3888888,2.9729729
DAL,2022,12,6.3382354,8.580646,5.357143,6.0555553
DAL,2022,13,5.8333335,5.15625,4.521739,4.9512196
DAL,2022,14,5.785714,6.8809524,5.1904764,8.035714
DAL,2022,15,5.364865,7.1764708,7.1857142,7.311111
DAL,2022,16,6.0142856,7.5227275,6.5,8.756098
DAL,2022,17,4.8783784,6.4772725,4.876923,5.404762
DAL,2022,18,2.7575758,3.0952382,5.0,7.4
DAL,2022,19,6.358209,8.540541,4.731707,4.8
DAL,2022,20,4.7,5.525,4.952381,6.2727275
DAL,2023,1,4.818182,5.72,2.6307693,2.4545455
DAL,2023,2,4.8375,6.575,4.7777777,5.6666665
DAL,2023,3,5.5466666,5.6666665,7.5849056,7.4166665
DAL,2023,4,5.787879,6.375,4.6,6.0882354
DAL,2023,5,4.1458335,4.6666665,6.3939395,9.653846
DAL,2023,6,5.8305087,7.105263,4.4590163,5.4651165
DAL,2023,8,6.5,7.414634,4.7,5.3783784
DAL,2023,9,5.8142858,6.5471697,4.9491525,6.625
DAL,2023,10,8.434211,10.630435,3.2037036,2.7567568
DAL,2023,11,4.830769,4.928571,3.2413793,2.1891892
DAL,2023,12,8.490196,10.088235,5.0133333,5.714286
DAL,2023,13,5.3076925,6.0425534,6.4444447,8.071428
DAL,2023,14,5.324324,6.0465117,6.230769,7.5172415
DAL,2023,15,3.4210527,3.2439024,5.709677,5.368421
DAL,2023,16,5.6666665,7.0,6.080645,7.4736843
DAL,2023,17,6.295082,7.878049,6.4615383,8.676471
DAL,2023,18,6.3768115,7.725,3.7708333,4.060606
DAL,2023,19,5.6483517,6.1714287,7.8490567,12.952381
DAL,2024,1,4.5084743,4.6571426,3.2857144,3.142857
DAL,2024,2,5.4307694,6.5111113,8.207547,14.235294
DAL,2024,3,5.7222223,6.4385967,7.8965516,11.058824
DAL,2024,4,5.88,7.607143,4.75,6.756098
DAL,2024,5,5.9333334,7.5333333,3.9649122,4.322581
DAL,2024,6,3.8615384,4.0612245,7.71875,9.8125
DAL,2024,8,5.051724,5.9,7.4603176,9.0
DAL,2024,9,5.135135,4.909091,5.9444447,7.7777777
DAL,2024,10,2.607143,1.53125,5.453125,6.9
DAL,2024,11,4.911392,5.2580647,6.516667,7.263158
DAL,2024,12,5.442623,7.1764708,6.1791043,6.7906976
DAL,2024,13,4.848485,5.3783784,4.1864405,4.585366
DAL,2024,14,5.4576273,4.8285713,6.904762,7.804348
DAL,2024,15,6.0441175,6.862069,4.7,5.0540543
DAL,2024,16,6.056604,7.9444447,5.857143,6.36
DAL,2024,17,4.4666667,4.580645,6.40678,10.368421
DAL,2024,18,5.04,6.3783784,5.0,4.5
DAL,2025,1,5.581818,5.617647,5.1694913,6.2727275
DAL,2025,2,5.759036,6.3157897,7.7846155,9.711111
DAL,2025,3,5.852941,5.7708335,7.0363636,10.344828
DAL,2025,4,6.5074625,7.780488,6.282051,7.695652
DAL,2025,5,7.446429,7.969697,5.2465754,4.7636366
DAL,2025,6,5.6346154,7.6764708,6.66129,7.4814816
DAL,2025,7,6.8333335,8.030303,5.34375,5.925
DAL,2025,8,4.9852943,6.2380953,7.642857,8.233334
DEN,2022,1,6.765625,7.3777776,5.5652175,6.16129
DEN,2022,2,5.484375,5.857143,4.051724,3.7560976
DEN,2022,3,3.8823528,4.390244,5.1346154,5.4242425
DEN,2022,4,6.2291665,7.7419353,5.375,5.3589745
DEN,2022,5,5.463768,6.088889,4.25,4.2765956
DEN,2022,6,4.690909,5.0,3.5783134,3.819672
DEN,2022,7,4.32,4.6875,5.019231,4.0625
DEN,2022,8,5.516667,7.1764708,4.6923075,3.6
DEN,2022,10,4.361111,5.244898,5.116667,6.7105265
DEN,2022,11,5.16129,6.6857142,6.564516,7.8421054
DEN,2022,12,4.3157897,3.325,5.46875,8.3
DEN,2022,13,5.230769,7.8846154,4.1911764,4.804348
DEN,2022,14,4.637681,4.8679247,6.78125,7.7727275
DEN,2022,15,5.0153847,4.7272725,4.0,4.097561
DEN,2022,16,5.2419353,5.571429,6.1904764,8.0
DEN,2022,17,4.651515,4.5116277,6.465517,7.4888887
DEN,2022,18,7.596774,9.4827585,5.2985077,6.361702
DEN,2023,1,4.5614033,4.638889,5.2352943,7.4827585
DEN,2023,2,6.435484,7.5,5.8208957,6.2
DEN,2023,3,6.1525426,7.5384617,10.385715,13.428572
DEN,2023,4,6.638298,7.290323,6.7285714,7.878049
DEN,2023,5,5.4385967,5.45,6.564516,6.030303
DEN,2023,6,3.98,3.8275862,5.8358207,7.0869565
DEN,2023,7,6.163636,6.935484,5.4262295,6.029412
DEN,2023,8,3.6923077,3.7,4.8070173,5.2727275
DEN,2023,10,4.4347825,5.5945945,7.0,6.607143
DEN,2023,11,5.6923075,6.7297297,5.5,5.9736843
DEN,2023,12,5.137931,5.56,3.857143,3.5
DEN,2023,13,4.87931,5.428571,5.6190476,7.5
DEN,2023,14,5.174603,6.1944447,4.223881,4.3125
DEN,2023,15,4.7213116,5.857143,7.0,7.3055553
DEN,2023,16,4.242424,4.7954545,5.2545457,6.6285715
DEN,2023,17,4.8461537,6.0555553,4.854839,5.6578946
DEN,2023,18,4.948276,6.025,5.730159,6.714286
DEN,2024,1,3.347826,3.4081633,5.3103447,6.62069
DEN,2024,2,5.267857,6.1025643,4.327586,5.269231
DEN,2024,3,5.6190476,6.3076925,3.982143,3.3
DEN,2024,4,3.5185184,2.5769231,3.5428572,3.9607842
DEN,2024,5,5.4259257,6.193548,5.030303,5.642857
DEN,2024,6,5.851852,6.357143,4.9027777,5.9736843
DEN,2024,7,6.6271186,5.969697,4.1846156,4.3333335
DEN,2024,8,5.661972,7.1666665,4.733333,5.3095236
DEN,2024,9,4.776119,5.571429,7.4905663,12.772727
DEN,2024,10,4.7272725,5.6060605,4.6153846,5.3469386
DEN,2024,11,6.6666665,8.514286,4.109091,5.1764708
DEN,2024,12,5.0,6.068182,5.0547943,5.220339
DEN,2024,13,6.8135595,8.333333,6.5176473,7.6666665
DEN,2024,15,3.3793104,3.8648648,4.3055553,4.0697675
DEN,2024,16,5.6349206,6.1363635,6.65,8.105263
DEN,2024,17,5.483333,6.025641,6.0240965,7.051724
DEN,2024,18,6.7605634,10.941176,2.969697,3.3043478
DEN,2024,19,5.3333335,6.642857,6.8,8.69697
DEN,2025,1,4.6231885,4.2093024,2.418182,1.8235294
DEN,2025,2,6.0,7.09375,7.0597014,8.210526
DEN,2025,3,5.6595745,5.75,4.7,5.1698112
DEN,2025,4,6.6883116,7.6136365,3.8095238,3.7586207
DEN,2025,5,5.0704226,5.681818,5.611111,5.8
DEN,2025,6,4.509091,5.6969695,1.4385965,0.2413793
DEN,2025,7,5.337662,5.3703704,5.5285716,7.0526314
DEN,2025,8,7.642857,8.233334,4.9852943,6.2380953
DEN,2025,9,4.403226,4.95,3.7222223,4.4680853
DET,2022,1,5.953846,5.5128207,6.4225354,7.181818
DET,2022,2,7.237288,6.324324,5.3783784,6.0545454
DET,2022,3,5.5466666,6.785714,5.753846,6.097561
DET,2022,4,7.7058825,8.790698,9.131147,10.9375
DET,2022,5,4.968254,5.6153846,6.8333335,8.772727
DET,2022,7,5.571429,6.21875,5.8245616,6.892857
DET,2022,8,6.894737,8.051282,7.836066,9.75
DET,2022,9,4.508772,5.269231,5.652174,6.75
DET,2022,10,5.586207,8.1,7.034483,6.3461537
DET,2022,11,5.4666667,6.3461537,5.657534,6.755102
DET,2022,12,4.8235292,5.8974357,5.418919,5.66
DET,2022,13,6.0833335,7.837209,4.785714,4.875
DET,2022,14,6.7246375,8.268292,6.6031747,8.565217
DET,2022,15,5.439394,6.631579,5.52459,7.275
DET,2022,16,6.145161,7.630435,8.921875,11.363636
DET,2022,17,7.567164,7.709677,4.6,3.3125
DET,2022,18,5.4915257,6.25,5.105263,6.322581
DET,2023,1,5.621212,7.142857,5.096774,6.022222
DET,2023,2,6.53125,8.540541,5.9545455,7.5227275
DET,2023,3,5.9180326,7.2352943,2.8153846,3.0434783
DET,2023,4,5.5833335,6.483871,4.2181816,4.8809524
DET,2023,5,6.6666665,7.266667,5.2615385,5.744186
DET,2023,6,5.602941,7.1666665,4.648148,5.275
DET,2023,7,4.6164384,4.2881355,9.333333,11.454545
DET,2023,8,6.177215,6.9473686,3.488889,3.0714285
DET,2023,10,8.770492,10.090909,6.1911764,8.195122
DET,2023,11,5.779661,5.8717947,4.785714,6.9310346
DET,2023,12,5.898734,6.5686274,6.9814816,7.9411764
DET,2023,13,6.3454547,7.5925927,5.5,8.032258
DET,2023,14,4.2380953,3.2564104,5.2,5.8536587
DET,2023,15,7.0,7.3055553,4.7213116,5.857143
DET,2023,16,5.213333,6.0,7.8,9.35
DET,2023,17,6.4615383,8.676471,6.295082,7.878049
DET,2023,18,6.803571,9.424242,6.4,7.4489794
DET,2023,19,6.480769,8.5,7.7272725,9.394737
DET,2023,20,5.8955226,6.173913,6.6885247,6.9583335
DET,2023,21,6.138889,6.0465117,6.515625,8.611111
DET,2024,1,5.9508195,6.677419,5.2297297,5.9607844
DET,2024,2,5.6463413,5.7719297,4.7173915,6.296296
DET,2024,3,5.681818,7.4615383,5.226415,6.0540543
DET,2024,4,8.145833,12.409091,6.531646,6.4603176
DET,2024,6,7.71875,9.8125,3.8615384,4.0612245
DET,2024,7,7.314815,8.5172415,7.226415,7.7297297
DET,2024,8,4.787234,2.652174,5.8591547,6.785714
DET,2024,9,5.0576925,5.9565215,6.5555553,6.875
DET,2024,10,5.4761906,7.806452,3.8153846,5.1842103
DET,2024,11,8.743243,12.675675,3.6170213,4.322581
DET,2024,12,5.5070424,6.35,5.625,5.9
DET,2024,13,5.869565,5.861111,5.101695,5.4583335
DET,2024,14,5.144737,6.72093,6.7954545,9.291667
DET,2024,15,6.9466667,7.83871,8.358209,10.513514
DET,2024,16,7.4375,9.969697,6.4745765,7.7608695
DET,2024,17,6.626866,7.810811,8.050847,9.674418
DET,2024,18,5.969697,6.1714287,4.3114753,3.4
DET,2024,20,8.015385,7.604651,6.802817,9.162162
DET,2025,1,3.859375,4.6511626,5.804348,8.304348
DET,2025,2,8.810345,11.724138,5.296875,5.775
DET,2025,3,6.5692306,7.137931,5.7818184,6.4615383
DET,2025,4,5.1666665,6.2222223,3.90625,4.4736843
DET,2025,5,6.220339,8.821428,5.551724,5.888889
DET,2025,6,5.6037736,6.645161,6.172414,7.2894735
DET,2025,7,5.830769,6.5,3.8181818,3.8181818
DET,2025,9,4.919355,5.714286,4.7818184,4.032258
GB,2022,1,5.745763,5.404762,6.47541,8.151515
GB,2022,2,6.3846154,7.5172415,5.5609756,3.5
GB,2022,3,5.266667,6.888889,4.8474574,5.4565215
GB,2022,4,6.2394366,6.6216216,4.672414,4.16
GB,2022,5,4.9344263,5.0487804,6.107143,7.677419
GB,2022,6,4.0289855,4.4489794,5.62,4.904762
GB,2022,7,5.0434785,5.7058825,5.0555553,5.8
GB,2022,8,6.3174605,6.090909,6.981132,8.533334
GB,2022,9,5.652174,6.75,4.508772,5.269231
GB,2022,10,6.9666667,9.347826,5.329114,5.4583335
GB,2022,11,4.55,5.292683,6.7377048,10.0
GB,2022,12,7.1458335,8.428572,6.423077,6.4
GB,2022,13,5.822581,5.757576,8.367347,9.357142
GB,2022,15,5.353846,6.2727275,3.627907,3.148148
GB,2022,16,4.903226,5.7380953,8.355556,10.888889
GB,2022,17,5.355932,5.5,6.0701756,7.205128
GB,2022,18,5.105263,6.322581,5.4915257,6.25
GB,2023,1,5.483333,8.266666,4.3472223,5.0816326
GB,2023,2,4.8913045,6.0740743,5.805195,6.7894735
GB,2023,3,5.0882354,5.78,4.2,4.605263
GB,2023,4,4.2181816,4.8809524,5.5833335,6.483871
GB,2023,5,5.0,6.2352943,4.6065574,5.3142858
GB,2023,7,5.4262295,6.029412,6.163636,6.935484
GB,2023,8,4.354839,4.6938777,5.1791043,7.4615383
GB,2023,9,6.0615387,7.1666665,3.4,4.3125
GB,2023,10,6.234375,7.0,5.4,5.1538463
GB,2023,11,5.6857142,6.7272725,6.47541,7.2272725
GB,2023,12,6.9814816,7.9411764,5.898734,6.5686274
GB,2023,13,6.0634923,6.6923075,5.5409837,5.5384617
GB,2023,14,4.8656716,4.8809524,6.814815,7.111111
GB,2023,15,5.6491227,6.365854,7.827586,10.69697
GB,2023,16,5.857143,7.266667,6.285714,8.0
GB,2023,17,6.647887,8.617647,4.1568627,4.0789475
GB,2023,18,7.4827585,9.088235,4.173913,5.4583335
GB,2023,19,7.8490567,12.952381,5.6483517,6.1714287
GB,2023,20,5.370968,5.5277777,5.7580647,6.219512
GB,2024,1,7.016949,6.783784,5.6164384,7.5789475
GB,2024,2,5.716418,8.764706,6.5,6.388889
GB,2024,3,6.40678,8.88,4.4716983,4.8863635
GB,2024,4,6.2266665,6.7894735,6.180328,8.393939
GB,2024,5,5.892857,7.37931,4.805195,4.9166665
GB,2024,6,6.4558825,7.8,5.509091,6.25
GB,2024,7,4.946429,5.4166665,3.413793,2.586207
GB,2024,8,6.640625,9.233334,6.964286,8.8529415
GB,2024,9,6.5555553,6.875,5.0576925,5.9565215
GB,2024,11,8.5348835,13.9,5.6666665,6.525
GB,2024,12,4.850746,6.24,5.2608695,6.34375
GB,2024,13,7.3207545,9.785714,5.626866,6.4259257
GB,2024,14,6.7954545,9.291667,5.144737,6.72093
GB,2024,15,6.0491805,8.321428,3.7142856,3.2142856
GB,2024,16,6.0597014,7.2,3.6981132,4.131579
GB,2024,17,4.706897,5.0,6.626866,8.454545
GB,2024,18,5.919355,6.3448277,4.0,4.625
GB,2024,19,5.1355934,5.7222223,5.196429,5.375
GB,2025,1,5.804348,8.304348,3.859375,4.6511626
GB,2025,2,6.655738,8.323529,3.59375,3.8431373
GB,2025,3,3.85,4.935484,3.9464285,3.3783784
GB,2025,4,6.282051,7.695652,6.5074625,7.780488
GB,2025,6,6.9322033,8.75,4.4262295,4.7777777
GB,2025,7,5.0576925,5.787879,4.714286,5.652174
GB,2025,8,7.2539682,9.526316,5.086207,5.05
GB,2025,9,5.857143,6.9736843,4.9074073,4.826087
HOU,2022,1,4.4925375,5.5365853,5.7444444,6.5185184
HOU,2022,2,4.051724,3.7560976,5.484375,5.857143
HOU,2022,3,5.7719297,7.181818,6.0666666,4.96
HOU,2022,4,6.5283017,5.5128207,6.730159,8.45
HOU,2022,5,4.5272727,5.28,5.861111,6.367347
HOU,2022,7,6.2153845,7.047619,7.5660377,8.428572
HOU,2022,8,3.24,3.6285715,6.2280703,3.2
HOU,2022,9,5.3157897,5.464286,5.967213,6.939394
HOU,2022,10,6.45,6.97561,5.5757575,8.608696
HOU,2022,11,2.8113208,3.375,5.1343284,6.964286
HOU,2022,12,3.5,3.893617,4.9852943,5.9148936
HOU,2022,13,4.564516,5.025,5.2586207,5.875
HOU,2022,14,5.1904764,8.035714,5.785714,6.8809524
HOU,2022,15,3.9464285,4.4848485,6.5454545,7.361702
HOU,2022,16,4.5396824,6.2222223,4.6896553,3.5714285
HOU,2022,17,4.1343284,4.571429,5.616667,5.419355
HOU,2022,18,5.5692306,7.1860466,5.6857142,5.4390244
HOU,2023,1,3.774648,4.1538463,4.5254235,6.193548
HOU,2023,2,5.131579,6.519231,6.303571,6.571429
HOU,2023,3,6.535714,9.387096,5.8550725,6.6666665
HOU,2023,4,6.7313433,10.548388,4.017857,3.71875
HOU,2023,5,5.3965516,7.114286,6.178082,8.95
HOU,2023,6,5.0508475,5.9666667,5.5128207,6.4339623
HOU,2023,8,4.017544,4.678571,3.672131,4.825
HOU,2023,9,7.78125,9.844444,5.269841,7.5588236
HOU,2023,10,7.3513513,8.878049,6.4576273,7.106383
HOU,2023,11,6.3636365,7.3333335,5.40678,6.4594593
HOU,2023,12,6.0689654,6.695652,6.5882354,9.384615
HOU,2023,13,5.6190476,7.5,4.87931,5.428571
HOU,2023,14,2.5961537,1.6363636,5.353846,6.6904764
HOU,2023,15,4.7222223,4.8,3.2380953,4.5
HOU,2023,16,3.6764705,3.528302,5.4935064,7.9565215
HOU,2023,17,5.114754,6.029412,3.528302,4.1875
HOU,2023,18,5.464286,8.580646,5.7460318,5.3333335
HOU,2023,19,8.780488,12.727273,4.6285715,5.3461537
HOU,2023,20,4.652174,5.285714,5.2537313,6.2
HOU,2024,1,5.5866666,5.763158,6.8863635,9.625
HOU,2024,2,5.1833334,6.025641,3.1060605,3.7083333
HOU,2024,3,4.774194,5.2941175,4.644068,4.875
HOU,2024,4,6.397059,7.7608695,5.508772,4.6
HOU,2024,5,6.3432837,8.523809,4.677966,5.142857
HOU,2024,6,6.0491805,5.257143,4.6190476,5.8809524
HOU,2024,7,3.413793,2.586207,4.946429,5.4166665
HOU,2024,8,5.3382354,6.8461537,4.9836063,4.6578946
HOU,2024,9,4.364865,4.2391305,5.4444447,5.6764708
HOU,2024,10,3.8153846,5.1842103,5.4761906,7.806452
HOU,2024,11,6.516667,7.263158,4.911392,5.2580647
HOU,2024,12,4.814815,5.95,5.796875,7.0285716
HOU,2024,13,5.6551723,5.9736843,5.4347825,6.1702127
HOU,2024,15,3.893617,3.4375,3.612903,4.0
HOU,2024,16,5.362069,5.8139534,5.5441175,6.3555555
HOU,2024,17,3.9074075,4.2105265,7.0819674,10.6
HOU,2024,18,6.5789475,5.866667,5.180328,7.870968
HOU,2024,19,6.3382354,7.769231,4.8333335,5.861111
HOU,2024,20,5.265625,5.609756,4.7234044,5.870968
HOU,2025,1,4.6491227,5.3235292,5.418182,7.0
HOU,2025,2,5.7826085,6.7419353,4.9315066,4.869565
HOU,2025,3,4.7719297,4.928571,4.4923077,5.0
HOU,2025,4,5.348485,7.0,3.8888888,3.9655173
HOU,2025,5,6.546875,8.142858,5.175,7.7619047
HOU,2025,7,3.6285715,4.0545454,4.8923078,5.742857
HOU,2025,8,6.418919,8.166667,5.0,5.4054055
HOU,2025,9,3.7222223,4.4680853,4.403226,4.95
IND,2022,1,5.7444444,6.5185184,4.4925375,5.5365853
IND,2022,2,4.5416665,4.6857142,5.030303,7.8333335
IND,2022,3,3.8235295,4.1860466,5.196721,6.785714
IND,2022,4,5.7936506,8.02439,5.020408,4.923077
IND,2022,5,4.25,4.2765956,5.463768,6.088889
IND,2022,6,5.736842,6.59322,6.440678,5.321429
IND,2022,7,4.5625,4.7708335,4.6545453,5.2727275
IND,2022,8,6.1320753,7.214286,5.9344263,7.736842
IND,2022,9,2.0166667,1.9047619,3.3606558,3.9117646
IND,2022,10,7.0677967,7.71875,4.753846,5.6585364
IND,2022,11,4.580645,5.138889,5.355932,6.733333
IND,2022,12,4.677419,5.1282053,4.880597,5.0
IND,2022,13,4.521739,4.9512196,5.8333335,5.15625
IND,2022,15,4.3846154,4.6216216,6.0581393,6.703125
IND,2022,16,3.48,2.9166667,4.953125,5.9722223
IND,2022,17,4.5,4.4,6.4590163,7.25
IND,2022,18,5.6857142,5.4390244,5.5692306,7.1860466
IND,2023,1,4.057971,4.9148936,5.0441175,7.0857143
IND,2023,2,6.303571,6.571429,5.131579,6.519231
IND,2023,3,3.892857,3.8367348,5.0555553,5.65
IND,2023,4,5.661017,6.90625,5.9871793,7.2045455
IND,2023,5,7.1666665,8.5,6.232143,7.5555553
IND,2023,6,4.72,5.233333,4.0689654,4.6857142
IND,2023,7,6.80597,10.566667,4.464789,4.3589745
IND,2023,8,5.5373135,4.7727275,7.876923,11.67742
IND,2023,9,3.7222223,4.535714,3.8732395,3.7083333
IND,2023,10,5.0,6.928571,5.0,5.7647057
IND,2023,12,5.7246375,5.4666667,5.321429,4.9210525
IND,2023,13,5.279412,6.375,4.775,5.25
IND,2023,14,4.5833335,5.318182,6.754386,10.37037
IND,2023,15,5.828125,6.34375,4.0,4.733333
IND,2023,16,3.925373,4.3913045,6.4444447,7.029412
IND,2023,17,6.730769,8.76,5.0,5.836735
IND,2023,18,5.7460318,5.3333335,5.464286,8.580646
IND,2024,1,6.8863635,9.625,5.5866666,5.763158
IND,2024,2,6.5,6.388889,5.716418,8.764706
IND,2024,3,6.0784316,7.4545455,4.702381,5.928571
IND,2024,4,5.698413,6.939394,6.029851,7.268293
IND,2024,5,6.5882354,7.38,8.719298,10.911765
IND,2024,6,4.0757575,4.8717947,4.3818183,3.6666667
IND,2024,7,4.75,5.62069,5.029851,5.322581
IND,2024,8,4.9836063,4.6578946,5.3382354,6.8461537
IND,2024,9,4.75,5.3,5.9428573,7.325
IND,2024,10,5.9180326,6.1538463,6.0289855,7.365854
IND,2024,11,4.811594,7.3030305,4.8653846,5.121212
IND,2024,12,5.625,5.9,5.5070424,6.35
IND,2024,13,4.413793,4.8,6.4242425,7.075
IND,2024,15,4.3055553,4.0697675,3.3793104,3.8648648
IND,2024,16,7.387097,9.571428,5.37931,6.675676
IND,2024,17,6.027027,7.804878,8.040816,13.083333
IND,2024,18,5.571429,5.860465,4.8636365,6.1944447
IND,2025,1,5.9714284,8.545455,4.5319147,3.9189188
IND,2025,2,7.0597014,8.210526,6.0,7.09375
IND,2025,3,7.36,9.148149,4.3384614,4.6222224
IND,2025,4,6.072727,7.0857143,6.925373,8.318182
IND,2025,5,5.2295084,6.3142858,4.5538464,4.756098
IND,2025,6,6.375,6.818182,5.714286,6.893617
IND,2025,7,7.3818183,8.055555,6.0135136,6.803279
IND,2025,8,8.076923,7.4,5.1666665,5.595238
IND,2025,9,5.0410957,5.7090907,3.7666667,4.820513
JAX,2022,1,6.0793653,5.7826085,5.710145,6.8297873
JAX,2022,2,5.030303,7.8333335,4.5416665,4.6857142
JAX,2022,3,5.635135,6.585366,5.37931,6.2340426
JAX,2022,4,4.7608695,5.4814816,5.386667,6.6
JAX,2022,5,5.861111,6.367347,4.5272727,5.28
JAX,2022,6,6.440678,5.321429,5.736842,6.59322
JAX,2022,7,6.878788,7.0454545,6.2285714,6.9444447
JAX,2022,8,4.6923075,3.6,5.516667,7.1764708
JAX,2022,9,6.121212,8.59375,5.631579,6.5263157
JAX,2022,10,5.163934,5.5208335,7.9836063,9.275
JAX,2022,12,5.387097,6.9069767,6.147059,7.7894735
JAX,2022,13,4.785714,4.875,6.0833335,7.837209
JAX,2022,14,6.402985,8.522727,5.8095236,5.4444447
JAX,2022,15,7.1857142,7.311111,5.364865,7.1764708
JAX,2022,16,5.4117646,7.25,4.053571,4.8
JAX,2022,17,5.616667,5.419355,4.1343284,4.571429
JAX,2022,18,5.022222,6.151515,4.3333335,5.1714287
JAX,2022,19,5.5211267,5.62,4.720588,5.6595745
JAX,2022,20,5.915254,5.428571,5.6,5.820513
JAX,2023,1,5.0441175,7.0857143,4.057971,4.9148936
JAX,2023,2,4.234375,4.52,6.639344,7.4
JAX,2023,3,5.8550725,6.6666665,6.535714,9.387096
JAX,2023,4,4.9836063,6.5,5.0350876,4.611111
JAX,2023,5,5.8170733,6.574468,7.203704,8.581395
JAX,2023,6,4.0689654,4.6857142,4.72,5.233333
JAX,2023,7,6.3018866,8.0,4.6477275,5.1833334
JAX,2023,8,5.742424,7.8055553,4.142857,4.4693875
JAX,2023,10,4.0925927,4.3333335,7.7192984,9.766666
JAX,2023,11,5.637681,7.857143,6.5833335,7.35
JAX,2023,12,6.5882354,9.384615,6.0689654,6.695652
JAX,2023,13,5.529412,6.869565,6.8194447,8.476191
JAX,2023,14,3.9729729,4.3333335,5.5211267,6.673913
JAX,2023,15,5.4590163,6.2291665,5.7391305,5.645161
JAX,2023,16,4.84127,5.611111,4.8285713,7.0
JAX,2023,17,5.534483,6.448276,2.3396227,1.7692307
JAX,2023,18,5.4848485,6.4444447,6.3461537,5.2413793
JAX,2024,1,5.34,5.88,6.1538463,8.04878
JAX,2024,2,5.9814816,6.885714,4.5692306,4.736842
JAX,2024,3,3.514706,2.8461537,6.59322,8.542857
JAX,2024,4,5.508772,4.6,6.397059,7.7608695
JAX,2024,5,8.719298,10.911765,6.5882354,7.38
JAX,2024,6,4.65,5.181818,6.4827585,7.7352943
JAX,2024,7,6.1,9.363636,5.3636365,6.395349
JAX,2024,8,6.964286,8.8529415,6.640625,9.233334
JAX,2024,9,4.230769,4.5135136,6.150685,7.529412
JAX,2024,10,3.3255813,3.4814816,5.0375,6.1904764
JAX,2024,11,3.6170213,4.322581,8.743243,12.675675
JAX,2024,13,5.4347825,6.1702127,5.6551723,5.9736843
JAX,2024,14,5.140351,6.617647,4.387097,4.2941175
JAX,2024,15,5.3974357,6.0,7.4444447,8.7027025
JAX,2024,16,5.0491805,5.9,4.9692307,6.142857
JAX,2024,17,5.285714,7.269231,5.265625,5.263158
JAX,2024,18,4.8636365,6.1944447,5.571429,5.860465
JAX,2025,1,6.3333335,6.0,4.266667,4.575
JAX,2025,2,5.714286,6.0,5.3846154,6.2916665
JAX,2025,3,4.4923077,5.0,4.7719297,4.928571
JAX,2025,4,5.5,5.5,6.109375,7.780488
JAX,2025,5,5.9074073,7.457143,7.5555553,8.021739
JAX,2025,6,4.029412,4.4,6.8627453,10.068966
JAX,2025,7,4.8378377,4.9473686,4.7413793,5.4117646
JAX,2025,9,4.8289475,6.0,5.4262295,6.3636365
KC,2022,1,7.3939395,8.902439,4.453125,4.5652175
KC,2022,2,6.1538463,6.2777777,5.5068493,6.52
KC,2022,3,5.196721,6.785714,3.8235295,4.1860466
KC,2022,4,5.4155846,5.883721,6.3728814,7.037736
KC,2022,5,5.347826,5.8163266,6.631579,6.848485
KC,2022,6,6.344262,7.2340426,6.4428573,7.6363635
KC,2022,7,9.672728,11.27027,6.267606,6.6153846
KC,2022,9,5.445652,6.217949,4.893617,3.0
KC,2022,10,7.9836063,9.275,5.163934,5.5208335
KC,2022,11,7.967213,9.105263,5.6153846,7.081081
KC,2022,12,6.0694447,7.7391305,3.6851852,3.6333334
KC,2022,13,6.462963,7.096774,6.765625,8.388889
KC,2022,14,6.78125,7.7727275,4.637681,4.8679247
KC,2022,15,6.5454545,7.361702,3.9464285,4.4848485
KC,2022,16,5.8235292,7.354839,4.5616436,4.8636365
KC,2022,17,6.465517,7.4888887,4.651515,4.5116277
KC,2022,18,6.5,6.774194,4.1641793,4.6938777
KC,2022,20,5.6,5.820513,5.915254,5.428571
KC,2022,21,5.409091,6.591837,4.904762,5.244898
KC,2022,22,6.8039217,7.6666665,5.739726,7.4761906
KC,2023,1,5.096774,6.022222,5.621212,7.142857
KC,2023,2,6.639344,7.4,4.234375,4.52
KC,2023,3,6.260274,8.073171,3.9803922,3.7586207
KC,2023,4,6.296875,7.0857143,5.827586,5.7619047
KC,2023,5,5.285714,6.3333335,4.9104476,5.285714
KC,2023,6,5.8358207,7.0869565,3.98,3.8275862
KC,2023,7,7.822581,9.911111,5.983333,6.25
KC,2023,8,4.8070173,5.2727275,3.6923077,3.7
KC,2023,9,5.09434,5.7647057,5.034483,4.7894735
KC,2023,11,4.60274,4.2040815,4.72549,4.607143
KC,2023,12,6.464286,7.9473686,6.172414,6.714286
KC,2023,13,5.5409837,5.5384617,6.0634923,6.6923075
KC,2023,14,5.580645,6.0444446,4.7,4.7291665
KC,2023,15,5.706897,6.902439,4.0392156,4.4
KC,2023,16,4.1621623,4.793103,4.22,2.0869565
KC,2023,17,7.352941,7.4242425,3.7042253,4.25
KC,2023,18,4.637931,5.4857144,4.4125,5.1754384
KC,2023,19,5.4533334,7.0465117,4.4745765,4.840909
KC,2023,20,8.5348835,9.6,4.717949,5.326087
KC,2023,21,4.6,5.6363635,6.017857,6.173913
KC,2023,22,5.759494,6.5636363,5.4714284,6.785714
KC,2024,1,7.2244897,9.193548,6.108108,6.576923
KC,2024,2,4.766667,5.1875,5.2459016,6.1707315
KC,2024,3,5.188406,5.8809524,5.672727,7.387097
KC,2024,4,6.0363636,7.147059,4.226415,5.827586
KC,2024,5,6.012987,7.8636365,4.3137255,4.868421
KC,2024,7,5.0151515,5.8125,5.4385967,6.131579
KC,2024,8,5.265625,6.634146,4.3207545,5.9411764
KC,2024,9,4.626506,5.38,5.4615383,5.75
KC,2024,10,4.6153846,5.3469386,4.7272725,5.6060605
KC,2024,11,4.980769,5.1714287,5.3333335,6.822222
KC,2024,12,5.75,6.0851064,5.6949153,6.725
KC,2024,13,5.076923,5.3137255,7.0,8.594595
KC,2024,14,4.7619047,5.2619047,5.0526314,5.9722223
KC,2024,15,4.287671,4.547619,4.5254235,3.4390244
KC,2024,16,5.5441175,6.3555555,5.362069,5.8139534
KC,2024,17,6.59322,8.3,4.9863014,4.5208335
KC,2024,18,2.969697,3.3043478,6.7605634,10.941176
KC,2024,20,4.7234044,5.870968,5.265625,5.609756
KC,2024,21,6.114754,7.885714,5.3428574,6.3157897
KC,2024,22,5.4313726,5.75,5.2089553,9.0
KC,2025,1,5.9827585,6.510638,6.745763,8.292683
KC,2025,2,5.1578946,6.2894735,3.892857,4.2
KC,2025,3,4.828125,5.02439,4.6065574,4.6842103
KC,2025,4,5.6617646,6.585366,6.792453,5.875
KC,2025,5,7.5555553,8.021739,5.9074073,7.457143
KC,2025,6,6.172414,7.2894735,5.6037736,6.645161
KC,2025,7,5.9054055,7.75,3.1666667,3.55
KC,2025,8,6.560606,7.875,5.0,6.0
KC,2025,9,5.293103,5.974359,6.428571,8.966666
LA,2022,1,3.6818182,3.9387755,7.263158,8.736842
LA,2022,2,5.3492064,7.3513513,4.614035,5.757576
LA,2022,3,7.75,9.0,4.5061727,4.887097
LA,2022,4,3.5205479,3.642857,6.6734695,8.642858
LA,2022,5,5.046875,5.8163266,4.745098,4.0
LA,2022,6,5.9508195,7.3235292,4.744186,4.7826085
LA,2022,8,4.090909,4.6666665,7.076923,8.862069
LA,2022,9,3.8333333,4.451613,4.1410255,4.6896553
LA,2022,10,4.355932,4.75,4.671875,5.55
LA,2022,11,5.508197,5.857143,6.0185184,7.34375
LA,2022,12,3.6851852,3.6333334,6.0694447,7.7391305
LA,2022,13,5.0634923,4.8,6.859375,8.0
LA,2022,14,4.7966104,5.575,5.206897,6.304348
LA,2022,15,3.627907,3.148148,5.353846,6.2727275
LA,2022,16,6.1904764,8.0,5.2419353,5.571429
LA,2022,17,5.9148936,5.0,6.951613,7.709677
LA,2022,18,4.6551723,4.15625,5.826087,6.918919
LA,2023,1,5.4615383,8.794871,3.9130435,3.4827585
LA,2023,2,5.012987,5.322034,6.759259,7.923077
LA,2023,3,5.6153846,5.7,4.4428573,4.84
LA,2023,4,5.9871793,7.2045455,5.661017,6.90625
LA,2023,5,4.5272727,4.756098,5.820513,7.72093
LA,2023,6,7.207547,7.8846154,4.8055553,5.826087
LA,2023,7,5.6507936,6.939394,5.8846154,7.714286
LA,2023,8,4.7,5.3783784,6.5,7.414634
LA,2023,9,3.4,4.3125,6.0615387,7.1666665
LA,2023,11,4.637931,5.6969695,4.7868853,5.4390244
LA,2023,12,6.9242425,6.7941175,4.4545455,4.38
LA,2023,13,6.5737705,7.5405407,4.7391305,5.2173915
LA,2023,14,5.630137,6.409091,6.366197,7.037037
LA,2023,15,6.0405407,6.783784,5.12069,6.0731707
LA,2023,16,7.0,9.285714,5.8965516,7.0227275
LA,2023,17,6.5333333,7.5263157,5.80597,6.36
LA,2023,18,4.209677,5.225806,5.263158,6.0333333
LA,2023,19,7.7272725,9.394737,6.480769,8.5
LA,2024,1,5.2297297,5.9607844,5.9508195,6.677419
LA,2024,2,4.7115383,6.0,7.887097,11.807693
LA,2024,3,5.3818183,6.827586,6.5384617,8.552631
LA,2024,4,5.5689654,6.151515,5.1153846,5.1153846
LA,2024,5,4.805195,4.9166665,5.892857,7.37931
LA,2024,7,5.22,6.0,4.2266665,4.2391305
LA,2024,8,6.1904764,8.205882,5.6530614,7.4827585
LA,2024,9,5.382353,6.7727275,5.821918,7.6976743
LA,2024,10,4.880597,5.244898,4.5961537,5.516129
LA,2024,11,8.4375,10.925926,5.3055553,6.311111
LA,2024,12,4.8333335,4.9534883,7.318182,7.269231
LA,2024,13,6.1320753,6.3846154,4.768116,4.95
LA,2024,14,6.3472223,10.666667,8.240741,10.195122
LA,2024,15,4.646154,6.107143,3.6037736,3.764706
LA,2024,16,5.2340426,5.7894735,5.095238,5.7272725
LA,2024,17,4.8679247,6.090909,5.3513513,5.5185184
LA,2024,18,6.1060605,7.0434785,6.3584905,7.0
LA,2024,19,5.979592,6.965517,3.8028169,3.5294118
LA,2024,20,5.742857,5.92,5.85,2.8666666
LA,2025,1,5.418182,7.0,4.6491227,5.3235292
LA,2025,2,7.8070173,8.529411,3.9375,3.6585367
LA,2025,3,5.476923,5.7647057,4.5873017,5.368421
LA,2025,4,6.925373,8.318182,6.072727,7.0857143
LA,2025,5,7.2380953,8.042553,4.9634147,6.7959185
LA,2025,6,4.9591837,5.862069,4.0,3.6923077
LA,2025,7,4.7413793,5.4117646,4.8378377,4.9473686
LA,2025,9,6.0547943,7.852941,5.74359,6.68
LAC,2022,1,5.6666665,8.057143,5.614035,5.818182
LAC,2022,2,5.5068493,6.52,6.1538463,6.2777777
LAC,2022,3,5.37931,6.2340426,5.635135,6.585366
LAC,2022,4,6.730159,8.45,6.5283017,5.5128207
LAC,2022,5,6.970149,6.368421,6.8153844,7.1944447
LAC,2022,6,3.5783134,3.819672,4.690909,5.0
LAC,2022,7,4.768116,5.2280703,6.655738,6.6666665
LAC,2022,9,5.0149255,5.6363635,5.25,4.5925927
LAC,2022,10,4.25,4.7674417,5.6231885,7.733333
LAC,2022,11,5.6153846,7.081081,7.967213,9.105263
LAC,2022,12,4.90625,5.296296,5.71875,6.2727275
LAC,2022,13,5.3013697,5.888889,6.8474574,8.333333
LAC,2022,14,5.7105265,6.428571,4.4693875,4.6969695
LAC,2022,15,5.447761,6.7674417,5.089286,5.1875
LAC,2022,16,4.953125,5.9722223,3.48,2.9166667
LAC,2022,17,6.951613,7.709677,5.9148936,5.0
LAC,2022,18,5.2985077,6.361702,7.596774,9.4827585
LAC,2022,19,4.720588,5.6595745,5.5211267,5.62
LAC,2023,1,5.6973686,5.4,8.539682,10.282609
LAC,2023,2,5.212121,6.288889,5.4126983,6.8965516
LAC,2023,3,7.5555553,9.14,6.0897436,6.4545455
LAC,2023,4,5.355932,6.032258,3.826087,4.0869565
LAC,2023,6,4.4590163,5.4651165,5.8305087,7.105263
LAC,2023,7,5.983333,6.25,7.822581,9.911111
LAC,2023,8,5.415385,7.292683,4.790323,5.625
LAC,2023,9,3.4727273,3.3513513,3.5064936,3.6724138
LAC,2023,10,6.1911764,8.195122,8.770492,10.090909
LAC,2023,11,6.47541,7.2272725,5.6857142,6.7272725
LAC,2023,12,4.2272725,4.7058825,5.4179106,4.8055553
LAC,2023,13,4.118644,5.605263,4.145161,3.7272727
LAC,2023,14,4.223881,4.3125,5.174603,6.1944447
LAC,2023,15,5.174603,6.75,6.0,6.864865
LAC,2023,16,4.1538463,4.4615383,6.4423075,10.173913
LAC,2023,17,4.854839,5.6578946,4.8461537,6.0555553
LAC,2023,18,4.4125,5.1754384,4.637931,5.4857144
LAC,2024,1,6.1153846,5.285714,5.016949,5.75
LAC,2024,2,5.693548,6.2727275,3.4565217,2.586207
LAC,2024,3,3.6888888,4.2,5.5238094,6.742857
LAC,2024,4,4.226415,5.827586,6.0363636,7.147059
LAC,2024,6,4.9027777,5.9736843,5.851852,6.357143
LAC,2024,7,6.269841,8.0,6.207547,7.2413793
LAC,2024,8,6.015873,8.052631,5.382353,5.285714
LAC,2024,9,6.3703704,7.352941,3.8421052,4.25
LAC,2024,10,5.6545453,8.391304,5.6666665,5.4848485
LAC,2024,11,7.016129,8.439024,5.794872,6.7272725
LAC,2024,12,4.75,5.25,6.6271186,7.375
LAC,2024,13,4.3636365,4.4333334,4.5454545,5.85
LAC,2024,14,5.0526314,5.9722223,4.7619047,5.2619047
LAC,2024,15,4.2916665,4.7027025,7.552239,10.266666
LAC,2024,16,6.65,8.105263,5.6349206,6.1363635
LAC,2024,17,5.5584416,6.976744,3.7708333,3.5454545
LAC,2024,18,6.7042255,9.973684,5.638298,6.324324
LAC,2024,19,4.8333335,5.861111,6.3382354,7.769231
LAC,2025,1,6.745763,8.292683,5.9827585,6.510638
LAC,2025,2,6.018868,8.1875,3.353846,3.4791667
LAC,2025,3,4.7,5.1698112,5.6595745,5.75
LAC,2025,4,5.9649124,4.7727275,3.6,3.7333333
LAC,2025,5,5.3492064,5.974359,7.203704,8.580646
LAC,2025,6,6.296875,6.74359,6.089286,5.7777777
LAC,2025,7,6.0135136,6.803279,7.3818183,8.055555
LAC,2025,8,5.9857144,8.058824,3.4893618,3.6111112
LAC,2025,9,5.375,6.6410255,4.681818,4.769231
LV,2022,1,5.614035,5.818182,5.6666665,8.057143
LV,2022,2,5.3114753,6.1707315,5.2125,5.226415
LV,2022,3,6.0,6.4693875,6.8490567,9.0
LV,2022,4,5.375,5.3589745,6.2291665,7.7419353
LV,2022,5,6.631579,6.848485,5.347826,5.8163266
LV,2022,7,7.5660377,8.428572,6.2153845,7.047619
LV,2022,8,3.3454545,3.372093,5.825397,7.451613
LV,2022,9,5.631579,6.5263157,6.121212,8.59375
LV,2022,10,4.753846,5.6585364,7.0677967,7.71875
LV,2022,11,6.564516,7.8421054,5.16129,6.6857142
LV,2022,12,7.4805193,7.769231,6.016129,7.8809524
LV,2022,13,6.8474574,8.333333,5.3013697,5.888889
LV,2022,14,5.206897,6.304348,4.7966104,5.575
LV,2022,15,4.8125,5.1463413,5.095238,3.6764705
LV,2022,16,3.8653846,4.457143,5.3030305,6.25
LV,2022,17,7.5757575,10.368421,7.616667,8.114285
LV,2022,18,4.1641793,4.6938777,6.5,6.774194
LV,2023,1,5.2352943,7.4827585,4.5614033,4.638889
LV,2023,2,6.1538463,7.44,6.2777777,6.8461537
LV,2023,3,5.352941,6.04,5.661017,7.9333334
LV,2023,4,3.826087,4.0869565,5.355932,6.032258
LV,2023,5,4.6065574,5.3142858,5.0,6.2352943
LV,2023,6,5.66129,8.060606,4.7272725,4.756757
LV,2023,7,3.852459,4.1702127,4.880597,5.212121
LV,2023,8,3.488889,3.0714285,6.177215,6.9473686
LV,2023,9,5.661017,8.36,4.3968253,4.1860466
LV,2023,10,4.419355,4.2,5.7936506,6.7608695
LV,2023,11,5.016949,6.0465117,6.3134327,8.04878
LV,2023,12,6.172414,6.714286,6.464286,7.9473686
LV,2023,14,3.8113208,4.0555553,3.2535212,2.6086957
LV,2023,15,6.0,6.864865,5.174603,6.75
LV,2023,16,4.22,2.0869565,4.1621623,4.793103
LV,2023,17,5.0,5.836735,6.730769,8.76
LV,2023,18,5.730159,6.714286,4.948276,6.025
LV,2024,1,5.016949,5.75,6.1153846,5.285714
LV,2024,2,4.423729,5.418605,5.8688526,6.9166665
LV,2024,3,5.55,6.347826,6.362319,7.65
LV,2024,4,5.09434,4.4615383,4.2280703,4.3095236
LV,2024,5,5.030303,5.642857,5.4259257,6.193548
LV,2024,6,4.508197,5.1904764,4.836066,4.3939395
LV,2024,7,4.2266665,4.2391305,5.22,6.0
LV,2024,8,4.3207545,5.9411764,5.265625,6.634146
LV,2024,9,3.677966,4.076923,5.4347825,6.1707315
LV,2024,11,5.2063494,5.7291665,5.6031747,7.324324
LV,2024,12,5.0547943,5.220339,5.0,6.068182
LV,2024,13,7.0,8.594595,5.076923,5.3137255
LV,2024,14,4.5555553,4.9268293,7.118644,8.0
LV,2024,15,3.890625,4.688889,4.5789475,4.5238094
LV,2024,16,4.9692307,6.142857,5.0491805,5.9
LV,2024,17,5.4166665,6.4444447,5.075472,4.904762
LV,2024,18,5.638298,6.324324,6.7042255,9.973684
LV,2025,1,6.5,9.052631,4.9411764,5.3396225
LV,2025,2,3.353846,3.4791667,6.018868,8.1875
LV,2025,3,5.5625,7.5142856,7.5471697,9.136364
LV,2025,4,7.0,6.6363635,4.25,5.285714
LV,2025,5,4.5538464,4.756098,5.2295084,6.3142858
LV,2025,6,4.240741,6.32,3.8793104,3.7209303
LV,2025,7,3.1666667,3.55,5.9054055,7.75
LV,2025,9,5.4262295,6.3636365,4.8289475,6.0
MIA,2022,1,5.385965,6.7222223,5.1509433,5.909091
MIA,2022,2,7.927536,9.039216,8.759259,11.193548
MIA,2022,3,5.4358974,7.7727275,5.5842695,6.042857
MIA,2022,4,6.3,7.794872,6.233333,8.942857
MIA,2022,5,4.7580647,4.388889,6.1320753,8.0
MIA,2022,6,6.189189,7.214286,4.9183674,4.647059
MIA,2022,7,6.114754,7.2894735,5.0147057,5.5416665
MIA,2022,8,7.836066,9.75,6.894737,8.051282
MIA,2022,9,7.66,9.870968,5.3,6.0
MIA,2022,10,7.671875,8.705882,4.885246,5.285714
MIA,2022,12,4.9852943,5.9148936,3.5,3.893617
MIA,2022,13,6.8444443,7.4324327,4.6578946,5.111111
MIA,2022,14,4.4693875,4.6969695,5.7105265,6.428571
MIA,2022,15,6.9827585,6.5882354,6.352113,6.9069767
MIA,2022,16,8.355556,10.888889,4.903226,5.7380953
MIA,2022,17,4.826087,5.840909,4.5636363,4.8055553
MIA,2022,18,4.71875,4.3030305,3.528302,4.5151515
MIA,2022,19,3.3285713,3.7307692,5.9859157,6.7916665
MIA,2023,1,8.539682,10.282609,5.6973686,5.4
MIA,2023,2,6.5,7.75,4.1285715,4.638298
MIA,2023,3,10.385715,13.428572,6.1525426,7.5384617
MIA,2023,4,6.661017,6.142857,8.038462,10.931034
MIA,2023,5,10.096154,9.967742,3.9411764,4.837209
MIA,2023,6,6.903226,8.1875,4.352941,4.372093
MIA,2023,7,5.0833335,5.5277777,5.523077,7.5833335
MIA,2023,8,5.614286,6.591837,4.4,4.40625
MIA,2023,9,5.034483,4.7894735,5.09434,5.7647057
MIA,2023,11,6.3134327,8.04878,5.016949,6.0465117
MIA,2023,12,5.925373,7.15625,2.8909092,2.8888888
MIA,2023,13,6.881356,11.32,4.490909,4.3
MIA,2023,14,5.304348,5.4390244,5.970588,8.047619
MIA,2023,15,5.309091,7.3448277,1.8727273,1.8604652
MIA,2023,16,6.080645,7.4736843,5.6666665,7.0
MIA,2023,17,5.597015,5.340909,9.301887,13.730769
MIA,2023,18,5.7291665,6.0,6.3333335,8.8
MIA,2023,19,4.4745765,4.840909,5.4533334,7.0465117
MIA,2024,1,6.1538463,8.04878,5.34,5.88
MIA,2024,2,4.68,5.2954545,5.952381,7.1
MIA,2024,3,3.6607144,3.7435896,6.413793,7.2972975
MIA,2024,4,3.3454545,3.6666667,4.0,4.7727275
MIA,2024,5,4.894737,5.027027,5.537037,4.388889
MIA,2024,7,5.029851,5.322581,4.75,5.62069
MIA,2024,8,5.890625,6.0,6.290323,8.405405
MIA,2024,9,6.338983,7.6,5.5423727,6.02439
MIA,2024,10,4.5961537,5.516129,4.880597,5.244898
MIA,2024,11,5.6031747,7.324324,5.2063494,5.7291665
MIA,2024,12,5.952381,7.3333335,4.3174605,4.510638
MIA,2024,13,5.626866,6.4259257,7.3207545,9.785714
MIA,2024,14,5.712121,7.0,6.3809524,7.595238
MIA,2024,15,3.612903,4.0,3.893617,3.4375
MIA,2024,16,6.0634923,6.3235292,6.338983,7.2045455
MIA,2024,17,5.109091,7.617647,3.631579,3.3469388
MIA,2024,18,4.9117646,4.4791665,5.984127,6.425
MIA,2025,1,4.5319147,3.9189188,5.9714284,8.545455
MIA,2025,2,6.8846154,8.027027,6.3773584,8.0
MIA,2025,3,4.677966,4.4,6.3157897,7.0625
MIA,2025,4,5.357143,6.7777777,6.706897,7.6285715
MIA,2025,5,4.6792455,5.85,6.790323,5.5454545
MIA,2025,6,6.089286,5.7777777,6.296875,6.74359
MIA,2025,7,3.8421052,3.5,3.9807692,5.0
MIA,2025,8,5.2,7.035714,4.4583335,5.25
MIA,2025,9,5.442623,5.857143,6.296296,7.5555553
MIN,2022,1,6.47541,8.151515,5.745763,5.404762
MIN,2022,2,4.4745765,4.44,7.147059,8.973684
MIN,2022,3,5.753846,6.097561,5.5466666,6.785714
MIN,2022,4,5.1343284,6.2619047,5.862069,7.387097
MIN,2022,5,6.013889,7.25,5.6458335,7.9333334
MIN,2022,6,4.9183674,4.647059,6.189189,7.214286
MIN,2022,8,5.602941,5.404762,5.357143,6.25
MIN,2022,9,4.6307693,5.6976743,4.4,4.2352943
MIN,2022,10,6.179487,6.25,6.75,7.9
MIN,2022,11,3.3888888,2.9729729,6.542857,9.75
MIN,2022,12,5.523077,7.717949,7.5740743,8.878049
MIN,2022,13,4.515625,4.5641026,5.8554215,6.1666665
MIN,2022,14,6.6031747,8.565217,6.7246375,8.268292
MIN,2022,15,6.0581393,6.703125,4.3846154,4.6216216
MIN,2022,16,5.042857,5.2941175,6.671642,7.1
MIN,2022,17,6.0701756,7.205128,5.355932,5.5
MIN,2022,18,6.7887325,10.1470585,5.3265305,4.774194
MIN,2022,19,5.928571,6.775,6.78125,7.909091
MIN,2023,1,5.857143,7.06383,3.7692308,4.6578946
MIN,2023,2,6.8,7.521739,5.733333,6.0
MIN,2023,3,6.0897436,6.4545455,7.5555553,9.14
MIN,2023,4,6.0227275,6.1904764,3.4117646,4.076923
MIN,2023,5,4.9104476,5.285714,5.285714,6.3333335
MIN,2023,6,4.185185,5.2727275,4.3125,4.28125
MIN,2023,7,7.078125,8.590909,6.392157,8.6875
MIN,2023,8,5.1791043,7.4615383,4.354839,4.6938777
MIN,2023,9,5.0136986,6.1875,5.6060605,6.8292685
MIN,2023,10,5.7058825,7.219512,4.5079365,4.787234
MIN,2023,11,5.5,5.9736843,5.6923075,6.7297297
MIN,2023,12,4.745098,5.0,4.9384613,4.9545455
MIN,2023,14,3.2535212,2.6086957,3.8113208,4.0555553
MIN,2023,15,6.328358,7.3846154,5.6865673,6.3404255
MIN,2023,16,7.8,9.35,5.213333,6.0
MIN,2023,17,4.1568627,4.0789475,6.647887,8.617647
MIN,2023,18,6.4,7.4489794,6.803571,9.424242
MIN,2024,1,6.26,7.8461537,3.5294118,3.6122448
MIN,2024,2,7.9411764,9.387096,5.9104476,6.9545455
MIN,2024,3,4.644068,4.875,4.774194,5.2941175
MIN,2024,4,6.180328,8.393939,6.2266665,6.7894735
MIN,2024,5,3.984375,4.891892,3.5774648,3.8245614
MIN,2024,7,7.226415,7.7297297,7.314815,8.5172415
MIN,2024,8,5.6530614,7.4827585,6.1904764,8.205882
MIN,2024,9,5.9428573,7.325,4.75,5.3
MIN,2024,10,5.0375,6.1904764,3.3255813,3.4814816
MIN,2024,11,4.8333335,6.756757,5.3454547,7.1842103
MIN,2024,12,6.953846,8.631579,5.4054055,6.1578946
MIN,2024,13,5.48,5.8461537,5.3421054,5.78
MIN,2024,14,8.226415,9.588235,7.0140843,8.894737
MIN,2024,15,4.633803,5.1190476,4.5238094,4.7027025
MIN,2024,16,5.101695,5.775,6.016667,6.7391305
MIN,2024,17,6.626866,8.454545,4.706897,5.0
MIN,2024,18,4.3114753,3.4,5.969697,6.1714287
MIN,2024,19,3.8028169,3.5294118,5.979592,6.965517
MIN,2025,1,5.019608,5.6538463,5.031746,5.9534883
MIN,2025,2,4.304348,4.8,5.274194,4.5
MIN,2025,3,6.0689654,6.448276,3.2884614,3.8064516
MIN,2025,4,5.1944447,5.851852,6.1764708,7.68
MIN,2025,5,5.8333335,6.4634147,4.878788,5.428571
MIN,2025,7,5.776119,7.0869565,7.625,12.153846
MIN,2025,8,3.4893618,3.6111112,5.9857144,8.058824
MIN,2025,9,4.7818184,4.032258,4.919355,5.714286
NE,2022,1,5.1509433,5.909091,5.385965,6.7222223
NE,2022,2,6.111111,6.9210525,4.1525426,4.236842
NE,2022,3,6.984375,8.121951,7.089286,6.2941175
NE,2022,4,4.672414,4.16,6.2394366,6.6216216
NE,2022,5,6.8333335,8.772727,4.968254,5.6153846
NE,2022,6,6.5,8.361111,4.8235292,5.16
NE,2022,7,5.5531917,6.6875,5.6666665,6.423077
NE,2022,8,4.0833335,4.25,6.672414,7.8139534
NE,2022,9,3.3606558,3.9117646,2.0166667,1.9047619
NE,2022,11,5.0338984,6.0,2.1020408,2.413793
NE,2022,12,7.5740743,8.878049,5.523077,7.717949
NE,2022,13,4.745098,4.9210525,5.279412,6.4054055
NE,2022,14,6.1296296,6.135135,4.6811595,4.5576925
NE,2022,15,5.095238,3.6764705,4.8125,5.1463413
NE,2022,16,5.5,6.0540543,5.679487,6.8
NE,2022,17,4.5636363,4.8055553,4.826087,5.840909
NE,2022,18,5.390625,5.5116277,6.0,7.0
NE,2023,1,4.835443,5.440678,4.2,4.3157897
NE,2023,2,4.1285715,4.638298,6.5,7.75
NE,2023,3,5.188406,6.9666667,2.85,3.4358974
NE,2023,4,4.6,6.0882354,5.787879,6.375
NE,2023,5,3.0588236,3.3636363,4.681818,6.1666665
NE,2023,6,4.7272725,4.756757,5.66129,8.060606
NE,2023,7,6.5,8.393939,5.1363635,5.9130435
NE,2023,8,4.4,4.40625,5.614286,6.591837
NE,2023,9,5.306452,4.8913045,5.6973686,6.627451
NE,2023,10,5.0,5.7647057,5.0,6.928571
NE,2023,12,4.1617646,3.6756756,4.5102043,5.151515
NE,2023,13,4.145161,3.7272727,4.118644,5.605263
NE,2023,14,5.509091,7.34375,4.0454545,4.883721
NE,2023,15,4.0392156,4.4,5.706897,6.902439
NE,2023,16,5.2545457,6.6285715,4.242424,4.7954545
NE,2023,17,5.673077,7.290323,4.287879,5.2647057
NE,2023,18,2.0517242,1.1025641,4.0,3.2857144
NE,2024,1,4.7868853,5.3103447,4.6666665,4.7714286
NE,2024,2,4.6969695,4.09375,5.609375,6.744681
NE,2024,3,2.8958333,2.0857143,5.714286,7.125
NE,2024,4,3.435484,3.6153846,7.322034,9.833333
NE,2024,5,5.537037,4.388889,4.894737,5.027027
NE,2024,6,4.6190476,5.8809524,6.0491805,5.257143
NE,2024,7,5.3636365,6.395349,6.1,9.363636
NE,2024,8,3.90625,5.3513513,5.793103,7.4666667
NE,2024,9,4.609375,5.490196,5.479452,6.9166665
NE,2024,10,5.483333,7.206897,2.4067798,2.0487804
NE,2024,11,5.3055553,6.311111,8.4375,10.925926
NE,2024,12,4.3174605,4.510638,5.952381,7.3333335
NE,2024,13,6.4242425,7.075,4.413793,4.8
NE,2024,15,6.3469386,7.464286,6.285714,6.75
NE,2024,16,5.5735292,6.675,5.586207,5.2352943
NE,2024,17,3.7708333,3.5454545,5.5584416,6.976744
NE,2024,18,5.37931,7.4242425,3.9846153,4.151515
NE,2025,1,4.9411764,5.3396225,6.5,9.052631
NE,2025,2,6.3773584,8.0,6.8846154,8.027027
NE,2025,3,5.197183,6.212766,4.4565215,5.9166665
NE,2025,4,6.866667,9.727273,5.0153847,5.263158
NE,2025,5,6.035714,7.75,5.9508195,7.5641026
NE,2025,6,6.053571,9.354838,5.8039217,7.766667
NE,2025,7,6.274194,7.611111,5.0,5.5384617
NE,2025,8,6.854839,8.764706,4.018868,4.1282053
NE,2025,9,5.1384616,6.1,5.3333335,5.9
NO,2022,1,6.7894735,6.282051,5.9428573,7.135135
NO,2022,2,4.6666665,4.4680853,4.15873,5.3714285
NO,2022,3,6.65625,8.142858,4.983051,5.285714
NO,2022,4,5.862069,7.387097,5.1343284,6.2619047
NO,2022,5,6.3428574,7.703704,7.92,8.354838
NO,2022,6,5.619718,4.6216216,6.462963,6.9069767
NO,2022,7,7.071429,8.288462,5.4262295,6.121212
NO,2022,8,5.825397,7.451613,3.3454545,3.372093
NO,2022,9,4.9591837,5.6571426,4.9076924,5.24
NO,2022,10,4.133333,5.096774,4.8846154,5.15
NO,2022,11,6.0185184,7.34375,5.508197,5.857143
NO,2022,12,4.90566,6.2285714,4.9076924,5.8157897
NO,2022,13,5.321429,7.28125,4.743243,4.981818
NO,2022,15,6.462963,10.190476,4.6,3.5714285
NO,2022,16,4.6226416,6.133333,3.716418,3.7878788
NO,2022,17,4.921875,5.935484,5.90566,6.4736843
NO,2022,18,5.2413793,6.1923075,3.5,2.95
NO,2023,1,5.709677,7.605263,4.8305087,4.65
NO,2023,2,4.8591547,5.0487804,4.2280703,4.375
NO,2023,3,4.2,4.605263,5.0882354,5.78
NO,2023,4,3.3,3.0465117,5.476923,6.825
NO,2023,5,4.681818,6.1666665,3.0588236,3.3636363
NO,2023,6,5.5128207,6.4339623,5.0508475,5.9666667
NO,2023,7,4.6477275,5.1833334,6.3018866,8.0
NO,2023,8,7.876923,11.67742,5.5373135,4.7727275
NO,2023,9,4.9508195,6.0555553,5.75,7.2702703
NO,2023,10,4.5079365,4.787234,5.7058825,7.219512
NO,2023,12,6.742424,7.6,6.508197,8.416667
NO,2023,13,5.5,8.032258,6.3454547,7.5925927
NO,2023,14,4.18,4.0740743,3.835443,3.2325583
NO,2023,15,5.4545455,6.9666667,3.2166667,3.0652175
NO,2023,16,5.8965516,7.0227275,7.0,9.285714
NO,2023,17,4.671642,5.7714286,7.0,8.111111
NO,2023,18,6.060606,7.935484,6.483333,8.805555
NO,2024,1,6.112903,7.9615383,3.509091,3.7692308
NO,2024,2,8.207547,14.235294,5.4307694,6.5111113
NO,2024,3,4.0,4.785714,7.169231,7.111111
NO,2024,4,5.2285714,6.3157897,6.1764708,6.3055553
NO,2024,5,4.3137255,4.868421,6.012987,7.8636365
NO,2024,6,4.590909,5.1875,8.136987,8.439024
NO,2024,7,4.1846156,4.3333335,6.6271186,5.969697
NO,2024,8,5.382353,5.285714,6.015873,8.052631
NO,2024,9,5.693333,6.7647057,5.0816326,5.9333334
NO,2024,10,7.1764708,10.62963,6.410959,7.0
NO,2024,11,8.482142,8.633333,6.267606,7.4423075
NO,2024,13,4.768116,4.95,6.1320753,6.3846154
NO,2024,14,4.5076923,5.970588,4.418919,4.892857
NO,2024,15,4.8039217,5.0833335,4.4054055,5.2
NO,2024,16,3.6981132,4.131579,6.0597014,7.2
NO,2024,17,5.075472,4.904762,5.4166665,6.4444447
NO,2024,18,4.6349206,5.311111,6.285714,7.3
NO,2025,1,4.7014923,4.87234,4.52459,4.2702703
NO,2025,2,4.5820894,5.0,5.421875,6.6666665
NO,2025,3,4.0571427,4.7777777,6.056604,11.095238
NO,2025,4,4.5151515,4.3428574,6.648148,8.0
NO,2025,5,5.4590163,7.625,4.8550725,5.4
NO,2025,6,5.8039217,7.766667,6.053571,9.354838
NO,2025,7,4.773585,5.8378377,5.9692307,6.0740743
NO,2025,8,3.9285715,4.133333,3.7857144,4.5925927
NO,2025,9,5.74359,6.68,6.0547943,7.852941
NYG,2022,1,6.6,5.709677,6.084746,8.088235
NYG,2022,2,3.9264705,4.372093,5.0925927,4.388889
NYG,2022,3,5.0149255,4.714286,6.661017,6.935484
NYG,2022,4,5.4590163,5.6363635,5.0666666,5.9142857
NYG,2022,5,6.107143,7.677419,4.9344263,5.0487804
NYG,2022,6,4.101695,4.96875,7.0,6.1666665
NYG,2022,7,6.2285714,6.9444447,6.878788,7.0454545
NYG,2022,8,3.515625,4.1025643,4.557377,5.292683
NYG,2022,10,5.5757575,8.608696,6.45,6.97561
NYG,2022,11,5.657534,6.755102,5.4666667,6.3461537
NYG,2022,12,5.357143,6.0555553,6.3382354,8.580646
NYG,2022,13,5.112903,6.0789475,5.0864196,5.382979
NYG,2022,14,4.78125,5.25,6.7384615,5.3333335
NYG,2022,15,4.9322033,5.2647057,6.672414,7.181818
NYG,2022,16,6.671642,7.1,5.042857,5.2941175
NYG,2022,17,6.4590163,7.25,4.5,4.4
NYG,2022,18,4.4375,3.8,5.0882354,5.285714
NYG,2022,19,6.78125,7.909091,5.928571,6.775
NYG,2022,20,4.3653846,3.5428572,6.132353,5.923077
NYG,2023,1,2.6307693,2.4545455,4.818182,5.72
NYG,2023,2,6.552239,7.822222,6.2459016,7.84375
NYG,2023,3,3.1914895,3.3243244,5.92,7.6923075
NYG,2023,4,3.3513513,3.745098,5.509804,5.8965516
NYG,2023,5,3.9411764,4.837209,10.096154,9.967742
NYG,2023,6,4.464789,4.9761906,5.0338984,5.625
NYG,2023,7,5.806452,7.2222223,4.074627,4.244898
NYG,2023,8,2.7714286,0.625,4.114754,5.1904764
NYG,2023,9,4.3968253,4.1860466,5.661017,8.36
NYG,2023,10,3.2037036,2.7567568,8.434211,10.630435
NYG,2023,11,5.4074073,5.7777777,5.246753,5.0961537
NYG,2023,12,4.5102043,5.151515,4.1617646,3.6756756
NYG,2023,14,6.814815,7.111111,4.8656716,4.8809524
NYG,2023,15,3.2166667,3.0652175,5.4545455,6.9666667
NYG,2023,16,5.0689654,6.2727275,6.283784,7.4390244
NYG,2023,17,5.80597,6.36,6.5333333,7.5263157
NYG,2023,18,6.287879,8.0,4.6,4.1860466
NYG,2024,1,3.5294118,3.6122448,6.26,7.8461537
NYG,2024,2,5.735849,5.65625,6.373134,6.394737
NYG,2024,3,5.212121,6.076923,3.4920635,3.6875
NYG,2024,4,4.75,6.756098,5.88,7.607143
NYG,2024,5,6.0285716,6.4358974,5.7413793,5.9411764
NYG,2024,6,4.366197,4.744186,6.12,7.0588236
NYG,2024,7,2.2037036,1.7179487,5.3125,3.9565217
NYG,2024,8,5.7941175,5.409091,7.0,8.1875
NYG,2024,9,5.344262,5.580645,6.3157897,9.52
NYG,2024,10,4.830986,4.65,5.275862,5.285714
NYG,2024,12,4.4727273,5.0,7.274194,9.8125
NYG,2024,13,4.1864405,4.585366,4.848485,5.3783784
NYG,2024,14,4.418919,4.892857,4.5076923,5.970588
NYG,2024,15,4.016949,4.525,7.6896553,10.206897
NYG,2024,16,4.2545457,4.5,5.269841,7.172414
NYG,2024,17,8.040816,13.083333,6.027027,7.804878
NYG,2024,18,4.4074073,4.7586207,4.5373135,5.860465
NYG,2025,1,3.7258065,4.3777776,7.016129,6.7297297
NYG,2025,2,7.7846155,9.711111,5.759036,6.3157897
NYG,2025,3,4.6065574,4.6842103,4.828125,5.02439
NYG,2025,4,3.6,3.7333333,5.9649124,4.7727275
NYG,2025,5,4.8550725,5.4,5.4590163,7.625
NYG,2025,6,5.75,7.151515,6.053571,7.3157897
NYG,2025,7,5.5285716,7.0526314,5.337662,5.3703704
NYG,2025,8,5.0408163,6.032258,7.9444447,6.3333335
NYG,2025,9,5.285714,5.6153846,6.0634923,8.0
NYJ,2022,1,4.810127,4.790323,5.4117646,6.470588
NYJ,2022,2,6.1060605,6.5833335,6.34375,8.21875
NYJ,2022,3,4.3157897,4.5,5.171875,6.820513
NYJ,2022,4,5.19403,6.625,4.95,5.787879
NYJ,2022,5,6.1320753,8.0,4.7580647,4.388889
NYJ,2022,6,5.62,4.904762,4.0289855,4.4489794
NYJ,2022,7,5.019231,4.0625,4.32,4.6875
NYJ,2022,8,6.672414,7.8139534,4.0833335,4.25
NYJ,2022,9,5.1833334,5.3103447,5.196721,5.047619
NYJ,2022,11,2.1020408,2.413793,5.0338984,6.0
NYJ,2022,12,7.7833333,10.266666,5.327273,6.107143
NYJ,2022,13,5.8554215,6.1666665,4.515625,4.5641026
NYJ,2022,14,4.232877,4.5686274,4.3962264,4.909091
NYJ,2022,15,5.52459,7.275,5.439394,6.631579
NYJ,2022,16,4.053571,4.8,5.4117646,7.25
NYJ,2022,17,4.1641793,4.08,4.8732395,4.3428574
NYJ,2022,18,3.528302,4.5151515,4.71875,4.3030305
NYJ,2023,1,5.7058825,4.730769,4.6865673,5.122449
NYJ,2023,2,4.7777777,5.6666665,4.8375,6.575
NYJ,2023,3,2.85,3.4358974,5.188406,6.9666667
NYJ,2023,4,5.827586,5.7619047,6.296875,7.0857143
NYJ,2023,5,6.564516,6.030303,5.4385967,5.45
NYJ,2023,6,4.275862,4.243902,5.0434785,5.8
NYJ,2023,8,4.114754,5.1904764,2.7714286,0.625
NYJ,2023,9,3.5064936,3.6724138,3.4727273,3.3513513
NYJ,2023,10,5.7936506,6.7608695,4.419355,4.2
NYJ,2023,11,2.8181818,2.675,5.7246375,7.714286
NYJ,2023,12,2.8909092,2.8888888,5.925373,7.15625
NYJ,2023,13,3.8656716,4.7674417,3.0952382,3.4666667
NYJ,2023,14,5.353846,6.6904764,2.5961537,1.6363636
NYJ,2023,15,1.8727273,1.8604652,5.309091,7.3448277
NYJ,2023,16,4.4823527,4.5686274,4.224138,4.135135
NYJ,2023,17,5.2941175,5.28,7.37931,10.033334
NYJ,2023,18,4.0,3.2857144,2.0517242,1.1025641
NYJ,2024,1,5.34,6.40625,5.826087,7.030303
NYJ,2024,2,4.836364,5.030303,5.0,5.885714
NYJ,2024,3,5.714286,7.125,2.8958333,2.0857143
NYJ,2024,4,3.5428572,3.9607842,3.5185184,2.5769231
NYJ,2024,5,3.5774648,3.8245614,3.984375,4.891892
NYJ,2024,6,6.661017,7.1578946,6.3508773,7.4
NYJ,2024,7,5.803571,6.609756,6.1969695,8.419354
NYJ,2024,8,5.793103,7.4666667,3.90625,5.3513513
NYJ,2024,9,5.4444447,5.6764708,4.364865,4.2391305
NYJ,2024,10,3.7636364,3.368421,7.267857,10.36
NYJ,2024,11,4.8653846,5.121212,4.811594,7.3030305
NYJ,2024,13,4.209677,4.1904764,4.642857,5.0857143
NYJ,2024,14,6.3809524,7.595238,5.712121,7.0
NYJ,2024,15,7.4444447,8.7027025,5.3974357,6.0
NYJ,2024,16,5.095238,5.7272725,5.2340426,5.7894735
NYJ,2024,17,4.7966104,4.5384617,5.8166666,9.0
NYJ,2024,18,5.984127,6.425,4.9117646,4.4791665
NYJ,2025,1,6.15625,8.576923,5.1320753,6.4117646
NYJ,2025,2,3.2765958,3.3225806,6.074627,7.483871
NYJ,2025,3,4.3934426,4.7173915,5.5238094,8.181818
NYJ,2025,4,6.706897,7.6285715,5.357143,6.7777777
NYJ,2025,5,5.2465754,4.7636366,7.446429,7.969697
NYJ,2025,6,1.4385965,0.2413793,4.509091,5.6969695
NYJ,2025,7,3.6666667,3.5681818,4.470588,5.1944447
NYJ,2025,8,7.242857,7.0,6.862069,6.388889
PHI,2022,1,6.4225354,7.181818,5.953846,5.5128207
PHI,2022,2,7.147059,8.973684,4.4745765,4.44
PHI,2022,3,6.1060605,8.317073,3.2,3.125
PHI,2022,4,5.386667,6.6,4.7608695,5.4814816
PHI,2022,5,5.114286,6.2,5.4179106,5.8095236
PHI,2022,6,4.029851,4.5666666,4.921875,4.763158
PHI,2022,8,7.730769,8.588235,4.3142858,3.72549
PHI,2022,9,5.967213,6.939394,5.3157897,5.464286
PHI,2022,10,5.617021,6.107143,4.337662,5.903226
PHI,2022,11,5.355932,6.733333,4.580645,5.138889
PHI,2022,12,6.423077,6.4,7.1458335,8.428572
PHI,2022,13,6.761194,8.976745,3.9433963,4.457143
PHI,2022,14,6.7384615,5.3333335,4.78125,5.25
PHI,2022,15,6.071429,7.7619047,4.368421,4.757576
PHI,2022,16,6.5,8.756098,6.0142856,7.5227275
PHI,2022,17,5.90566,6.4736843,4.921875,5.935484
PHI,2022,18,5.0882354,5.285714,4.4375,3.8
PHI,2022,20,6.132353,5.923077,4.3653846,3.5428572
PHI,2022,21,3.985294,4.740741,3.6444445,3.952381
PHI,2022,22,5.739726,7.4761906,6.8039217,7.6666665
PHI,2023,1,4.2,4.3157897,4.835443,5.440678
PHI,2023,2,5.733333,6.0,6.8,7.521739
PHI,2023,3,6.051282,7.0,3.911111,4.724138
PHI,2023,4,6.132353,7.75,4.9324327,5.72549
PHI,2023,5,5.820513,7.72093,4.5272727,4.756098
PHI,2023,6,5.0434785,5.8,4.275862,4.243902
PHI,2023,7,5.523077,7.5833335,5.0833335,5.5277777
PHI,2023,8,6.25,7.8536587,6.8405795,7.2181816
PHI,2023,9,4.9491525,6.625,5.8142858,6.5471697
PHI,2023,11,4.72549,4.607143,4.60274,4.2040815
PHI,2023,12,5.921875,6.2105265,5.5604396,6.9649124
PHI,2023,13,4.757143,5.4736843,8.160714,10.533334
PHI,2023,14,6.230769,7.5172415,5.324324,6.0465117
PHI,2023,15,4.652174,5.2972975,5.1551723,5.6285715
PHI,2023,16,6.283784,7.4390244,5.0689654,6.2727275
PHI,2023,17,5.8510637,7.88,6.236111,7.029412
PHI,2023,18,4.6,4.1860466,6.287879,8.0
PHI,2023,19,5.111111,6.1282053,6.173913,7.6904764
PHI,2024,1,5.6164384,7.5789475,7.016949,6.783784
PHI,2024,2,5.4117646,6.542857,6.7894735,7.3125
PHI,2024,3,7.169231,7.111111,4.0,4.785714
PHI,2024,4,4.1454544,3.2702703,6.109589,6.88
PHI,2024,6,6.4827585,9.846154,4.6037736,5.2
PHI,2024,7,5.3125,3.9565217,2.2037036,1.7179487
PHI,2024,8,6.7288136,11.571428,4.9298244,5.95
PHI,2024,9,6.150685,7.529412,4.230769,4.5135136
PHI,2024,10,5.453125,6.9,2.607143,1.53125
PHI,2024,11,6.304348,6.647059,4.15625,4.7
PHI,2024,12,7.318182,7.269231,4.8333335,4.9534883
PHI,2024,13,4.8846154,5.3333335,5.2394366,6.3636365
PHI,2024,14,5.267857,4.821429,4.4558825,5.219512
PHI,2024,15,5.4324327,7.4210525,3.9756098,4.5384617
PHI,2024,16,4.7605634,4.5405407,5.78125,6.7777777
PHI,2024,17,6.40678,10.368421,4.4666667,4.580645
PHI,2024,18,4.5373135,5.860465,4.4074073,4.7586207
PHI,2024,19,5.196429,5.375,5.1355934,5.7222223
PHI,2024,20,5.85,2.8666666,5.742857,5.92
PHI,2024,21,7.1076922,7.483871,4.455696,4.8965516
PHI,2024,22,5.2089553,9.0,5.4313726,5.75
PHI,2025,1,5.1694913,6.2727275,5.581818,5.617647
PHI,2025,2,3.892857,4.2,5.1578946,6.2894735
PHI,2025,3,4.5873017,5.368421,5.476923,5.7647057
PHI,2025,4,3.4482758,5.129032,5.6119404,6.627907
PHI,2025,5,5.611111,5.8,5.0704226,5.681818
PHI,2025,6,6.053571,7.3157897,5.75,7.151515
PHI,2025,7,7.625,12.153846,5.776119,7.0869565
PHI,2025,8,7.9444447,6.3333335,5.0408163,6.032258
PIT,2022,1,4.5423727,5.05,4.568421,5.242424
PIT,2022,2,4.1525426,4.236842,6.111111,6.9210525
PIT,2022,3,5.6,6.181818,5.2957745,6.212121
PIT,2022,4,4.95,5.787879,5.19403,6.625
PIT,2022,5,5.0555553,5.714286,10.882353,12.153846
PIT,2022,6,4.6271186,6.147059,4.470588,5.452381
PIT,2022,7,5.0147057,5.5416665,6.114754,7.2894735
PIT,2022,8,4.3142858,3.72549,7.730769,8.588235
PIT,2022,10,4.8846154,5.15,4.133333,5.096774
PIT,2022,11,5.1617646,5.659091,6.5079365,8.285714
PIT,2022,12,4.880597,5.0,4.677419,5.1282053
PIT,2022,13,5.5,6.967742,5.773585,6.4
PIT,2022,14,6.207547,8.0,5.5263157,5.173913
PIT,2022,15,4.8656716,7.347826,4.9761906,7.0740743
PIT,2022,16,5.3030305,6.25,3.8653846,4.457143
PIT,2022,17,5.1911764,5.275862,4.897959,5.7083335
PIT,2022,18,4.9264708,6.0,5.385965,5.375
PIT,2023,1,3.9833333,3.9607842,6.2539682,6.5882354
PIT,2023,2,5.0588236,6.25,4.9638553,4.734694
PIT,2023,3,5.661017,7.9333334,5.352941,6.04
PIT,2023,4,4.017857,3.71875,6.7313433,10.548388
PIT,2023,5,4.8688526,5.5135136,5.0,5.0
PIT,2023,7,5.8846154,7.714286,5.6507936,6.939394
PIT,2023,8,4.142857,4.4693875,5.742424,7.8055553
PIT,2023,9,5.5423727,5.3333335,5.074627,5.5
PIT,2023,10,5.4,5.1538463,6.234375,7.0
PIT,2023,11,4.464286,2.6060605,3.6478872,4.0
PIT,2023,12,6.523077,7.4594593,5.575,6.46875
PIT,2023,13,5.5789475,6.5333333,4.75,5.5185184
PIT,2023,14,4.0454545,4.883721,5.509091,7.34375
PIT,2023,15,4.0,4.733333,5.828125,6.34375
PIT,2023,16,6.8448277,10.034483,5.967742,6.7608695
PIT,2023,17,6.7,10.307693,7.5306125,8.486486
PIT,2023,18,4.7540984,5.826087,4.017857,4.0263157
PIT,2023,19,5.225806,5.707317,5.707692,7.3235292
PIT,2024,1,4.090909,5.4666667,4.612245,5.0740743
PIT,2024,2,4.327586,5.269231,5.267857,6.1025643
PIT,2024,3,5.5238094,6.742857,3.6888888,4.2
PIT,2024,4,6.029851,7.268293,5.698413,6.939394
PIT,2024,5,3.9649122,4.322581,5.9333334,7.5333333
PIT,2024,6,4.836066,4.3939395,4.508197,5.1904764
PIT,2024,7,6.1969695,8.419354,5.803571,6.609756
PIT,2024,8,7.0,8.1875,5.7941175,5.409091
PIT,2024,10,4.375,5.3939395,4.101695,4.918919
PIT,2024,11,4.236111,4.487805,6.111111,5.6944447
PIT,2024,12,5.4117646,7.3714285,5.368421,7.193548
PIT,2024,13,8.15625,10.121951,6.5789475,6.6136365
PIT,2024,14,4.483333,5.4827585,4.347826,4.4666667
PIT,2024,15,3.9756098,4.5384617,5.4324327,7.4210525
PIT,2024,16,5.338983,6.027027,7.1355934,8.24
PIT,2024,17,4.9863014,4.5208335,6.59322,8.3
PIT,2024,18,3.3275862,3.6216216,4.5,4.92
PIT,2024,19,6.3863635,7.1666665,6.642857,7.6
PIT,2025,1,5.1320753,6.4117646,6.15625,8.576923
PIT,2025,2,4.483333,5.0,6.171875,7.9428573
PIT,2025,3,4.4565215,5.9166665,5.197183,6.212766
PIT,2025,4,6.1764708,7.68,5.1944447,5.851852
PIT,2025,6,6.090909,7.612903,3.3066666,3.1551723
PIT,2025,7,7.3333335,7.285714,6.9710145,6.6938777
PIT,2025,8,5.086207,5.05,7.2539682,9.526316
PIT,2025,9,3.7666667,4.820513,5.0410957,5.7090907
SEA,2022,1,5.5652175,6.16129,6.765625,7.3777776
SEA,2022,2,4.5957446,5.4545455,5.3285713,7.36
SEA,2022,3,6.0869565,6.695652,7.4615383,8.6
SEA,2022,4,9.131147,10.9375,7.7058825,8.790698
SEA,2022,5,7.92,8.354838,6.3428574,7.703704
SEA,2022,6,4.4848485,5.0526314,4.4366198,4.5957446
SEA,2022,7,6.655738,6.6666665,4.768116,5.2280703
SEA,2022,8,4.557377,5.292683,3.515625,4.1025643
SEA,2022,9,6.220588,7.5263157,4.295082,4.409091
SEA,2022,10,5.54902,6.487805,6.2058825,8.6
SEA,2022,12,6.016129,7.8809524,7.4805193,7.769231
SEA,2022,13,6.859375,8.0,5.0634923,4.8
SEA,2022,14,5.4150944,6.214286,4.633803,4.785714
SEA,2022,15,4.5409837,4.6875,6.62069,7.571429
SEA,2022,16,4.5616436,4.8636365,5.8235292,7.354839
SEA,2022,17,4.8732395,4.3428574,4.1641793,4.08
SEA,2022,18,5.826087,6.918919,4.6551723,4.15625
SEA,2022,19,5.1875,6.1190476,7.9375,10.272727
SEA,2023,1,3.9130435,3.4827585,5.4615383,8.794871
SEA,2023,2,5.9545455,7.5227275,6.53125,8.540541
SEA,2023,3,6.3382354,7.205128,5.04,5.548387
SEA,2023,4,5.509804,5.8965516,3.3513513,3.745098
SEA,2023,6,5.4857144,6.5416665,4.1346154,4.4358974
SEA,2023,7,5.714286,7.607143,3.952381,3.2564104
SEA,2023,8,6.7222223,6.5263157,5.216216,6.5405407
SEA,2023,9,3.3043478,3.878788,7.1805553,6.7297297
SEA,2023,10,6.6986303,7.9583335,5.836066,6.12766
SEA,2023,11,4.7868853,5.4390244,4.637931,5.6969695
SEA,2023,12,4.0740743,4.3428574,6.015873,6.3939395
SEA,2023,13,6.4444447,8.071428,5.3076925,6.0425534
SEA,2023,14,5.785714,6.6410255,10.153846,11.67742
SEA,2023,15,5.1551723,5.6285715,4.652174,5.2972975
SEA,2023,16,4.6271186,5.425,4.5555553,4.7647057
SEA,2023,17,7.5306125,8.486486,6.7,10.307693
SEA,2023,18,6.0925927,7.0,6.753623,9.15625
SEA,2024,1,5.3103447,6.62069,3.347826,3.4081633
SEA,2024,2,5.609375,6.744681,4.6969695,4.09375
SEA,2024,3,6.413793,7.2972975,3.6607144,3.7435896
SEA,2024,4,6.531646,6.4603176,8.145833,12.409091
SEA,2024,5,5.7413793,5.9411764,6.0285716,6.4358974
SEA,2024,6,4.9722223,5.8846154,7.9344263,8.870968
SEA,2024,7,6.053571,7.6060605,5.285714,5.4871793
SEA,2024,8,5.0869565,7.0,6.787879,7.756757
SEA,2024,9,5.821918,7.6976743,5.382353,6.7727275
SEA,2024,11,4.898305,5.894737,4.859649,5.3142858
SEA,2024,12,4.8644066,6.0540543,5.321429,5.9302325
SEA,2024,13,4.642857,5.0857143,4.209677,4.1904764
SEA,2024,14,6.704918,7.766667,5.698413,6.0
SEA,2024,15,3.7142856,3.2142856,6.0491805,8.321428
SEA,2024,16,6.016667,6.7391305,5.101695,5.775
SEA,2024,17,5.32,5.821429,3.086207,2.6578948
SEA,2024,18,6.3584905,7.0,6.1060605,7.0434785
SEA,2025,1,4.6938777,6.2916665,5.5142856,7.282051
SEA,2025,2,6.171875,7.9428573,4.483333,5.0
SEA,2025,3,6.056604,11.095238,4.0571427,4.7777777
SEA,2025,4,6.0,8.433333,3.953125,3.9607842
SEA,2025,5,8.574074,10.029411,7.3965516,9.948718
SEA,2025,6,6.8627453,10.068966,4.029412,4.4
SEA,2025,7,4.8923078,5.742857,3.6285715,4.0545454
SF,2022,1,4.9402986,5.0,3.8867924,5.7826085
SF,2022,2,5.3285713,7.36,4.5957446,5.4545455
SF,2022,3,5.1346154,5.4242425,3.8823528,4.390244
SF,2022,4,6.6734695,8.642858,3.5205479,3.642857
SF,2022,5,6.762712,7.625,4.6666665,5.0833335
SF,2022,6,6.0701756,7.1904764,5.160714,8.0
SF,2022,7,6.267606,6.6153846,9.672728,11.27027
SF,2022,8,7.076923,8.862069,4.090909,4.6666665
SF,2022,10,5.6231885,7.733333,4.25,4.7674417
SF,2022,11,7.072727,7.862069,4.4225354,5.1836734
SF,2022,12,4.9076924,5.8157897,4.90566,6.2285714
SF,2022,13,4.6578946,5.111111,6.8444443,7.4324327
SF,2022,14,6.9827585,8.208333,4.4246573,4.535714
SF,2022,15,6.62069,7.571429,4.5409837,4.6875
SF,2022,16,7.27451,8.615385,4.9857144,7.2972975
SF,2022,17,7.616667,8.114285,7.5757575,10.368421
SF,2022,18,5.0983605,6.0384617,5.2244897,6.548387
SF,2022,19,7.9375,10.272727,5.1875,6.1190476
SF,2022,20,4.952381,6.2727275,4.7,5.525
SF,2022,21,3.6444445,3.952381,3.985294,4.740741
SF,2023,1,6.2539682,6.5882354,3.9833333,3.9607842
SF,2023,2,6.759259,7.923077,5.012987,5.322034
SF,2023,3,5.92,7.6923075,3.1914895,3.3243244
SF,2023,4,7.7843137,12.318182,5.3235292,6.1702127
SF,2023,5,6.3939395,9.653846,4.1458335,4.6666665
SF,2023,6,4.075472,3.7333333,4.8550725,4.7297297
SF,2023,7,6.392157,8.6875,7.078125,8.590909
SF,2023,8,8.214286,10.358974,6.5737705,7.8157897
SF,2023,10,7.7192984,9.766666,4.0925927,4.3333335
SF,2023,11,7.4035087,10.354838,4.3636365,4.48
SF,2023,12,6.015873,6.3939395,4.0740743,4.3428574
SF,2023,13,8.160714,10.533334,4.757143,5.4736843
SF,2023,14,10.153846,11.67742,5.785714,6.6410255
SF,2023,15,8.0,9.703704,5.972603,4.8913045
SF,2023,16,6.3088236,6.2156863,5.548387,7.179487
SF,2023,17,6.212121,7.6,5.2325583,5.62069
SF,2023,18,5.263158,6.0333333,4.209677,5.225806
SF,2023,20,5.7580647,6.219512,5.370968,5.5277777
SF,2023,21,6.515625,8.611111,6.138889,6.0465117
SF,2023,22,5.4714284,6.785714,5.759494,6.5636363
SF,2024,1,5.826087,7.030303,5.34,6.40625
SF,2024,2,5.9104476,6.9545455,7.9411764,9.387096
SF,2024,3,6.5384617,8.552631,5.3818183,6.827586
SF,2024,4,7.322034,9.833333,3.435484,3.6153846
SF,2024,5,6.095238,6.4390244,6.482143,6.212121
SF,2024,6,7.9344263,8.870968,4.9722223,5.8846154
SF,2024,7,5.4385967,6.131579,5.0151515,5.8125
SF,2024,8,7.4603176,9.0,5.051724,5.9
SF,2024,10,7.016949,8.682927,3.7068965,3.375
SF,2024,11,4.859649,5.3142858,4.898305,5.894737
SF,2024,12,5.2608695,6.34375,4.850746,6.24
SF,2024,13,5.195652,4.285714,7.075472,8.421053
SF,2024,14,7.55,11.642858,3.0566037,3.3235295
SF,2024,15,3.6037736,3.764706,4.646154,6.107143
SF,2024,16,6.338983,7.2045455,6.0634923,6.3235292
SF,2024,17,8.050847,9.674418,6.626866,7.810811
SF,2024,18,6.1549296,6.652174,6.2380953,6.9722223
SF,2025,1,5.5142856,7.282051,4.6938777,6.2916665
SF,2025,2,5.421875,6.6666665,4.5820894,5.0
SF,2025,3,5.9333334,6.878049,4.0625,4.525
SF,2025,4,6.109375,7.780488,5.5,5.5
SF,2025,5,4.9634147,6.7959185,7.2380953,8.042553
SF,2025,6,5.4179106,6.4680853,7.06,10.52
SF,2025,7,5.09375,5.642857,4.866667,5.6190476
SF,2025,8,5.0,5.4054055,6.418919,8.166667
SF,2025,9,6.0634923,8.0,5.285714,5.6153846
TB,2022,1,5.8,6.724138,3.8888888,3.7608695
TB,2022,2,4.15873,5.3714285,4.6666665,4.4680853
TB,2022,3,4.8474574,5.4565215,5.266667,6.888889
TB,2022,4,6.3728814,7.037736,5.4155846,5.883721
TB,2022,5,5.821918,6.6603775,4.2419353,4.142857
TB,2022,6,4.470588,5.452381,4.6271186,6.147059
TB,2022,7,4.878788,5.4313726,6.86,7.3913045
TB,2022,8,5.629032,6.510638,6.4084506,5.5238094
TB,2022,9,4.1410255,4.6896553,3.8333333,4.451613
TB,2022,10,6.2058825,8.6,5.54902,6.487805
TB,2022,12,4.9242425,4.978261,4.8933334,4.7674417
TB,2022,13,4.743243,4.981818,5.321429,7.28125
TB,2022,14,4.4246573,4.535714,6.9827585,8.208333
TB,2022,15,5.5774646,6.489362,3.9508197,4.5581393
TB,2022,16,5.155844,5.8541665,4.452055,4.3541665
TB,2022,17,6.4,8.26,6.779661,8.871795
TB,2022,18,4.111111,4.0,5.7014923,6.382353
TB,2022,19,4.731707,4.8,6.358209,8.540541
TB,2023,1,3.7692308,4.6578946,5.857143,7.06383
TB,2023,2,6.651515,8.842105,4.627451,4.7222223
TB,2023,3,3.911111,4.724138,6.051282,7.0
TB,2023,4,5.476923,6.825,3.3,3.0465117
TB,2023,6,4.648148,5.275,5.602941,7.1666665
TB,2023,7,5.15625,6.2391305,6.265625,9.607142
TB,2023,8,4.870968,5.0625,6.3880596,7.3333335
TB,2023,9,5.269841,7.5588236,7.78125,9.844444
TB,2023,10,5.6833334,8.058824,3.542373,3.8837209
TB,2023,11,4.3636365,4.48,7.4035087,10.354838
TB,2023,12,5.321429,4.9210525,5.7246375,5.4666667
TB,2023,13,5.785714,6.4666667,4.0571427,4.257143
TB,2023,14,4.328358,4.645161,6.3188405,7.8444443
TB,2023,15,7.827586,10.69697,5.6491227,6.365854
TB,2023,16,4.8285713,7.0,4.84127,5.611111
TB,2023,17,7.0,8.111111,4.671642,5.7714286
TB,2023,18,3.7704918,3.3513513,3.98,4.0
TB,2023,19,6.173913,7.6904764,5.111111,6.1282053
TB,2023,20,6.6885247,6.9583335,5.8955226,6.173913
TB,2024,1,6.677966,8.8529415,5.375,7.0
TB,2024,2,4.7173915,6.296296,5.6463413,5.7719297
TB,2024,3,3.982143,3.3,5.6190476,6.3076925
TB,2024,4,6.109589,6.88,4.1454544,3.2702703
TB,2024,5,6.68,7.2,6.962025,7.819672
TB,2024,6,8.136987,8.439024,4.590909,5.1875
TB,2024,7,6.126582,7.0555553,9.407408,11.037037
TB,2024,8,6.1857142,6.8,6.5666666,8.6875
TB,2024,9,5.4615383,5.75,4.626506,5.38
TB,2024,10,3.7068965,3.375,7.016949,8.682927
TB,2024,12,7.274194,9.8125,4.4727273,5.0
TB,2024,13,5.881579,5.6153846,5.397059,6.12
TB,2024,14,7.118644,8.0,4.5555553,4.9268293
TB,2024,15,7.552239,10.266666,4.2916665,4.7027025
TB,2024,16,5.857143,6.36,6.056604,7.9444447
TB,2024,17,7.7887325,10.028571,4.4347825,4.9428573
TB,2024,18,6.285714,7.3,4.6349206,5.311111
TB,2024,19,6.4545455,8.869565,5.2985077,7.325
TB,2025,1,4.7454543,5.3783784,5.1285715,6.617021
TB,2025,2,4.9315066,4.869565,5.7826085,6.7419353
TB,2025,3,5.5238094,8.181818,4.3934426,4.7173915
TB,2025,4,5.6119404,6.627907,3.4482758,5.129032
TB,2025,5,7.3965516,9.948718,8.574074,10.029411
TB,2025,6,7.06,10.52,5.4179106,6.4680853
TB,2025,7,3.8181818,3.8181818,5.830769,6.5
TB,2025,8,3.7857144,4.5925927,3.9285715,4.133333
TEN,2022,1,6.084746,8.088235,6.6,5.709677
TEN,2022,2,3.528302,4.285714,6.6031747,7.6904764
TEN,2022,3,6.8490567,9.0,6.0,6.4693875
TEN,2022,4,5.020408,4.923077,5.7936506,8.02439
TEN,2022,5,3.887097,4.419355,6.7719297,8.255814
TEN,2022,7,4.6545453,5.2727275,4.5625,4.7708335
TEN,2022,8,6.2280703,3.2,3.24,3.6285715
TEN,2022,9,4.893617,3.0,5.445652,6.217949
TEN,2022,10,5.116667,6.7105265,4.361111,5.244898
TEN,2022,11,6.7377048,10.0,4.55,5.292683
TEN,2022,12,6.142857,7.8378377,6.096774,7.1904764
TEN,2022,13,3.9433963,4.457143,6.761194,8.976745
TEN,2022,14,5.8095236,5.4444447,6.402985,8.522727
TEN,2022,15,5.089286,5.1875,5.447761,6.7674417
TEN,2022,16,4.6896553,3.5714285,4.5396824,6.2222223
TEN,2022,17,4.876923,5.404762,4.8783784,6.4772725
TEN,2022,18,4.3333335,5.1714287,5.022222,6.151515
TEN,2023,1,4.8305087,4.65,5.709677,7.605263
TEN,2023,2,5.4126983,6.8965516,5.212121,6.288889
TEN,2023,3,2.088889,2.2666667,5.0895524,7.216216
TEN,2023,4,6.5737705,7.677419,4.24,4.0285716
TEN,2023,5,6.232143,7.5555553,7.1666665,8.5
TEN,2023,6,5.0652175,4.0333333,5.231884,6.6486487
TEN,2023,8,5.90625,7.21875,5.276923,5.116279
TEN,2023,9,5.074627,5.5,5.5423727,5.3333335
TEN,2023,10,3.542373,3.8837209,5.6833334,8.058824
TEN,2023,11,6.5833335,7.35,5.637681,7.857143
TEN,2023,12,5.4489794,6.571429,3.8507462,4.868421
TEN,2023,13,4.775,5.25,5.279412,6.375
TEN,2023,14,5.970588,8.047619,5.304348,5.4390244
TEN,2023,15,3.2380953,4.5,4.7222223,4.8
TEN,2023,16,4.5555553,4.7647057,4.6271186,5.425
TEN,2023,17,3.528302,4.1875,5.114754,6.029412
TEN,2023,18,6.3461537,5.2413793,5.4848485,6.4444447
TEN,2024,1,4.0,3.2894738,2.9230769,2.4117646
TEN,2024,2,5.0,5.885714,4.836364,5.030303
TEN,2024,3,4.4716983,4.8863635,6.40678,8.88
TEN,2024,4,4.0,4.7727275,3.3454545,3.6666667
TEN,2024,6,4.3818183,3.6666667,4.0757575,4.8717947
TEN,2024,7,4.378788,4.837209,7.203704,9.2
TEN,2024,8,5.8591547,6.785714,4.787234,2.652174
TEN,2024,9,5.479452,6.9166665,4.609375,5.490196
TEN,2024,10,5.6666665,5.4848485,5.6545453,8.391304
TEN,2024,11,5.3454547,7.1842103,4.8333335,6.756757
TEN,2024,12,5.796875,7.0285716,4.814815,5.95
TEN,2024,13,4.8039217,5.25,6.105263,5.8157897
TEN,2024,14,4.387097,4.2941175,5.140351,6.617647
TEN,2024,15,5.84375,7.769231,5.873016,7.2702703
TEN,2024,16,5.37931,6.675676,7.387097,9.571428
TEN,2024,17,5.265625,5.263158,5.285714,7.269231
TEN,2024,18,5.180328,7.870968,6.5789475,5.866667
TEN,2025,1,2.418182,1.8235294,4.6231885,4.2093024
TEN,2025,2,3.9375,3.6585367,7.8070173,8.529411
TEN,2025,3,4.3384614,4.6222224,7.36,9.148149
TEN,2025,4,3.8888888,3.9655173,5.348485,7.0
TEN,2025,5,5.491803,5.9761906,5.625,5.5945945
TEN,2025,6,3.8793104,3.7209303,4.240741,6.32
TEN,2025,7,5.0,5.5384617,6.274194,7.611111
TEN,2025,8,5.1666665,5.595238,8.076923,7.4
TEN,2025,9,4.681818,4.769231,5.375,6.6410255
WAS,2022,1,5.710145,6.8297873,6.0793653,5.7826085
WAS,2022,2,5.3783784,6.0545454,7.237288,6.324324
WAS,2022,3,3.2,3.125,6.1060605,8.317073
WAS,2022,4,4.183099,3.5555556,4.894737,7.6896553
WAS,2022,5,6.7719297,8.255814,3.887097,4.419355
WAS,2022,6,3.9629629,3.3076923,5.6666665,5.714286
WAS,2022,7,5.0555553,5.8,5.0434785,5.7058825
WAS,2022,8,5.9344263,7.736842,6.1320753,7.214286
WAS,2022,9,4.4,4.2352943,4.6307693,5.6976743
WAS,2022,10,4.337662,5.903226,5.617021,6.107143
WAS,2022,11,5.1343284,6.964286,2.8113208,3.375
WAS,2022,12,5.338983,6.0,6.0363636,6.3461537
WAS,2022,13,5.0864196,5.382979,5.112903,6.0789475
WAS,2022,15,6.672414,7.181818,4.9322033,5.2647057
WAS,2022,16,4.9857144,7.2972975,7.27451,8.615385
WAS,2022,17,3.8235295,4.0,6.08,6.52
WAS,2022,18,5.0,7.4,2.7575758,3.0952382
WAS,2023,1,3.8153846,4.282051,3.6206896,3.4545455
WAS,2023,2,5.8208957,6.2,6.435484,7.5
WAS,2023,3,4.509804,3.6666667,6.15873,7.542857
WAS,2023,4,4.9324327,5.72549,6.132353,7.75
WAS,2023,5,5.7352943,6.196721,7.046875,8.545455
WAS,2023,6,4.0625,4.206897,5.088608,6.1568627
WAS,2023,7,4.074627,4.244898,5.806452,7.2222223
WAS,2023,8,6.8405795,7.2181816,6.25,7.8536587
WAS,2023,9,5.6973686,6.627451,5.306452,4.8913045
WAS,2023,10,5.836066,6.12766,6.6986303,7.9583335
WAS,2023,11,5.246753,5.0961537,5.4074073,5.7777777
WAS,2023,12,5.0133333,5.714286,8.490196,10.088235
WAS,2023,13,4.490909,4.3,6.881356,11.32
WAS,2023,15,5.12069,6.0731707,6.0405407,6.783784
WAS,2023,16,4.224138,4.135135,4.4823527,4.5686274
WAS,2023,17,5.2325583,5.62069,6.212121,7.6
WAS,2023,18,3.7708333,4.060606,6.3768115,7.725
WAS,2024,1,5.375,7.0,6.677966,8.8529415
WAS,2024,2,6.373134,6.394737,5.735849,5.65625
WAS,2024,3,6.509091,9.033334,7.147541,7.5238094
WAS,2024,4,6.632353,7.1621623,5.1034484,4.3703704
WAS,2024,5,6.6769233,7.9444447,3.5932202,3.128205
WAS,2024,6,5.446429,6.547619,7.714286,10.433333
WAS,2024,7,6.9508195,8.0,4.3095236,4.2380953
WAS,2024,8,6.6805553,7.847826,5.0655737,4.121212
WAS,2024,9,6.3157897,9.52,5.344262,5.580645
WAS,2024,10,4.101695,4.918919,4.375,5.3939395
WAS,2024,11,4.15625,4.7,6.304348,6.647059
WAS,2024,12,6.1791043,6.7906976,5.442623,7.1764708
WAS,2024,13,6.105263,5.8157897,4.8039217,5.25
WAS,2024,15,4.4054055,5.2,4.8039217,5.0833335
WAS,2024,16,5.78125,6.7777777,4.7605634,4.5405407
WAS,2024,17,5.4342103,5.5833335,5.616667,5.631579
WAS,2024,18,5.0,4.5,5.04,6.3783784
WAS,2024,19,5.2985077,7.325,6.4545455,8.869565
WAS,2024,20,6.802817,9.162162,8.015385,7.604651
WAS,2024,21,4.455696,4.8965516,7.1076922,7.483871
WAS,2025,1,7.016129,6.7297297,3.7258065,4.3777776
WAS,2025,2,3.59375,3.8431373,6.655738,8.323529
WAS,2025,3,7.5471697,9.136364,5.5625,7.5142856
WAS,2025,4,5.8039217,5.7,7.180328,11.142858
WAS,2025,5,7.203704,8.580646,5.3492064,5.974359
WAS,2025,6,5.59322,7.4,6.4915257,7.0588236
WAS,2025,7,5.34375,5.925,6.8333335,8.030303
WAS,2025,8,5.0,6.0,6.560606,7.875
