posteam,season,week,off_anya,def_anya_allowed
ARI,2022,1,4.804348,11.794871
ARI,2022,2,4.75,7.414634
ARI,2022,3,4.7580647,8.851851
ARI,2022,4,6.3142858,2.682927
ARI,2022,5,4.8636365,5.45
ARI,2022,6,2.5714285,3.902439
ARI,2022,7,6.2058825,8.040816
ARI,2022,8,5.037736,5.904762
ARI,2022,9,4.0,7.3157897
ARI,2022,10,5.8536587,3.8372092
ARI,2022,11,3.14,10.620689
ARI,2022,12,5.806452,5.5
ARI,2022,14,3.490566,4.864865
ARI,2022,15,0.74418604,3.275
ARI,2022,16,3.3125,4.3958335
ARI,2022,17,5.2954545,5.928571
ARI,2022,18,2.3939395,7.214286
ARI,2023,1,3.1666667,3.0465117
ARI,2023,2,8.0,7.139535
ARI,2023,3,7.6153846,4.681818
ARI,2023,4,6.9069767,12.652174
ARI,2023,5,3.2105262,5.8076925
ARI,2023,6,3.7777777,7.4333334
ARI,2023,7,2.9047618,7.071429
ARI,2023,8,3.1190476,4.5142856
ARI,2023,9,-2.1470587,7.90625
ARI,2023,10,5.0,3.2142856
ARI,2023,11,4.75,4.630435
ARI,2023,12,4.4259257,8.0
ARI,2023,13,5.6296296,7.6666665
ARI,2023,15,3.3043478,12.214286
ARI,2023,16,5.883721,5.0
ARI,2023,17,7.7941175,8.291667
ARI,2023,18,8.75,7.965517
ARI,2024,1,4.25641,9.703704
ARI,2024,2,13.826087,5.189189
ARI,2024,3,4.861111,6.703704
ARI,2024,4,4.5,6.774194
ARI,2024,5,5.125,4.1282053
ARI,2024,6,7.3125,9.15625
ARI,2024,7,4.6153846,7.4666667
ARI,2024,8,9.638889,6.175
ARI,2024,9,5.269231,3.2452831
ARI,2024,10,10.730769,3.121951
ARI,2024,12,4.7659574,4.756098
ARI,2024,13,3.8723404,5.97561
ARI,2024,14,4.404762,8.433333
ARI,2024,15,7.25,6.296296
ARI,2024,16,3.9736843,5.90625
ARI,2024,17,3.8035715,5.90625
ARI,2024,18,9.2,5.2765956
ARI,2025,1,4.3589745,4.3333335
ARI,2025,2,6.888889,5.2131147
ARI,2025,3,4.7027025,5.976744
ARI,2025,4,2.1509433,7.78125
ARI,2025,5,5.0526314,5.2093024
ARI,2025,6,6.3958335,6.25
ARI,2025,7,5.75,6.064516
ATL,2022,1,6.5151515,6.418605
ATL,2022,2,3.7272727,6.368421
ATL,2022,3,7.0,6.3125
ATL,2022,4,4.095238,4.891892
ATL,2022,5,3.6666667,7.037736
ATL,2022,6,8.944445,6.0
ATL,2022,7,6.6842103,10.8125
ATL,2022,8,6.53125,8.0
ATL,2022,9,4.2222223,5.116279
ATL,2022,10,3.7,5.611111
ATL,2022,11,7.55,3.5517242
ATL,2022,12,5.185185,5.7826085
ATL,2022,13,5.1923075,7.75
ATL,2022,15,2.6176472,11.913043
ATL,2022,16,5.7297297,7.9411764
ATL,2022,17,5.928571,5.2954545
ATL,2022,18,7.2941175,5.1764708
ATL,2023,1,4.269231,1.3571428
ATL,2023,2,6.1764708,7.4074073
ATL,2023,3,2.6730769,6.6060605
ATL,2023,4,2.8205128,6.3235292
ATL,2023,5,9.564102,7.6857142
ATL,2023,6,3.7924528,5.4848485
ATL,2023,7,9.074074,4.8125
ATL,2023,8,4.826087,9.272727
ATL,2023,9,5.875,5.7555556
ATL,2023,10,3.2142856,5.0
ATL,2023,12,4.6666665,6.775
ATL,2023,13,3.7575758,3.3043478
ATL,2023,14,6.7021275,5.870968
ATL,2023,15,6.35,5.133333
ATL,2023,16,7.114286,2.5510204
ATL,2023,17,0.35135135,6.8421054
ATL,2023,18,7.25,9.588235
ATL,2024,1,2.2333333,4.9259257
ATL,2024,2,8.53125,4.8125
ATL,2024,3,6.181818,5.4358974
ATL,2024,4,4.918919,5.5263157
ATL,2024,5,7.641791,8.961538
ATL,2024,6,8.166667,4.5
ATL,2024,7,3.4285715,8.903226
ATL,2024,8,10.454545,6.0
ATL,2024,9,9.310345,4.9649124
ATL,2024,10,5.5,12.36
ATL,2024,11,3.3589745,10.714286
ATL,2024,13,1.804878,3.8
ATL,2024,14,6.3589745,11.611111
ATL,2024,15,2.9565217,2.4255319
ATL,2024,16,5.814815,3.5333333
ATL,2024,17,4.769231,4.5869565
ATL,2024,18,7.625,9.428572
ATL,2025,1,7.0227275,6.4411764
ATL,2025,2,4.0,0.90909094
ATL,2025,3,3.0465117,4.3846154
ATL,2025,4,10.785714,4.5
ATL,2025,6,7.0277777,3.1470587
ATL,2025,7,5.952381,3.75
ATL,2025,8,5.090909,9.551724
BAL,2022,1,6.647059,4.1846156
BAL,2022,2,13.034483,9.442307
BAL,2022,3,6.5135136,4.282051
BAL,2022,4,1.939394,4.631579
BAL,2022,5,4.2647057,4.02439
BAL,2022,6,4.7222223,5.571429
BAL,2022,7,4.2727275,6.027027
BAL,2022,8,5.9545455,6.5
BAL,2022,9,5.392857,4.4736843
BAL,2022,11,3.7948718,1.9268292
BAL,2022,12,7.857143,7.7391305
BAL,2022,13,2.0444446,7.076923
BAL,2022,14,4.4761906,4.257143
BAL,2022,15,2.25,4.7058825
BAL,2022,16,7.9411764,5.7297297
BAL,2022,17,4.130435,5.580645
BAL,2022,18,3.5769231,4.826087
BAL,2022,19,6.181818,5.0
BAL,2023,1,3.6666667,3.6296296
BAL,2023,2,8.393939,4.9069767
BAL,2023,3,4.5641026,3.851852
BAL,2023,4,8.2,-1.4090909
BAL,2023,5,3.5869565,5.6923075
BAL,2023,6,6.125,1.7878788
BAL,2023,7,14.892858,3.25
BAL,2023,8,4.5142856,3.1190476
BAL,2023,9,6.7714286,2.1666667
BAL,2023,10,5.172414,4.418605
BAL,2023,11,9.0,4.292683
BAL,2023,12,5.111111,3.36
BAL,2023,14,6.8125,7.4347825
BAL,2023,15,4.0,6.177778
BAL,2023,16,7.205128,1.9074074
BAL,2023,17,18.791666,3.8
BAL,2023,18,3.8333333,5.923077
BAL,2023,20,5.821429,5.3030305
BAL,2023,21,5.111111,5.8139534
BAL,2024,1,6.6744184,8.0
BAL,2024,2,5.4473686,4.3333335
BAL,2024,3,13.466666,6.7966104
BAL,2024,4,9.333333,4.189189
BAL,2024,5,9.659091,9.466666
BAL,2024,6,9.433333,7.1463413
BAL,2024,7,14.0,6.188679
BAL,2024,8,6.8863635,8.282609
BAL,2024,9,15.666667,4.095238
BAL,2024,10,11.212121,7.952381
BAL,2024,11,4.736842,3.090909
BAL,2024,12,8.68,4.590909
BAL,2024,13,5.857143,5.7391305
BAL,2024,15,12.096774,3.627907
BAL,2024,16,8.52,5.4615383
BAL,2024,17,11.631579,2.5714285
BAL,2024,18,8.03125,3.2631578
BAL,2024,19,8.913043,7.6578946
BAL,2024,20,7.580645,5.25
BAL,2025,1,10.173913,8.411765
BAL,2025,2,7.9142857,3.8846154
BAL,2025,3,6.8139534,7.928571
BAL,2025,4,4.3333335,8.820513
BAL,2025,5,1.2727273,9.428572
BAL,2025,6,1.7142857,6.233333
BAL,2025,8,7.6153846,5.775
BUF,2022,1,7.4857144,1.3818182
BUF,2022,2,9.357142,1.3214285
BUF,2022,3,5.943662,7.9583335
BUF,2022,4,4.631579,1.939394
BUF,2022,5,12.972222,4.5689654
BUF,2022,6,9.0,5.847826
BUF,2022,8,5.724138,5.4411764
BUF,2022,9,2.1136363,5.37931
BUF,2022,10,5.12766,4.551724
BUF,2022,11,6.645161,8.545455
BUF,2022,12,4.8333335,6.585366
BUF,2022,13,7.108108,5.3157897
BUF,2022,14,4.5454545,4.2363634
BUF,2022,15,8.545455,7.3428574
BUF,2022,16,4.275862,3.25
BUF,2022,18,7.2,3.6976745
BUF,2022,19,5.3962264,2.2407408
BUF,2022,20,4.909091,7.368421
BUF,2023,1,2.0,3.2857144
BUF,2023,2,7.97561,4.7916665
BUF,2023,3,6.03125,-0.7446808
BUF,2023,4,13.448276,5.1363635
BUF,2023,5,8.634147,6.3404255
BUF,2023,6,5.4666667,4.404762
BUF,2023,7,5.7954545,9.625
BUF,2023,8,6.9772725,5.428571
BUF,2023,9,5.512195,8.326087
BUF,2023,10,4.037037,5.891892
BUF,2023,11,8.176471,0.5116279
BUF,2023,12,6.1698112,5.9428573
BUF,2023,14,3.8333333,5.311111
BUF,2023,15,6.1764708,1.525
BUF,2023,16,8.913043,4.0
BUF,2023,17,3.40625,2.375
BUF,2023,18,6.7045455,3.3448277
BUF,2023,19,7.3235292,5.195122
BUF,2023,20,5.282051,11.086957
BUF,2024,1,9.703704,4.25641
BUF,2024,2,8.368421,2.7209303
BUF,2024,3,11.16129,2.1785715
BUF,2024,4,4.189189,9.333333
BUF,2024,5,4.5625,7.65
BUF,2024,6,8.620689,6.512195
BUF,2024,7,10.142858,3.8043478
BUF,2024,8,7.6666665,5.032258
BUF,2024,9,5.904762,8.8
BUF,2024,10,4.634146,3.8372092
BUF,2024,11,5.925,4.081081
BUF,2024,13,10.666667,3.909091
BUF,2024,14,10.864865,12.0
BUF,2024,15,11.823529,8.815385
BUF,2024,16,4.096774,6.2
BUF,2024,17,11.107142,2.8809524
BUF,2024,18,4.65625,7.875
BUF,2024,19,9.774194,6.111111
BUF,2024,20,5.25,7.580645
BUF,2024,21,6.8461537,8.225806
BUF,2025,1,8.411765,10.173913
BUF,2025,2,6.172414,2.4666667
BUF,2025,3,8.21875,4.147059
BUF,2025,4,6.642857,2.4705882
BUF,2025,5,7.2727275,7.0263157
BUF,2025,6,3.1470587,7.0277777
BUF,2025,8,6.851852,2.2368422
CAR,2022,1,5.2,4.388889
CAR,2022,2,4.5151515,4.55
CAR,2022,3,5.419355,6.3255816
CAR,2022,4,2.682927,6.3142858
CAR,2022,5,4.0555553,8.3529415
CAR,2022,6,2.6,6.9714284
CAR,2022,7,8.75,5.4117646
CAR,2022,8,8.0,6.53125
CAR,2022,9,3.8,6.9428573
CAR,2022,10,5.611111,3.7
CAR,2022,11,1.9268292,3.7948718
CAR,2022,12,9.684211,3.5365853
CAR,2022,14,4.464286,5.0238094
CAR,2022,15,6.709677,7.0416665
CAR,2022,16,12.272727,8.608696
CAR,2022,17,8.317073,8.924528
CAR,2022,18,-3.0526316,6.703704
CAR,2023,1,1.3571428,4.269231
CAR,2023,2,3.8333333,3.6
CAR,2023,3,5.84375,6.243902
CAR,2023,4,3.547619,4.347826
CAR,2023,5,4.9534883,8.6875
CAR,2023,6,4.425532,9.28125
CAR,2023,8,4.6511626,4.1034484
CAR,2023,9,1.3191489,5.0
CAR,2023,10,3.8636363,4.909091
CAR,2023,11,1.6744186,5.9512196
CAR,2023,12,4.1538463,6.133333
CAR,2023,13,2.6666667,5.451613
CAR,2023,14,2.25,3.75
CAR,2023,15,5.133333,6.35
CAR,2023,16,8.45,8.233334
CAR,2023,17,0.5,5.4
CAR,2023,18,2.8333333,3.0263157
CAR,2024,1,1.1538461,9.961538
CAR,2024,2,0.8,5.681818
CAR,2024,3,8.714286,5.808511
CAR,2024,4,5.243902,7.322581
CAR,2024,5,2.9534883,10.5
CAR,2024,6,4.5,8.166667
CAR,2024,7,0.6818182,9.148149
CAR,2024,8,3.9285715,8.325582
CAR,2024,9,4.862069,7.142857
CAR,2024,10,5.111111,2.0731707
CAR,2024,12,6.8974357,6.0851064
CAR,2024,13,6.4375,3.3095238
CAR,2024,14,4.4166665,4.2413793
CAR,2024,15,2.625,8.354838
CAR,2024,16,5.90625,3.9736843
CAR,2024,17,5.394737,12.472222
CAR,2024,18,9.428572,7.625
CAR,2025,1,1.945946,4.935484
CAR,2025,2,5.2131147,6.888889
CAR,2025,3,4.3846154,3.0465117
CAR,2025,4,6.236842,12.15
CAR,2025,5,4.8333335,6.8809524
CAR,2025,6,7.740741,9.441176
CAR,2025,7,5.4722223,1.0652174
CAR,2025,8,2.2368422,6.851852
CHI,2022,1,4.7619047,3.4375
CHI,2022,2,0.1764706,8.096774
CHI,2022,3,-0.2962963,4.9117646
CHI,2022,4,4.5588236,1.4444444
CHI,2022,5,8.192307,6.422222
CHI,2022,6,3.4864864,2.9655173
CHI,2022,7,4.206897,2.5
CHI,2022,8,5.617647,8.172414
CHI,2022,9,5.3939395,12.066667
CHI,2022,10,6.3461537,8.266666
CHI,2022,11,3.5517242,7.55
CHI,2022,12,4.827586,11.870968
CHI,2022,13,6.56,6.375
CHI,2022,15,3.8529413,5.6153846
CHI,2022,16,3.25,4.275862
CHI,2022,17,0.14285715,9.060606
CHI,2022,18,2.3666666,9.575758
CHI,2023,1,4.0,10.24138
CHI,2023,2,2.902439,9.911765
CHI,2023,3,2.2142856,7.1842103
CHI,2023,4,7.7906976,9.133333
CHI,2023,5,10.085714,5.709677
CHI,2023,6,0.6764706,5.542857
CHI,2023,7,5.151515,2.1041667
CHI,2023,8,3.3,8.95
CHI,2023,9,3.4411764,7.8285713
CHI,2023,10,4.909091,3.8636363
CHI,2023,11,6.3333335,3.25
CHI,2023,12,4.627907,0.25
CHI,2023,14,5.35,1.3255814
CHI,2023,15,1.6956521,5.1509433
CHI,2023,16,5.0,5.883721
CHI,2023,17,6.8421054,0.35135135
CHI,2023,18,4.5,10.235294
CHI,2024,1,1.9411764,1.4210526
CHI,2024,2,0.8627451,6.071429
CHI,2024,3,4.622951,3.0
CHI,2024,4,5.275862,4.388889
CHI,2024,5,10.5,2.9534883
CHI,2024,6,7.3142858,4.5555553
CHI,2024,8,3.451613,7.928571
CHI,2024,9,3.2452831,5.269231
CHI,2024,10,1.4375,5.888889
CHI,2024,11,5.5789475,12.368421
CHI,2024,12,6.464286,8.97561
CHI,2024,13,5.66,6.605263
CHI,2024,14,3.4358974,11.285714
CHI,2024,15,5.1621623,4.318182
CHI,2024,16,8.25,11.441176
CHI,2024,17,0.7380952,4.9310346
CHI,2024,18,3.625,5.75
CHI,2025,1,5.5897436,5.392857
CHI,2025,2,4.878049,15.5
CHI,2025,3,13.5,3.24
CHI,2025,4,4.425,1.0476191
CHI,2025,6,7.111111,6.875
CHI,2025,7,4.25,2.85
CHI,2025,8,5.775,7.6153846
CIN,2022,1,2.6617646,5.3
CIN,2022,2,3.8163266,7.5757575
CIN,2022,3,8.025,2.7
CIN,2022,4,10.117647,5.717949
CIN,2022,5,4.02439,4.2647057
CIN,2022,6,7.568182,5.0263157
CIN,2022,7,10.8125,6.6842103
CIN,2022,8,4.177778,9.0
CIN,2022,9,6.9428573,3.8
CIN,2022,11,7.8139534,5.847826
CIN,2022,12,7.3333335,8.361111
CIN,2022,13,9.666667,7.451613
CIN,2022,14,6.0,5.2765956
CIN,2022,15,4.911111,5.8297873
CIN,2022,16,6.410714,6.285714
CIN,2022,18,4.826087,3.5769231
CIN,2022,19,5.0,6.181818
CIN,2022,20,7.368421,4.909091
CIN,2022,21,3.2941177,7.244898
CIN,2023,1,1.8611112,3.4
CIN,2023,2,4.9069767,8.393939
CIN,2023,3,3.7169812,3.3555555
CIN,2023,4,3.8611112,6.9375
CIN,2023,5,5.8076925,3.2105262
CIN,2023,6,3.9756098,4.2244897
CIN,2023,8,8.578947,7.9142857
CIN,2023,9,8.326087,5.512195
CIN,2023,10,5.5,8.073171
CIN,2023,11,4.292683,9.0
CIN,2023,12,5.0588236,7.243243
CIN,2023,13,7.2093024,7.3404255
CIN,2023,14,11.56,4.4130435
CIN,2023,15,5.6346154,5.775
CIN,2023,16,4.0,11.172414
CIN,2023,17,3.9777777,7.909091
CIN,2023,18,4.7058825,2.8125
CIN,2024,1,4.4,4.6153846
CIN,2024,2,6.8095236,2.9
CIN,2024,3,8.651163,10.666667
CIN,2024,4,7.322581,5.243902
CIN,2024,5,9.466666,9.659091
CIN,2024,6,5.0833335,3.2222223
CIN,2024,7,6.580645,3.1311476
CIN,2024,8,5.051282,12.8
CIN,2024,9,7.756098,4.116279
CIN,2024,10,7.952381,11.212121
CIN,2024,11,7.178571,8.0
CIN,2024,13,6.4565215,10.595238
CIN,2024,14,7.7916665,4.3513513
CIN,2024,15,6.1282053,4.275
CIN,2024,16,7.105263,0.79545456
CIN,2024,17,7.047619,6.3142858
CIN,2024,18,4.0925927,3.5641026
CIN,2025,1,3.9655173,4.244898
CIN,2025,2,4.45098,5.25
CIN,2025,3,2.5142858,7.4333334
CIN,2025,4,3.419355,7.642857
CIN,2025,5,3.6818182,10.21875
CIN,2025,6,5.3125,8.25
CIN,2025,7,7.607843,7.029412
CIN,2025,8,7.138889,8.529411
CLE,2022,1,4.388889,5.2
CLE,2022,2,6.7586207,7.9387755
CLE,2022,3,7.0,6.5882354
CLE,2022,4,4.891892,4.095238
CLE,2022,5,6.029412,6.861111
CLE,2022,6,3.4814816,8.973684
CLE,2022,7,6.027027,4.2727275
CLE,2022,8,9.0,4.177778
CLE,2022,10,5.0,10.171429
CLE,2022,11,8.545455,6.645161
CLE,2022,12,3.4,5.4897957
CLE,2022,13,3.5416667,3.775
CLE,2022,14,5.2765956,6.0
CLE,2022,15,4.7058825,2.25
CLE,2022,16,2.2857144,3.1333334
CLE,2022,17,7.678571,-0.32352942
CLE,2022,18,2.860465,6.59375
CLE,2023,1,3.4,1.8611112
CLE,2023,2,3.9423077,5.147059
CLE,2023,3,7.769231,1.9428571
CLE,2023,4,-1.4090909,8.2
CLE,2023,6,2.2105262,2.4848485
CLE,2023,7,1.8536586,9.129032
CLE,2023,8,4.2105265,5.076923
CLE,2023,9,7.90625,-2.1470587
CLE,2023,10,4.418605,5.172414
CLE,2023,11,2.6222222,2.264706
CLE,2023,12,3.5686274,6.0416665
CLE,2023,13,4.8958335,9.162162
CLE,2023,14,6.8510637,2.7118645
CLE,2023,15,5.1509433,1.6956521
CLE,2023,16,7.1489363,2.3214285
CLE,2023,17,10.83871,5.0612245
CLE,2023,18,2.8125,4.7058825
CLE,2023,19,4.4074073,15.454545
CLE,2024,1,1.1754386,4.8157897
CLE,2024,2,4.5263157,5.1578946
CLE,2024,3,3.5185184,6.8717947
CLE,2024,4,3.2631578,4.142857
CLE,2024,5,2.9767442,5.7058825
CLE,2024,6,4.3636365,10.962963
CLE,2024,7,3.1311476,6.580645
CLE,2024,8,8.282609,6.8863635
CLE,2024,9,1.6896552,7.3333335
CLE,2024,11,7.6181817,8.193548
CLE,2024,12,5.677419,7.0526314
CLE,2024,13,7.1076922,6.4
CLE,2024,14,3.106383,6.678571
CLE,2024,15,-1.2045455,5.475
CLE,2024,16,0.79545456,7.105263
CLE,2024,17,2.3877552,6.647059
CLE,2024,18,3.2631578,8.03125
CLE,2025,1,4.244898,3.9655173
CLE,2025,2,3.8846154,7.9142857
CLE,2025,3,2.0,3.5428572
CLE,2025,4,1.9512196,6.037037
CLE,2025,5,6.0,7.121951
CLE,2025,6,2.859375,9.166667
CLE,2025,7,4.6363635,0.12820514
CLE,2025,8,2.5,7.2222223
DAL,2022,1,2.56,5.483871
DAL,2022,2,7.5757575,3.8163266
DAL,2022,3,7.580645,2.6382978
DAL,2022,4,8.862069,1.8478261
DAL,2022,5,3.4545455,4.814815
DAL,2022,6,1.7368422,5.212121
DAL,2022,7,7.275862,2.9166667
DAL,2022,8,8.172414,5.617647
DAL,2022,10,4.64,11.166667
DAL,2022,11,11.566667,2.5
DAL,2022,12,7.0333333,5.609756
DAL,2022,13,5.4545455,2.909091
DAL,2022,14,5.0487804,6.962963
DAL,2022,15,6.4722223,7.8636365
DAL,2022,16,7.212766,7.625
DAL,2022,17,5.2093024,4.5348835
DAL,2022,18,2.825,5.32
DAL,2022,19,10.771428,4.5972223
DAL,2022,20,3.4871795,6.030303
DAL,2023,1,5.72,-0.1590909
DAL,2023,2,7.2,1.0909091
DAL,2023,3,4.681818,7.6153846
DAL,2023,4,6.395349,3.8235295
DAL,2023,5,0.7352941,12.259259
DAL,2023,6,6.65,5.4871793
DAL,2023,8,8.0,4.868421
DAL,2023,9,7.2777777,7.6896553
DAL,2023,10,10.5,1.5135136
DAL,2023,11,5.9512196,1.6744186
DAL,2023,12,12.515152,4.673077
DAL,2023,13,6.74,8.116279
DAL,2023,14,6.577778,7.266667
DAL,2023,15,1.525,6.1764708
DAL,2023,16,7.05,7.794872
DAL,2023,17,7.2272725,5.9210525
DAL,2023,18,8.6,1.6666666
DAL,2023,19,5.5441175,15.809524
DAL,2024,1,4.8157897,1.1754386
DAL,2024,2,4.4791665,13.166667
DAL,2024,3,6.7966104,13.466666
DAL,2024,4,8.724138,5.5238094
DAL,2024,5,6.2173915,5.117647
DAL,2024,6,1.2115384,11.151515
DAL,2024,8,4.428571,8.866667
DAL,2024,9,4.9649124,9.310345
DAL,2024,10,0.114285715,4.875
DAL,2024,11,4.530303,5.6944447
DAL,2024,12,8.264706,4.7173915
DAL,2024,13,5.9722223,2.409091
DAL,2024,14,4.3513513,7.7916665
DAL,2024,15,8.354838,2.625
DAL,2024,16,8.27027,5.3137255
DAL,2024,17,2.935484,13.526316
DAL,2024,18,6.0,4.4545455
DAL,2025,1,5.529412,5.76
DAL,2025,2,5.827586,9.297873
DAL,2025,3,3.24,13.5
DAL,2025,4,9.023809,8.555555
DAL,2025,5,10.193548,4.793103
DAL,2025,6,9.441176,7.740741
DAL,2025,7,9.90625,5.0
DAL,2025,8,4.1282053,9.4
DEN,2022,1,7.6086955,6.78125
DEN,2022,2,4.756757,3.5
DEN,2022,3,3.8095238,4.1621623
DEN,2022,4,8.193548,4.5526314
DEN,2022,5,3.4042554,2.0754716
DEN,2022,6,5.0,2.9344263
DEN,2022,7,3.625,3.28125
DEN,2022,8,5.6944447,1.2571429
DEN,2022,10,4.1296296,7.4736843
DEN,2022,11,6.108108,8.666667
DEN,2022,12,3.5365853,9.684211
DEN,2022,13,7.076923,2.0444446
DEN,2022,14,4.0,5.804348
DEN,2022,15,3.275,0.74418604
DEN,2022,16,1.6808511,9.642858
DEN,2022,17,3.5869565,8.166667
DEN,2022,18,10.035714,7.5531917
DEN,2023,1,5.4210525,7.5
DEN,2023,2,6.212766,6.510638
DEN,2023,3,6.725,17.0
DEN,2023,4,9.133333,7.7906976
DEN,2023,5,5.3589745,3.764706
DEN,2023,6,0.4,5.9555554
DEN,2023,7,6.903226,5.90625
DEN,2023,8,4.7419353,2.7727273
DEN,2023,10,5.891892,4.037037
DEN,2023,11,6.8974357,5.138889
DEN,2023,12,6.0416665,3.5686274
DEN,2023,13,1.53125,7.282051
DEN,2023,14,5.7027025,3.0
DEN,2023,15,6.2222223,9.552631
DEN,2023,16,4.836735,7.2972975
DEN,2023,17,6.4444447,5.375
DEN,2023,18,4.840909,7.105263
DEN,2024,1,0.9130435,4.4333334
DEN,2024,2,3.6153846,5.4166665
DEN,2024,3,6.0,2.2765958
DEN,2024,4,3.2,3.5384614
DEN,2024,5,6.6666665,2.7906976
DEN,2024,6,5.2894735,6.05
DEN,2024,7,6.3076925,3.8039215
DEN,2024,8,8.325582,3.9285715
DEN,2024,9,4.095238,15.666667
DEN,2024,10,6.529412,5.26
DEN,2024,11,10.714286,3.3589745
DEN,2024,12,6.8636365,4.3650794
DEN,2024,13,6.4,7.1076922
DEN,2024,15,1.3142858,1.6904762
DEN,2024,16,6.4772725,7.2222223
DEN,2024,17,6.3142858,7.047619
DEN,2024,18,13.827586,2.6296296
DEN,2024,19,6.111111,9.774194
DEN,2025,1,2.2857144,1.55
DEN,2025,2,7.366667,9.055555
DEN,2025,3,5.7586207,4.2982454
DEN,2025,4,7.642857,3.419355
DEN,2025,5,5.681818,5.94
DEN,2025,6,5.875,-0.2857143
DEN,2025,7,5.517857,6.7380953
DEN,2025,8,9.4,4.1282053
DET,2022,1,5.6410255,7.029412
DET,2022,2,7.85,5.6034484
DET,2022,3,6.1463413,6.744186
DET,2022,4,10.046512,12.0
DET,2022,5,4.25641,7.7619047
DET,2022,7,2.9166667,7.275862
DET,2022,8,8.48718,10.725
DET,2022,9,5.076923,3.652174
DET,2022,10,8.266666,6.3461537
DET,2022,11,6.3461537,5.1836734
DET,2022,12,6.585366,4.8333335
DET,2022,13,8.377778,4.948718
DET,2022,14,10.0,8.68
DET,2022,15,7.1578946,6.5581393
DET,2022,16,8.608696,12.272727
DET,2022,17,9.060606,0.14285715
DET,2022,18,6.0833335,5.2580647
DET,2023,1,7.2972975,6.179487
DET,2023,2,9.0,8.16279
DET,2023,3,6.6060605,2.6730769
DET,2023,4,5.15625,2.8723404
DET,2023,5,8.6875,4.9534883
DET,2023,6,7.6,4.1025643
DET,2023,7,3.25,14.892858
DET,2023,8,6.6410255,0.969697
DET,2023,10,11.30303,8.95
DET,2023,11,3.25,6.3333335
DET,2023,12,7.1764708,9.939394
DET,2023,13,8.75,6.787879
DET,2023,14,1.3255814,5.35
DET,2023,15,9.552631,6.2222223
DET,2023,16,6.3333335,5.2954545
DET,2023,17,5.9210525,7.2272725
DET,2023,18,10.323529,5.9423075
DET,2023,19,8.333333,9.925
DET,2023,20,6.744681,5.78
DET,2023,21,6.2222223,6.6571426
DET,2024,1,5.46875,5.264151
DET,2024,2,4.178571,4.172414
DET,2024,3,6.703704,4.861111
DET,2024,4,13.32,5.6825395
DET,2024,6,11.151515,1.2115384
DET,2024,7,8.69697,6.0833335
DET,2024,8,5.2222223,4.7
DET,2024,9,6.5416665,6.25
DET,2024,10,1.8333334,2.9756098
DET,2024,11,16.030304,2.7096775
DET,2024,12,6.0238094,6.142857
DET,2024,13,6.605263,5.66
DET,2024,14,6.860465,9.954545
DET,2024,15,8.815385,11.823529
DET,2024,16,11.441176,8.25
DET,2024,17,8.948718,8.409091
DET,2024,18,3.945946,3.1555555
DET,2024,20,3.8297873,10.935484
DET,2025,1,3.7234042,10.363636
DET,2025,2,15.5,4.878049
DET,2025,3,7.928571,6.8139534
DET,2025,4,6.037037,1.9512196
DET,2025,5,10.21875,3.6818182
DET,2025,6,7.709677,8.416667
DET,2025,7,5.135135,3.1355932
GB,2022,1,3.8723404,9.088235
GB,2022,2,8.096774,0.1764706
GB,2022,3,6.5675673,5.5306125
GB,2022,4,7.0,4.275862
GB,2022,5,5.744186,7.3448277
GB,2022,6,4.4905663,4.5
GB,2022,7,6.6857142,6.0857143
GB,2022,8,5.4411764,5.724138
GB,2022,9,3.652174,5.076923
GB,2022,10,11.166667,4.64
GB,2022,11,6.1190476,9.571428
GB,2022,12,6.645161,5.53125
GB,2022,13,6.375,6.56
GB,2022,15,5.0555553,1.9032258
GB,2022,16,4.6904764,6.172414
GB,2022,17,5.9310346,4.3333335
GB,2022,18,5.2580647,6.0833335
GB,2023,1,10.24138,4.0
GB,2023,2,7.4074073,6.1764708
GB,2023,3,4.7234044,4.642857
GB,2023,4,2.8723404,5.15625
GB,2023,5,1.1764706,4.051282
GB,2023,7,5.90625,6.903226
GB,2023,8,3.489796,7.902439
GB,2023,9,6.6764708,2.4666667
GB,2023,10,5.547619,4.76
GB,2023,11,7.2826085,7.1
GB,2023,12,9.939394,7.1764708
GB,2023,13,7.825,4.205128
GB,2023,14,4.139535,8.476191
GB,2023,15,7.0,11.394737
GB,2023,16,8.233334,8.45
GB,2023,17,10.382353,2.975
GB,2023,18,10.235294,4.5
GB,2023,19,15.809524,5.5441175
GB,2023,20,4.1714287,6.4634147
GB,2024,1,6.3076925,5.6842103
GB,2024,2,10.142858,2.3055556
GB,2024,3,8.4,3.48
GB,2024,4,5.7192984,8.40625
GB,2024,5,7.233333,4.1372547
GB,2024,6,9.15625,7.3125
GB,2024,7,4.230769,1.8965517
GB,2024,8,7.827586,8.6470585
GB,2024,9,6.25,6.5416665
GB,2024,11,12.368421,5.5789475
GB,2024,12,7.259259,5.212121
GB,2024,13,11.214286,6.5172415
GB,2024,14,9.954545,6.860465
GB,2024,15,9.962963,0.80851066
GB,2024,16,7.866667,2.3333333
GB,2024,17,5.108108,8.6
GB,2024,18,5.75,3.625
GB,2024,19,1.6216216,6.44
GB,2025,1,10.363636,3.7234042
GB,2025,2,8.828571,4.3333335
GB,2025,3,3.5428572,2.0
GB,2025,4,8.555555,9.023809
GB,2025,6,8.25,5.3125
GB,2025,7,6.064516,5.75
GB,2025,8,11.105263,5.627907
HOU,2022,1,6.0930233,5.8333335
HOU,2022,2,3.5,4.756757
HOU,2022,3,4.9117646,-0.2962963
HOU,2022,4,3.8372092,9.219512
HOU,2022,5,5.076923,4.1702127
HOU,2022,7,7.2325583,8.827586
HOU,2022,8,2.5833333,-0.3125
HOU,2022,9,3.0357144,7.3428574
HOU,2022,10,5.8,9.391304
HOU,2022,11,1.3255814,7.0740743
HOU,2022,12,2.48,5.745098
HOU,2022,13,3.775,3.5416667
HOU,2022,14,6.962963,5.0487804
HOU,2022,15,5.322581,7.7173915
HOU,2022,16,5.428571,-0.06451613
HOU,2022,17,4.0208335,2.3636363
HOU,2022,18,6.8139534,4.4102564
HOU,2023,1,3.6296296,3.6666667
HOU,2023,2,6.3898306,7.4848485
HOU,2023,3,10.666667,6.2619047
HOU,2023,4,12.0,1.9411764
HOU,2023,5,7.6857142,9.564102
HOU,2023,6,5.548387,5.7454543
HOU,2023,8,4.1034484,4.6511626
HOU,2023,9,10.86,8.558824
HOU,2023,10,8.073171,5.5
HOU,2023,11,4.630435,4.75
HOU,2023,12,6.840909,8.743589
HOU,2023,13,7.282051,1.53125
HOU,2023,14,1.4210526,7.0
HOU,2023,15,4.25,2.325
HOU,2023,16,2.3214285,7.1489363
HOU,2023,17,6.5,3.5263157
HOU,2023,18,9.533334,5.0
HOU,2023,19,15.454545,4.4074073
HOU,2023,20,5.3030305,5.821429
HOU,2024,1,6.1,8.434783
HOU,2024,2,6.071429,0.8627451
HOU,2024,3,3.4814816,6.5555553
HOU,2024,4,8.5,5.571429
HOU,2024,5,7.65,4.5625
HOU,2024,6,5.3055553,4.365854
HOU,2024,7,1.8965517,4.230769
HOU,2024,8,7.0,2.7380953
HOU,2024,9,2.8723404,7.0277777
HOU,2024,10,2.9756098,1.8333334
HOU,2024,11,5.6944447,4.530303
HOU,2024,12,4.1463413,6.1463413
HOU,2024,13,6.263158,6.2045455
HOU,2024,15,4.2352943,1.2391304
HOU,2024,16,4.116279,6.3023257
HOU,2024,17,2.5714285,11.631579
HOU,2024,18,6.233333,8.096774
HOU,2024,19,6.051282,1.775
HOU,2024,20,4.25,5.870968
HOU,2025,1,3.2121212,6.9714284
HOU,2025,2,6.516129,4.9148936
HOU,2025,3,2.7142856,3.6363637
HOU,2025,4,8.0,1.6
HOU,2025,5,9.428572,1.2727273
HOU,2025,7,3.0892856,3.5555556
HOU,2025,8,8.025641,4.6486487
IND,2022,1,5.8333335,6.0930233
IND,2022,2,0.725,9.166667
IND,2022,3,4.617021,6.0
IND,2022,4,7.4883723,5.7777777
IND,2022,5,2.0754716,3.4042554
IND,2022,6,7.6101694,5.032258
IND,2022,7,3.54,4.8333335
IND,2022,8,7.0,6.885714
IND,2022,9,0.38297874,4.0263157
IND,2022,10,7.125,6.3255816
IND,2022,11,4.625,6.225806
IND,2022,12,3.875,4.3714285
IND,2022,13,2.909091,5.4545455
IND,2022,15,4.8717947,6.257143
IND,2022,16,-0.6976744,4.3076925
IND,2022,17,3.8387096,9.041667
IND,2022,18,4.4102564,6.8139534
IND,2023,1,4.0425534,6.4444447
IND,2023,2,7.4848485,6.3898306
IND,2023,3,3.851852,4.5641026
IND,2023,4,7.7419353,6.318182
IND,2023,5,8.428572,5.783784
IND,2023,6,3.1967213,3.9722223
IND,2023,7,9.129032,1.8536586
IND,2023,8,4.4888887,12.580646
IND,2023,9,5.0,1.3191489
IND,2023,10,5.321429,2.2432432
IND,2023,12,4.311111,3.9069767
IND,2023,13,6.9387755,4.977778
IND,2023,14,4.4130435,11.56
IND,2023,15,7.7058825,2.1176472
IND,2023,16,2.5510204,7.114286
IND,2023,17,9.4,6.392157
IND,2023,18,5.0,9.533334
IND,2024,1,8.434783,6.1
IND,2024,2,2.3055556,10.142858
IND,2024,3,3.0,4.622951
IND,2024,4,7.7941175,7.1904764
IND,2024,5,7.6981134,10.764706
IND,2024,6,4.8421054,2.5925925
IND,2024,7,5.375,5.633333
IND,2024,8,2.7380953,7.0
IND,2024,9,3.4545455,5.860465
IND,2024,10,3.8372092,4.634146
IND,2024,11,7.457143,5.7714286
IND,2024,12,6.142857,6.0238094
IND,2024,13,2.4583333,5.1025643
IND,2024,15,1.6904762,1.3142858
IND,2024,16,7.5384617,4.027027
IND,2024,17,6.27907,16.913044
IND,2024,18,5.9130435,5.0277777
IND,2025,1,9.096774,1.7105263
IND,2025,2,9.055555,7.366667
IND,2025,3,9.92,4.152174
IND,2025,4,4.810811,8.936171
IND,2025,5,7.457143,2.2727273
IND,2025,6,6.25,6.3958335
IND,2025,7,8.72973,5.9180326
IND,2025,8,8.540541,4.4130435
JAX,2022,1,5.0,6.6
JAX,2022,2,9.166667,0.725
JAX,2022,3,8.1,5.5531917
JAX,2022,4,4.612903,5.5333333
JAX,2022,5,4.1702127,5.076923
JAX,2022,6,5.032258,7.6101694
JAX,2022,7,7.0454545,6.875
JAX,2022,8,1.2571429,5.6944447
JAX,2022,9,8.225806,7.2
JAX,2022,10,5.6,10.457143
JAX,2022,12,7.7391305,7.857143
JAX,2022,13,4.948718,8.377778
JAX,2022,14,9.953488,4.7659574
JAX,2022,15,7.8636365,6.4722223
JAX,2022,16,6.6060605,2.974359
JAX,2022,17,2.3636363,4.0208335
JAX,2022,18,6.5588236,3.7837837
JAX,2022,19,3.3269231,5.571429
JAX,2022,20,4.1860466,7.5135136
JAX,2023,1,6.4444447,4.0425534
JAX,2023,2,3.94,6.8139534
JAX,2023,3,6.2619047,10.666667
JAX,2023,4,6.3235292,2.8205128
JAX,2023,5,6.3404255,8.634147
JAX,2023,6,3.9722223,3.1967213
JAX,2023,7,7.9,5.034483
JAX,2023,8,6.4736843,2.4693878
JAX,2023,10,1.7142857,11.03125
JAX,2023,11,8.8529415,8.714286
JAX,2023,12,8.743589,6.840909
JAX,2023,13,7.3404255,7.2093024
JAX,2023,14,2.7118645,6.8510637
JAX,2023,15,6.177778,4.0
JAX,2023,16,4.037037,7.820513
JAX,2023,17,5.4,0.5
JAX,2023,18,5.3488374,4.7419353
JAX,2024,1,5.888889,7.883721
JAX,2024,2,5.1578946,4.5263157
JAX,2024,3,2.1785715,11.16129
JAX,2024,4,5.571429,8.5
JAX,2024,5,10.764706,7.6981134
JAX,2024,6,4.5555553,7.3142858
JAX,2024,7,10.238095,7.071429
JAX,2024,8,8.6470585,7.827586
JAX,2024,9,1.8648648,8.064516
JAX,2024,10,-0.10714286,2.45
JAX,2024,11,2.7096775,16.030304
JAX,2024,13,6.2045455,6.263158
JAX,2024,14,3.939394,4.0555553
JAX,2024,15,4.607843,10.212121
JAX,2024,16,6.243902,5.6976743
JAX,2024,17,8.192307,4.135135
JAX,2024,18,5.0277777,5.9130435
JAX,2025,1,4.935484,1.945946
JAX,2025,2,5.25,4.45098
JAX,2025,3,3.6363637,2.7142856
JAX,2025,4,6.0625,6.292683
JAX,2025,5,5.967742,7.634146
JAX,2025,6,4.535714,11.24138
JAX,2025,7,4.580645,8.545455
KC,2022,1,11.794871,4.804348
KC,2022,2,7.189189,6.9423075
KC,2022,3,6.0,4.617021
KC,2022,4,5.6511626,8.018518
KC,2022,5,6.9,7.7352943
KC,2022,6,5.847826,9.0
KC,2022,7,11.368421,5.232143
KC,2022,9,5.2236843,2.590909
KC,2022,10,10.457143,5.6
KC,2022,11,10.611111,6.125
KC,2022,12,7.0238094,0.4
KC,2022,13,7.451613,9.666667
KC,2022,14,5.804348,4.0
KC,2022,15,7.7173915,5.322581
KC,2022,16,8.666667,3.9772727
KC,2022,17,8.166667,3.5869565
KC,2022,18,6.7,3.2291667
KC,2022,20,7.5135136,4.1860466
KC,2022,21,7.244898,3.2941177
KC,2022,22,8.962963,7.6666665
KC,2023,1,6.179487,7.2972975
KC,2023,2,6.8139534,3.94
KC,2023,3,7.1842103,2.2142856
KC,2023,4,3.96875,6.2325583
KC,2023,5,6.8,5.6415095
KC,2023,6,5.9555554,0.4
KC,2023,7,10.227273,3.725
KC,2023,8,2.7727273,4.7419353
KC,2023,9,6.2941175,5.375
KC,2023,11,3.6222222,2.46875
KC,2023,12,9.194445,7.0833335
KC,2023,13,4.205128,7.825
KC,2023,14,5.311111,3.8333333
KC,2023,15,5.75,3.3076923
KC,2023,16,4.1132073,1.92
KC,2023,17,7.909091,3.9777777
KC,2023,18,3.125,4.4339623
KC,2023,19,6.878049,3.7906976
KC,2023,20,11.086957,5.282051
KC,2023,21,5.8139534,5.111111
KC,2023,22,6.1538463,7.609756
KC,2024,1,8.0,6.6744184
KC,2024,2,2.9,6.8095236
KC,2024,3,5.4358974,6.181818
KC,2024,4,5.8,6.096774
KC,2024,5,6.418605,4.5675673
KC,2024,7,1.7741935,2.1764705
KC,2024,8,6.175,5.875
KC,2024,9,6.1538463,6.542857
KC,2024,10,5.26,6.529412
KC,2024,11,4.081081,5.925
KC,2024,12,6.0851064,6.8974357
KC,2024,13,5.107143,8.731708
KC,2024,14,5.162791,5.9444447
KC,2024,15,5.475,-1.2045455
KC,2024,16,6.3023257,4.116279
KC,2024,17,9.743589,2.4893618
KC,2024,18,2.6296296,13.827586
KC,2024,20,5.870968,4.25
KC,2024,21,8.225806,6.8461537
KC,2024,22,4.680851,7.5925927
KC,2025,1,6.1136365,9.1
KC,2025,2,4.4848485,3.6153846
KC,2025,3,5.390244,1.6944444
KC,2025,4,8.820513,4.3333335
KC,2025,5,7.634146,5.967742
KC,2025,6,8.416667,7.709677
KC,2025,7,9.243243,3.5
KC,2025,8,6.35,3.8235295
LA,2022,1,1.3818182,7.4857144
LA,2022,2,6.368421,3.7272727
LA,2022,3,8.851851,4.7580647
LA,2022,4,2.8225806,9.592592
LA,2022,5,4.814815,3.4545455
LA,2022,6,6.9714284,2.6
LA,2022,8,5.0540543,9.90625
LA,2022,9,4.5142856,4.866667
LA,2022,10,3.8372092,5.8536587
LA,2022,11,6.3333335,8.194445
LA,2022,12,0.4,7.0238094
LA,2022,13,1.7058823,7.7234044
LA,2022,14,5.372093,2.35
LA,2022,15,1.9032258,5.0555553
LA,2022,16,9.642858,1.6808511
LA,2022,17,4.44,9.0
LA,2022,18,2.1666667,3.6486487
LA,2023,1,8.789474,3.8333333
LA,2023,2,3.9824562,7.6296296
LA,2023,3,3.3555555,3.7169812
LA,2023,4,6.318182,7.7419353
LA,2023,5,5.2222223,6.75
LA,2023,6,7.4333334,3.7777777
LA,2023,7,5.7647057,7.37931
LA,2023,8,4.868421,8.0
LA,2023,9,2.4666667,6.6764708
LA,2023,11,4.848485,4.5
LA,2023,12,8.0,4.4259257
LA,2023,13,9.162162,4.8958335
LA,2023,14,7.4347825,6.8125
LA,2023,15,7.4102564,6.131579
LA,2023,16,10.138889,7.133333
LA,2023,17,5.142857,4.796296
LA,2023,18,5.034483,6.09375
LA,2023,19,9.925,8.333333
LA,2024,1,5.264151,5.46875
LA,2024,2,5.189189,13.826087
LA,2024,3,6.8125,10.875
LA,2024,4,4.388889,5.275862
LA,2024,5,4.1372547,7.233333
LA,2024,7,3.96,1.25
LA,2024,8,9.235294,8.129032
LA,2024,9,6.659091,5.4583335
LA,2024,10,3.925926,4.2941175
LA,2024,11,13.888889,5.6
LA,2024,12,5.06383,7.7916665
LA,2024,13,7.357143,5.4210525
LA,2024,14,12.0,10.864865
LA,2024,15,5.9259257,2.2432432
LA,2024,16,4.4736843,6.0454545
LA,2024,17,5.90625,3.8035715
LA,2024,18,6.5416665,9.0625
LA,2024,19,7.806452,2.338983
LA,2024,20,6.1296296,1.9117647
LA,2025,1,6.9714284,3.2121212
LA,2025,2,8.142858,3.7906976
LA,2025,3,5.3055553,6.390244
LA,2025,4,8.936171,4.810811
LA,2025,5,8.938775,7.3137255
LA,2025,6,6.233333,1.7142857
LA,2025,7,8.545455,4.580645
LAC,2022,1,9.970589,3.22
LAC,2022,2,6.9423075,7.189189
LAC,2022,3,5.5531917,8.1
LAC,2022,4,9.219512,3.8372092
LAC,2022,5,6.861111,6.029412
LAC,2022,6,2.9344263,5.0
LAC,2022,7,4.754386,6.0
LAC,2022,9,5.116279,4.2222223
LAC,2022,10,3.7674417,7.6666665
LAC,2022,11,6.125,10.611111
LAC,2022,12,5.5,5.806452
LAC,2022,13,5.859649,8.833333
LAC,2022,14,6.2711864,4.59375
LAC,2022,15,4.1875,3.2941177
LAC,2022,16,4.3076925,-0.6976744
LAC,2022,17,9.0,4.44
LAC,2022,18,7.5531917,10.035714
LAC,2022,19,5.571429,3.3269231
LAC,2023,1,5.6410255,10.688889
LAC,2023,2,6.7291665,6.470588
LAC,2023,3,10.5,6.206897
LAC,2023,4,4.464286,2.6981132
LAC,2023,6,5.4871793,6.65
LAC,2023,7,3.725,10.227273
LAC,2023,8,8.95,3.3
LAC,2023,9,2.675,3.1692307
LAC,2023,10,8.95,11.30303
LAC,2023,11,7.1,7.2826085
LAC,2023,12,3.36,5.111111
LAC,2023,13,5.7297297,3.1142857
LAC,2023,14,3.0,5.7027025
LAC,2023,15,7.0789475,9.315789
LAC,2023,16,4.0,8.913043
LAC,2023,17,5.375,6.4444447
LAC,2023,18,4.4339623,3.125
LAC,2024,1,5.714286,4.878049
LAC,2024,2,5.681818,0.8
LAC,2024,3,4.1666665,5.75
LAC,2024,4,6.096774,5.8
LAC,2024,6,6.05,5.2894735
LAC,2024,7,7.4666667,4.6153846
LAC,2024,8,7.7894735,4.7884617
LAC,2024,9,7.3333335,1.6896552
LAC,2024,10,10.222222,5.324324
LAC,2024,11,8.0,7.178571
LAC,2024,12,4.590909,8.68
LAC,2024,13,3.8,1.804878
LAC,2024,14,5.9444447,5.162791
LAC,2024,15,4.225,10.965517
LAC,2024,16,7.2222223,6.4772725
LAC,2024,17,8.525,3.28125
LAC,2024,18,9.692307,6.111111
LAC,2024,19,1.775,6.051282
LAC,2025,1,9.1,6.1136365
LAC,2025,2,8.903226,0.30612245
LAC,2025,3,4.2982454,5.7586207
LAC,2025,4,2.5777779,3.3030303
LAC,2025,5,3.627907,8.785714
LAC,2025,6,7.575,2.4054055
LAC,2025,7,5.9180326,8.72973
LAC,2025,8,7.827586,2.5609756
LV,2022,1,3.22,9.970589
LV,2022,2,7.414634,4.75
LV,2022,3,6.1458335,7.827586
LV,2022,4,4.5526314,8.193548
LV,2022,5,7.7352943,6.9
LV,2022,7,8.827586,7.2325583
LV,2022,8,2.1276596,8.741936
LV,2022,9,7.2,8.225806
LV,2022,10,6.3255816,7.125
LV,2022,11,8.666667,6.108108
LV,2022,12,6.9210525,7.023256
LV,2022,13,8.833333,5.859649
LV,2022,14,2.35,5.372093
LV,2022,15,5.590909,3.5625
LV,2022,16,0.7777778,5.6153846
LV,2022,17,9.8529415,7.9714284
LV,2022,18,3.2291667,6.7
LV,2023,1,7.5,5.4210525
LV,2023,2,4.7916665,7.97561
LV,2023,3,3.7735848,8.933333
LV,2023,4,2.6981132,4.464286
LV,2023,5,4.051282,1.1764706
LV,2023,6,7.46875,3.195122
LV,2023,7,2.1041667,5.151515
LV,2023,8,0.969697,6.6410255
LV,2023,9,8.36,1.826087
LV,2023,10,3.060606,4.818182
LV,2023,11,3.2222223,7.756098
LV,2023,12,7.0833335,9.194445
LV,2023,14,2.525,2.152174
LV,2023,15,9.315789,7.0789475
LV,2023,16,1.92,4.1132073
LV,2023,17,6.392157,9.4
LV,2023,18,7.105263,4.840909
LV,2024,1,4.878049,5.714286
LV,2024,2,4.3333335,5.4473686
LV,2024,3,5.808511,8.714286
LV,2024,4,4.142857,3.2631578
LV,2024,5,2.7906976,6.6666665
LV,2024,6,4.4883723,3.548387
LV,2024,7,1.25,3.96
LV,2024,8,5.875,6.175
LV,2024,9,4.116279,7.756098
LV,2024,11,5.367347,8.275
LV,2024,12,4.3650794,6.8636365
LV,2024,13,8.731708,5.107143
LV,2024,14,3.6585367,6.4324327
LV,2024,15,2.4255319,2.9565217
LV,2024,16,5.6976743,6.243902
LV,2024,17,7.3513513,2.6818182
LV,2024,18,6.111111,9.692307
LV,2025,1,7.3333335,4.648148
LV,2025,2,0.30612245,8.903226
LV,2025,3,8.075,9.521739
LV,2025,4,1.0476191,4.425
LV,2025,5,2.2727273,7.457143
LV,2025,6,4.9259257,2.7
LV,2025,7,3.5,9.243243
MIA,2022,1,6.717949,4.9411764
MIA,2022,2,9.442307,13.034483
MIA,2022,3,7.9583335,5.943662
MIA,2022,4,5.717949,10.117647
MIA,2022,5,2.9736843,7.48
MIA,2022,6,5.5833335,5.3513513
MIA,2022,7,8.028571,2.7291667
MIA,2022,8,10.725,8.48718
MIA,2022,9,12.066667,5.3939395
MIA,2022,10,10.171429,5.0
MIA,2022,12,5.745098,2.48
MIA,2022,13,4.5,4.591837
MIA,2022,14,4.59375,6.2711864
MIA,2022,15,7.3428574,8.545455
MIA,2022,16,6.172414,4.6904764
MIA,2022,17,4.931818,5.4615383
MIA,2022,18,4.242424,4.5151515
MIA,2022,19,2.2407408,5.3962264
MIA,2023,1,10.688889,5.6410255
MIA,2023,2,6.84375,3.5
MIA,2023,3,17.0,6.725
MIA,2023,4,5.1363635,13.448276
MIA,2023,5,8.5,3.9782608
MIA,2023,6,9.28125,4.425532
MIA,2023,7,4.35,7.324324
MIA,2023,8,6.6734695,3.8857143
MIA,2023,9,5.375,6.2941175
MIA,2023,11,7.756098,3.2222223
MIA,2023,12,5.2352943,1.5384616
MIA,2023,13,12.92,2.8
MIA,2023,14,4.837209,7.731707
MIA,2023,15,7.28125,-0.20408164
MIA,2023,16,7.794872,7.05
MIA,2023,17,3.8,18.791666
MIA,2023,18,3.3448277,6.7045455
MIA,2023,19,3.7906976,6.878049
MIA,2024,1,7.883721,5.888889
MIA,2024,2,2.7209303,8.368421
MIA,2024,3,3.1818182,5.0
MIA,2024,4,2.8888888,2.4782608
MIA,2024,5,3.5263157,3.8947368
MIA,2024,7,5.633333,5.375
MIA,2024,8,6.175,9.638889
MIA,2024,9,8.8,5.904762
MIA,2024,10,4.2941175,3.925926
MIA,2024,11,8.275,5.367347
MIA,2024,12,8.818182,3.4042554
MIA,2024,13,6.5172415,11.214286
MIA,2024,14,7.7708335,7.5333333
MIA,2024,15,1.2391304,4.2352943
MIA,2024,16,6.9117646,6.2608695
MIA,2024,17,6.647059,2.3877552
MIA,2024,18,2.632653,6.7906976
MIA,2025,1,1.7105263,9.096774
MIA,2025,2,6.952381,8.655172
MIA,2025,3,4.147059,8.21875
MIA,2025,4,8.68,6.774194
MIA,2025,5,6.8809524,4.8333335
MIA,2025,6,2.4054055,7.575
MIA,2025,7,0.12820514,4.6363635
MIA,2025,8,9.551724,5.090909
MIN,2022,1,9.088235,3.8723404
MIN,2022,2,1.74,8.054054
MIN,2022,3,6.744186,6.1463413
MIN,2022,4,5.288889,7.5454545
MIN,2022,5,6.422222,8.192307
MIN,2022,6,5.3513513,5.5833335
MIN,2022,8,5.904762,5.037736
MIN,2022,9,5.3333335,3.5588236
MIN,2022,10,4.551724,5.12766
MIN,2022,11,2.5,11.566667
MIN,2022,12,7.9,8.9777775
MIN,2022,13,4.5897436,4.6
MIN,2022,14,8.68,10.0
MIN,2022,15,6.257143,4.8717947
MIN,2022,16,5.892857,6.0408163
MIN,2022,17,4.3333335,5.9310346
MIN,2022,18,9.575758,2.3666666
MIN,2022,19,7.775,8.02439
MIN,2023,1,6.7291665,5.8055553
MIN,2023,2,8.875,4.709677
MIN,2023,3,6.206897,10.5
MIN,2023,4,4.347826,3.547619
MIN,2023,5,5.6415095,6.8
MIN,2023,6,5.542857,0.6764706
MIN,2023,7,8.288889,5.9375
MIN,2023,8,7.902439,3.489796
MIN,2023,9,5.7555556,5.875
MIN,2023,10,7.861111,3.367347
MIN,2023,11,5.138889,6.8974357
MIN,2023,12,0.25,4.627907
MIN,2023,14,2.152174,2.525
MIN,2023,15,5.775,5.6346154
MIN,2023,16,5.2954545,6.3333335
MIN,2023,17,2.975,10.382353
MIN,2023,18,5.9423075,10.323529
MIN,2024,1,7.5384617,1.8461539
MIN,2024,2,7.4117646,5.6041665
MIN,2024,3,6.5555553,3.4814816
MIN,2024,4,8.40625,5.7192984
MIN,2024,5,3.15,2.3833334
MIN,2024,7,6.0833335,8.69697
MIN,2024,8,8.129032,9.235294
MIN,2024,9,5.860465,3.4545455
MIN,2024,10,2.45,-0.10714286
MIN,2024,11,7.6666665,5.756098
MIN,2024,12,8.97561,6.464286
MIN,2024,13,5.97561,3.8723404
MIN,2024,14,11.611111,6.3589745
MIN,2024,15,4.318182,5.1621623
MIN,2024,16,6.756098,5.787234
MIN,2024,17,8.6,5.108108
MIN,2024,18,3.1555555,3.945946
MIN,2024,19,2.338983,7.806452
MIN,2025,1,5.392857,5.5897436
MIN,2025,2,0.90909094,4.0
MIN,2025,3,7.4333334,2.5142858
MIN,2025,4,4.3050847,7.769231
MIN,2025,5,7.121951,6.0
MIN,2025,7,4.9565215,12.965517
MIN,2025,8,2.5609756,7.827586
NE,2022,1,4.9411764,6.717949
NE,2022,2,6.4857144,3.225
NE,2022,3,4.282051,6.5135136
NE,2022,4,4.275862,7.0
NE,2022,5,7.7619047,4.25641
NE,2022,6,8.973684,3.4814816
NE,2022,7,2.5,4.206897
NE,2022,8,2.893617,5.3555555
NE,2022,9,4.0263157,0.38297874
NE,2022,11,5.076923,1.4666667
NE,2022,12,8.9777775,7.9
NE,2022,13,5.3157897,7.108108
NE,2022,14,4.864865,3.490566
NE,2022,15,3.5625,5.590909
NE,2022,16,6.285714,6.410714
NE,2022,17,5.4615383,4.931818
NE,2022,18,3.6976745,7.2
NE,2023,1,5.779661,4.4615383
NE,2023,2,3.5,6.84375
NE,2023,3,7.62069,3.1666667
NE,2023,4,3.8235295,6.395349
NE,2023,5,1.1714286,6.9333334
NE,2023,6,3.195122,7.46875
NE,2023,7,9.625,5.7954545
NE,2023,8,3.8857143,6.6734695
NE,2023,9,4.431818,5.54902
NE,2023,10,2.2432432,5.321429
NE,2023,12,0.025641026,4.918919
NE,2023,13,3.1142857,5.7297297
NE,2023,14,7.40625,3.878049
NE,2023,15,3.3076923,5.75
NE,2023,16,7.2972975,4.836735
NE,2023,17,2.375,3.40625
NE,2023,18,-1.3409091,3.1363637
NE,2024,1,4.6153846,4.4
NE,2024,2,4.3939395,6.64
NE,2024,3,1.525,7.8717947
NE,2024,4,3.0681818,8.896552
NE,2024,5,3.8947368,3.5263157
NE,2024,6,4.365854,5.3055553
NE,2024,7,7.071429,10.238095
NE,2024,8,3.942857,8.5161295
NE,2024,9,2.3469388,6.5142856
NE,2024,10,5.888889,1.4375
NE,2024,11,5.6,13.888889
NE,2024,12,3.4042554,8.818182
NE,2024,13,5.1025643,2.4583333
NE,2024,15,6.296296,7.25
NE,2024,16,6.2,4.096774
NE,2024,17,3.28125,8.525
NE,2024,18,7.875,4.65625
NE,2025,1,4.648148,7.3333335
NE,2025,2,8.655172,6.952381
NE,2025,3,5.212766,5.826087
NE,2025,4,12.15,6.236842
NE,2025,5,7.0263157,7.2727275
NE,2025,6,11.428572,7.4333334
NE,2025,7,7.875,4.340909
NE,2025,8,7.2222223,2.5
NO,2022,1,6.418605,6.5151515
NO,2022,2,2.1730769,5.7777777
NO,2022,3,6.3255816,5.419355
NO,2022,4,7.5454545,5.288889
NO,2022,5,7.3333335,9.53125
NO,2022,6,5.0263157,7.568182
NO,2022,7,8.040816,6.2058825
NO,2022,8,8.741936,2.1276596
NO,2022,9,4.4736843,5.392857
NO,2022,10,2.71875,3.857143
NO,2022,11,8.194445,6.3333335
NO,2022,12,6.15625,6.179487
NO,2022,13,7.6363635,4.803571
NO,2022,15,11.913043,2.6176472
NO,2022,16,3.1333334,2.2857144
NO,2022,17,3.6578948,5.4772725
NO,2022,18,6.703704,-3.0526316
NO,2023,1,6.268293,1.15
NO,2023,2,3.6,3.8333333
NO,2023,3,4.642857,4.7234044
NO,2023,4,1.8222222,7.0555553
NO,2023,5,6.9333334,1.1714286
NO,2023,6,5.7454543,5.548387
NO,2023,7,5.034483,7.9
NO,2023,8,12.580646,4.4888887
NO,2023,9,7.8285713,3.4411764
NO,2023,10,3.367347,7.861111
NO,2023,12,6.775,4.6666665
NO,2023,13,6.787879,8.75
NO,2023,14,3.75,2.25
NO,2023,15,8.67742,2.5576923
NO,2023,16,7.133333,10.138889
NO,2023,17,6.7222223,6.368421
NO,2023,18,9.588235,7.25
NO,2024,1,9.961538,1.1538461
NO,2024,2,13.166667,4.4791665
NO,2024,3,3.75,5.2826085
NO,2024,4,5.5263157,4.918919
NO,2024,5,4.5675673,6.418605
NO,2024,6,3.44,6.717949
NO,2024,7,3.8039215,6.3076925
NO,2024,8,4.7884617,7.7894735
NO,2024,9,7.142857,4.862069
NO,2024,10,12.36,5.5
NO,2024,11,8.193548,7.6181817
NO,2024,13,5.4210525,7.357143
NO,2024,14,5.0,3.148148
NO,2024,15,4.3846154,4.87234
NO,2024,16,2.3333333,7.866667
NO,2024,17,2.6818182,7.3513513
NO,2024,18,5.3913045,6.2058825
NO,2025,1,4.3333335,4.3589745
NO,2025,2,6.15,7.266667
NO,2025,3,4.0,13.0
NO,2025,4,2.4705882,6.642857
NO,2025,5,8.25,3.547619
NO,2025,6,7.4333334,11.428572
NO,2025,7,2.85,4.25
NO,2025,8,2.5737705,4.133333
NYG,2022,1,4.78125,8.742857
NYG,2022,2,4.55,4.5151515
NYG,2022,3,2.6382978,7.580645
NYG,2022,4,1.4444444,4.5588236
NYG,2022,5,7.3448277,5.744186
NYG,2022,6,5.571429,4.7222223
NYG,2022,7,6.875,7.0454545
NYG,2022,8,3.5853658,5.75
NYG,2022,10,9.391304,5.8
NYG,2022,11,5.1836734,6.3461537
NYG,2022,12,5.609756,7.0333333
NYG,2022,13,5.179487,5.607843
NYG,2022,14,4.744681,5.74359
NYG,2022,15,5.0,7.0857143
NYG,2022,16,6.0408163,5.892857
NYG,2022,17,9.041667,3.8387096
NYG,2022,18,3.8888888,3.9512196
NYG,2022,19,8.02439,7.775
NYG,2022,20,1.7297298,7.230769
NYG,2023,1,-0.1590909,5.72
NYG,2023,2,7.139535,8.0
NYG,2023,3,2.0,8.292683
NYG,2023,4,1.1785715,6.0
NYG,2023,5,3.9782608,8.5
NYG,2023,6,4.404762,5.4666667
NYG,2023,7,7.8378377,2.8148148
NYG,2023,8,-0.4090909,4.840909
NYG,2023,9,1.826087,8.36
NYG,2023,10,1.5135136,10.5
NYG,2023,11,5.931818,2.54717
NYG,2023,12,4.918919,0.025641026
NYG,2023,14,8.476191,4.139535
NYG,2023,15,2.5576923,8.67742
NYG,2023,16,4.7352943,7.25
NYG,2023,17,4.796296,5.142857
NYG,2023,18,7.394737,2.0869565
NYG,2024,1,1.8461539,7.5384617
NYG,2024,2,6.71875,5.3846154
NYG,2024,3,6.8717947,3.5185184
NYG,2024,4,5.5238094,8.724138
NYG,2024,5,7.125,4.648148
NYG,2024,6,3.2222223,5.0833335
NYG,2024,7,0.95555556,3.6
NYG,2024,8,4.0851064,7.75
NYG,2024,9,6.3125,11.318182
NYG,2024,10,2.0731707,5.111111
NYG,2024,12,4.225,9.8
NYG,2024,13,2.409091,5.9722223
NYG,2024,14,3.148148,5.0
NYG,2024,15,3.627907,12.096774
NYG,2024,16,3.5333333,5.814815
NYG,2024,17,16.913044,6.27907
NYG,2024,18,3.8965516,6.4888887
NYG,2025,1,3.8292682,6.4444447
NYG,2025,2,9.297873,5.827586
NYG,2025,3,1.6944444,5.390244
NYG,2025,4,3.3030303,2.5777779
NYG,2025,5,3.547619,8.25
NYG,2025,6,7.133333,6.179487
NYG,2025,7,6.7380953,5.517857
NYG,2025,8,5.8235292,8.25
NYJ,2022,1,4.1846156,6.647059
NYJ,2022,2,7.9387755,6.7586207
NYJ,2022,3,2.7,8.025
NYJ,2022,4,5.1282053,-0.0625
NYJ,2022,5,7.48,2.9736843
NYJ,2022,6,4.5,4.4905663
NYJ,2022,7,3.28125,3.625
NYJ,2022,8,5.3555555,2.893617
NYJ,2022,9,5.37931,2.1136363
NYJ,2022,11,1.4666667,5.076923
NYJ,2022,12,11.870968,4.827586
NYJ,2022,13,4.6,4.5897436
NYJ,2022,14,4.2363634,4.5454545
NYJ,2022,15,6.5581393,7.1578946
NYJ,2022,16,2.974359,6.6060605
NYJ,2022,17,2.1111112,5.081081
NYJ,2022,18,4.5151515,4.242424
NYJ,2023,1,3.2857144,2.0
NYJ,2023,2,1.0909091,7.2
NYJ,2023,3,3.1666667,7.62069
NYJ,2023,4,6.2325583,3.96875
NYJ,2023,5,3.764706,5.3589745
NYJ,2023,6,3.5681818,3.122449
NYJ,2023,8,4.840909,-0.4090909
NYJ,2023,9,3.1692307,2.675
NYJ,2023,10,4.818182,3.060606
NYJ,2023,11,0.5116279,8.176471
NYJ,2023,12,1.5384616,5.2352943
NYJ,2023,13,3.3043478,3.7575758
NYJ,2023,14,7.0,1.4210526
NYJ,2023,15,-0.20408164,7.28125
NYJ,2023,16,3.9183674,1.972973
NYJ,2023,17,5.0612245,10.83871
NYJ,2023,18,3.1363637,-1.3409091
NYJ,2024,1,6.03125,6.3142858
NYJ,2024,2,6.0,4.0277777
NYJ,2024,3,7.8717947,1.525
NYJ,2024,4,3.5384614,3.2
NYJ,2024,5,2.3833334,3.15
NYJ,2024,6,6.512195,8.620689
NYJ,2024,7,4.785714,9.67742
NYJ,2024,8,8.5161295,3.942857
NYJ,2024,9,7.0277777,2.8723404
NYJ,2024,10,3.121951,10.730769
NYJ,2024,11,5.7714286,7.457143
NYJ,2024,13,4.27907,5.2702703
NYJ,2024,14,7.5333333,7.7708335
NYJ,2024,15,10.212121,4.607843
NYJ,2024,16,6.0454545,4.4736843
NYJ,2024,17,2.8809524,11.107142
NYJ,2024,18,6.7906976,2.632653
NYJ,2025,1,9.28,7.8421054
NYJ,2025,2,2.4666667,6.172414
NYJ,2025,3,4.159091,7.903226
NYJ,2025,4,6.774194,8.68
NYJ,2025,5,4.793103,10.193548
NYJ,2025,6,-0.2857143,5.875
NYJ,2025,7,1.0652174,5.4722223
NYJ,2025,8,8.529411,7.138889
PHI,2022,1,7.029412,5.6410255
PHI,2022,2,8.054054,1.74
PHI,2022,3,9.463414,2.467742
PHI,2022,4,5.5333333,4.612903
PHI,2022,5,5.45,4.8636365
PHI,2022,6,5.212121,1.7368422
PHI,2022,8,10.277778,2.5576923
PHI,2022,9,7.3428574,3.0357144
PHI,2022,10,6.607143,3.8
PHI,2022,11,6.225806,4.625
PHI,2022,12,5.53125,6.645161
PHI,2022,13,9.911111,3.7368422
PHI,2022,14,5.74359,4.744681
PHI,2022,15,5.6153846,3.8529413
PHI,2022,16,7.625,7.212766
PHI,2022,17,5.4772725,3.6578948
PHI,2022,18,3.9512196,3.8888888
PHI,2022,20,7.230769,1.7297298
PHI,2022,21,4.4814816,3.4583333
PHI,2022,22,7.6666665,8.962963
PHI,2023,1,4.4615383,5.779661
PHI,2023,2,4.709677,8.875
PHI,2023,3,5.1538463,3.6666667
PHI,2023,4,8.16279,5.45098
PHI,2023,5,6.75,5.2222223
PHI,2023,6,3.122449,3.5681818
PHI,2023,7,7.324324,4.35
PHI,2023,8,9.404762,7.8333335
PHI,2023,9,7.6896553,7.2777777
PHI,2023,11,2.46875,3.6222222
PHI,2023,12,5.9428573,6.1698112
PHI,2023,13,5.581818,12.580646
PHI,2023,14,7.266667,6.577778
PHI,2023,15,1.7096775,5.864865
PHI,2023,16,7.25,4.7352943
PHI,2023,17,8.291667,7.7941175
PHI,2023,18,2.0869565,7.394737
PHI,2023,19,6.195122,8.340909
PHI,2024,1,5.6842103,6.3076925
PHI,2024,2,4.8125,8.53125
PHI,2024,3,5.2826085,3.75
PHI,2024,4,3.1904762,7.3333335
PHI,2024,6,10.962963,4.3636365
PHI,2024,7,3.6,0.95555556
PHI,2024,8,12.8,5.051282
PHI,2024,9,8.064516,1.8648648
PHI,2024,10,4.875,0.114285715
PHI,2024,11,6.4375,3.7948718
PHI,2024,12,7.7916665,5.06383
PHI,2024,13,5.7391305,5.857143
PHI,2024,14,4.2413793,4.4166665
PHI,2024,15,8.157895,4.8846154
PHI,2024,16,2.8333333,6.4634147
PHI,2024,17,13.526316,2.935484
PHI,2024,18,6.4888887,3.8965516
PHI,2024,19,6.44,1.6216216
PHI,2024,20,1.9117647,6.1296296
PHI,2024,21,7.8125,4.0
PHI,2024,22,7.5925927,4.680851
PHI,2025,1,5.76,5.529412
PHI,2025,2,3.6153846,4.4848485
PHI,2025,3,6.390244,5.3055553
PHI,2025,4,5.428571,6.068182
PHI,2025,5,5.94,5.681818
PHI,2025,6,6.179487,7.133333
PHI,2025,7,12.965517,4.9565215
PHI,2025,8,8.25,5.8235292
PIT,2022,1,5.3,2.6617646
PIT,2022,2,3.225,6.4857144
PIT,2022,3,6.5882354,7.0
PIT,2022,4,-0.0625,5.1282053
PIT,2022,5,4.5689654,12.972222
PIT,2022,6,6.852941,5.5333333
PIT,2022,7,2.7291667,8.028571
PIT,2022,8,2.5576923,10.277778
PIT,2022,10,3.857143,2.71875
PIT,2022,11,5.847826,7.8139534
PIT,2022,12,4.3714285,3.875
PIT,2022,13,7.75,5.1923075
PIT,2022,14,4.257143,4.4761906
PIT,2022,15,7.0416665,6.709677
PIT,2022,16,5.6153846,0.7777778
PIT,2022,17,5.580645,4.130435
PIT,2022,18,6.59375,2.860465
PIT,2023,1,2.2857144,6.9428573
PIT,2023,2,5.147059,3.9423077
PIT,2023,3,8.933333,3.7735848
PIT,2023,4,1.9411764,12.0
PIT,2023,5,5.6923075,3.5869565
PIT,2023,7,7.37931,5.7647057
PIT,2023,8,2.4693878,6.4736843
PIT,2023,9,6.0,4.0425534
PIT,2023,10,4.76,5.547619
PIT,2023,11,2.264706,2.6222222
PIT,2023,12,7.243243,5.0588236
PIT,2023,13,7.6666665,5.6296296
PIT,2023,14,3.878049,7.40625
PIT,2023,15,2.1176472,7.7058825
PIT,2023,16,11.172414,4.0
PIT,2023,17,10.230769,8.6
PIT,2023,18,5.923077,3.8333333
PIT,2023,19,5.195122,7.3235292
PIT,2024,1,4.9259257,2.2333333
PIT,2024,2,5.4166665,3.6153846
PIT,2024,3,5.75,4.1666665
PIT,2024,4,7.1904764,7.7941175
PIT,2024,5,5.117647,6.2173915
PIT,2024,6,3.548387,4.4883723
PIT,2024,7,9.67742,4.785714
PIT,2024,8,7.75,4.0851064
PIT,2024,10,5.3428574,4.55
PIT,2024,11,3.090909,4.736842
PIT,2024,12,7.0526314,5.677419
PIT,2024,13,10.595238,6.4565215
PIT,2024,14,6.678571,3.106383
PIT,2024,15,4.8846154,8.157895
PIT,2024,16,5.4615383,8.52
PIT,2024,17,2.4893618,9.743589
PIT,2024,18,3.5641026,4.0925927
PIT,2024,19,7.6578946,8.913043
PIT,2025,1,7.8421054,9.28
PIT,2025,2,3.0238094,6.1621623
PIT,2025,3,5.826087,5.212766
PIT,2025,4,7.769231,4.3050847
PIT,2025,6,9.166667,2.859375
PIT,2025,7,7.029412,7.607843
PIT,2025,8,5.627907,11.105263
SEA,2022,1,6.78125,7.6086955
SEA,2022,2,2.5714285,7.8461537
SEA,2022,3,6.3125,7.0
SEA,2022,4,12.0,10.046512
SEA,2022,5,9.53125,7.3333335
SEA,2022,6,3.902439,2.5714285
SEA,2022,7,6.0,4.754386
SEA,2022,8,5.75,3.5853658
SEA,2022,9,7.3157897,4.0
SEA,2022,10,7.1,6.9333334
SEA,2022,12,7.023256,6.9210525
SEA,2022,13,7.7234044,1.7058823
SEA,2022,14,5.0238094,4.464286
SEA,2022,15,4.54,8.964286
SEA,2022,16,3.9772727,8.666667
SEA,2022,17,5.081081,2.1111112
SEA,2022,18,3.6486487,2.1666667
SEA,2022,19,5.3095236,11.69697
SEA,2023,1,3.8333333,8.789474
SEA,2023,2,8.16279,9.0
SEA,2023,3,6.243902,5.84375
SEA,2023,4,6.0,1.1785715
SEA,2023,6,4.2244897,3.9756098
SEA,2023,7,7.071429,2.9047618
SEA,2023,8,5.076923,4.2105265
SEA,2023,9,2.1666667,6.7714286
SEA,2023,10,8.346939,6.96
SEA,2023,11,4.5,4.848485
SEA,2023,12,2.2307692,6.151515
SEA,2023,13,8.116279,6.74
SEA,2023,14,5.1,10.575758
SEA,2023,15,5.864865,1.7096775
SEA,2023,16,6.071429,3.7179487
SEA,2023,17,8.6,10.230769
SEA,2023,18,7.965517,8.75
SEA,2024,1,4.4333334,0.9130435
SEA,2024,2,6.64,4.3939395
SEA,2024,3,5.0,3.1818182
SEA,2024,4,5.6825395,13.32
SEA,2024,5,4.648148,7.125
SEA,2024,6,4.3703704,11.25
SEA,2024,7,8.903226,3.4285715
SEA,2024,8,5.032258,7.6666665
SEA,2024,9,5.4583335,6.659091
SEA,2024,11,3.75,3.78125
SEA,2024,12,4.756098,4.7659574
SEA,2024,13,5.2702703,4.27907
SEA,2024,14,8.433333,4.404762
SEA,2024,15,0.80851066,9.962963
SEA,2024,16,5.787234,6.756098
SEA,2024,17,4.9310346,0.7380952
SEA,2024,18,9.0625,6.5416665
SEA,2025,1,5.84,5.810811
SEA,2025,2,6.1621623,3.0238094
SEA,2025,3,13.0,4.0
SEA,2025,4,7.78125,2.1509433
SEA,2025,5,11.058824,11.444445
SEA,2025,6,11.24138,4.535714
SEA,2025,7,3.5555556,3.0892856
SF,2022,1,3.4375,4.7619047
SF,2022,2,7.8461537,2.5714285
SF,2022,3,4.1621623,3.8095238
SF,2022,4,9.592592,2.8225806
SF,2022,5,8.3529415,4.0555553
SF,2022,6,6.0,8.944445
SF,2022,7,5.232143,11.368421
SF,2022,8,9.90625,5.0540543
SF,2022,10,7.6666665,3.7674417
SF,2022,11,10.620689,3.14
SF,2022,12,6.179487,6.15625
SF,2022,13,4.591837,4.5
SF,2022,14,10.217391,3.3272727
SF,2022,15,8.964286,4.54
SF,2022,16,7.607143,7.3076925
SF,2022,17,7.9714284,9.8529415
SF,2022,18,7.214286,2.3939395
SF,2022,19,11.69697,5.3095236
SF,2022,20,6.030303,3.4871795
SF,2022,21,3.4583333,4.4814816
SF,2023,1,6.9428573,2.2857144
SF,2023,2,7.6296296,3.9824562
SF,2023,3,8.292683,2.0
SF,2023,4,12.652174,6.9069767
SF,2023,5,12.259259,0.7352941
SF,2023,6,2.4848485,2.2105262
SF,2023,7,5.9375,8.288889
SF,2023,8,7.9142857,8.578947
SF,2023,10,11.03125,1.7142857
SF,2023,11,11.060606,3.6981132
SF,2023,12,6.151515,2.2307692
SF,2023,13,12.580646,5.581818
SF,2023,14,10.575758,5.1
SF,2023,15,12.214286,3.3043478
SF,2023,16,1.9074074,7.205128
SF,2023,17,8.8,3.1
SF,2023,18,6.09375,5.034483
SF,2023,20,6.4634147,4.1714287
SF,2023,21,6.6571426,6.2222223
SF,2023,22,7.609756,6.1538463
SF,2024,1,6.3142858,6.03125
SF,2024,2,5.6041665,7.4117646
SF,2024,3,10.875,6.8125
SF,2024,4,8.896552,3.0681818
SF,2024,5,4.1282053,5.125
SF,2024,6,11.25,4.3703704
SF,2024,7,2.1764705,1.7741935
SF,2024,8,8.866667,4.428571
SF,2024,10,9.0,3.7878788
SF,2024,11,3.78125,3.75
SF,2024,12,5.212121,7.259259
SF,2024,13,3.909091,10.666667
SF,2024,14,11.285714,3.4358974
SF,2024,15,2.2432432,5.9259257
SF,2024,16,6.2608695,6.9117646
SF,2024,17,8.409091,8.948718
SF,2024,18,5.2765956,9.2
SF,2025,1,5.810811,5.84
SF,2025,2,7.266667,6.15
SF,2025,3,5.976744,4.7027025
SF,2025,4,6.292683,6.0625
SF,2025,5,7.3137255,8.938775
SF,2025,6,4.0392156,11.52
SF,2025,7,3.75,5.952381
SF,2025,8,4.6486487,8.025641
TB,2022,1,5.483871,2.56
TB,2022,2,5.7777777,2.1730769
TB,2022,3,5.5306125,6.5675673
TB,2022,4,8.018518,5.6511626
TB,2022,5,7.037736,3.6666667
TB,2022,6,5.5333333,6.852941
TB,2022,7,5.4117646,8.75
TB,2022,8,6.5,5.9545455
TB,2022,9,4.866667,4.5142856
TB,2022,10,6.9333334,7.1
TB,2022,12,5.4897957,3.4
TB,2022,13,4.803571,7.6363635
TB,2022,14,3.3272727,10.217391
TB,2022,15,5.8297873,4.911111
TB,2022,16,4.3958335,3.3125
TB,2022,17,8.924528,8.317073
TB,2022,18,5.1764708,7.2941175
TB,2022,19,4.5972223,10.771428
TB,2023,1,5.8055553,6.7291665
TB,2023,2,9.911765,2.902439
TB,2023,3,3.6666667,5.1538463
TB,2023,4,7.0555553,1.8222222
TB,2023,6,4.1025643,7.6
TB,2023,7,4.8125,9.074074
TB,2023,8,5.428571,6.9772725
TB,2023,9,8.558824,10.86
TB,2023,10,7.3714285,2.5957446
TB,2023,11,3.6981132,11.060606
TB,2023,12,3.9069767,4.311111
TB,2023,13,5.451613,2.6666667
TB,2023,14,5.870968,6.7021275
TB,2023,15,11.394737,7.0
TB,2023,16,7.820513,4.037037
TB,2023,17,6.368421,6.7222223
TB,2023,18,3.0263157,2.8333333
TB,2023,19,8.340909,6.195122
TB,2023,20,5.78,6.744681
TB,2024,1,11.25,5.551724
TB,2024,2,4.172414,4.178571
TB,2024,3,2.2765958,6.0
TB,2024,4,7.3333335,3.1904762
TB,2024,5,8.961538,7.641791
TB,2024,6,6.717949,3.44
TB,2024,7,6.188679,14.0
TB,2024,8,6.0,10.454545
TB,2024,9,6.542857,6.1538463
TB,2024,10,3.7878788,9.0
TB,2024,12,9.8,4.225
TB,2024,13,3.3095238,6.4375
TB,2024,14,6.4324327,3.6585367
TB,2024,15,10.965517,4.225
TB,2024,16,5.3137255,8.27027
TB,2024,17,12.472222,5.394737
TB,2024,18,6.2058825,5.3913045
TB,2024,19,11.15,8.324325
TB,2025,1,6.4411764,7.0227275
TB,2025,2,4.9148936,6.516129
TB,2025,3,7.903226,4.159091
TB,2025,4,6.068182,5.428571
TB,2025,5,11.444445,11.058824
TB,2025,6,11.52,4.0392156
TB,2025,7,3.1355932,5.135135
TB,2025,8,4.133333,2.5737705
TEN,2022,1,8.742857,4.78125
TEN,2022,2,1.3214285,9.357142
TEN,2022,3,7.827586,6.1458335
TEN,2022,4,5.7777777,7.4883723
TEN,2022,5,4.457143,7.659091
TEN,2022,7,4.8333335,3.54
TEN,2022,8,-0.3125,2.5833333
TEN,2022,9,2.590909,5.2236843
TEN,2022,10,7.4736843,4.1296296
TEN,2022,11,9.571428,6.1190476
TEN,2022,12,8.361111,7.3333335
TEN,2022,13,3.7368422,9.911111
TEN,2022,14,4.7659574,9.953488
TEN,2022,15,3.2941177,4.1875
TEN,2022,16,-0.06451613,5.428571
TEN,2022,17,4.5348835,5.2093024
TEN,2022,18,3.7837837,6.5588236
TEN,2023,1,1.15,6.268293
TEN,2023,2,6.470588,6.7291665
TEN,2023,3,1.9428571,7.769231
TEN,2023,4,6.9375,3.8611112
TEN,2023,5,5.783784,8.428572
TEN,2023,6,1.7878788,6.125
TEN,2023,8,9.272727,4.826087
TEN,2023,9,4.0425534,6.0
TEN,2023,10,2.5957446,7.3714285
TEN,2023,11,8.714286,8.8529415
TEN,2023,12,6.133333,4.1538463
TEN,2023,13,4.977778,6.9387755
TEN,2023,14,7.731707,4.837209
TEN,2023,15,2.325,4.25
TEN,2023,16,3.7179487,6.071429
TEN,2023,17,3.5263157,6.5
TEN,2023,18,4.7419353,5.3488374
TEN,2024,1,1.4210526,1.9411764
TEN,2024,2,4.0277777,6.0
TEN,2024,3,3.48,8.4
TEN,2024,4,2.4782608,2.8888888
TEN,2024,6,2.5925925,4.8421054
TEN,2024,7,3.8043478,10.142858
TEN,2024,8,4.7,5.2222223
TEN,2024,9,6.5142856,2.3469388
TEN,2024,10,5.324324,10.222222
TEN,2024,11,5.756098,7.6666665
TEN,2024,12,6.1463413,4.1463413
TEN,2024,13,5.952381,6.2058825
TEN,2024,14,4.0555553,3.939394
TEN,2024,15,4.275,6.1282053
TEN,2024,16,4.027027,7.5384617
TEN,2024,17,4.135135,8.192307
TEN,2024,18,8.096774,6.233333
TEN,2025,1,1.55,2.2857144
TEN,2025,2,3.7906976,8.142858
TEN,2025,3,4.152174,9.92
TEN,2025,4,1.6,8.0
TEN,2025,5,5.2093024,5.0526314
TEN,2025,6,2.7,4.9259257
TEN,2025,7,4.340909,7.875
TEN,2025,8,4.4130435,8.540541
WAS,2022,1,6.6,5.0
WAS,2022,2,5.6034484,7.85
WAS,2022,3,2.467742,9.463414
WAS,2022,4,1.8478261,8.862069
WAS,2022,5,7.659091,4.457143
WAS,2022,6,2.9655173,3.4864864
WAS,2022,7,6.0857143,6.6857142
WAS,2022,8,6.885714,7.0
WAS,2022,9,3.5588236,5.3333335
WAS,2022,10,3.8,6.607143
WAS,2022,11,7.0740743,1.3255814
WAS,2022,12,5.7826085,5.185185
WAS,2022,13,5.607843,5.179487
WAS,2022,15,7.0857143,5.0
WAS,2022,16,7.3076925,7.607143
WAS,2022,17,-0.32352942,7.678571
WAS,2022,18,5.32,2.825
WAS,2023,1,3.0465117,3.1666667
WAS,2023,2,6.510638,6.212766
WAS,2023,3,-0.7446808,6.03125
WAS,2023,4,5.45098,8.16279
WAS,2023,5,5.709677,10.085714
WAS,2023,6,5.4848485,3.7924528
WAS,2023,7,2.8148148,7.8378377
WAS,2023,8,7.8333335,9.404762
WAS,2023,9,5.54902,4.431818
WAS,2023,10,6.96,8.346939
WAS,2023,11,2.54717,5.931818
WAS,2023,12,4.673077,12.515152
WAS,2023,13,2.8,12.92
WAS,2023,15,6.131579,7.4102564
WAS,2023,16,1.972973,3.9183674
WAS,2023,17,3.1,8.8
WAS,2023,18,1.6666666,8.6
WAS,2024,1,5.551724,11.25
WAS,2024,2,5.3846154,6.71875
WAS,2024,3,10.666667,8.651163
WAS,2024,4,6.774194,4.5
WAS,2024,5,5.7058825,2.9767442
WAS,2024,6,7.1463413,9.433333
WAS,2024,7,9.148149,0.6818182
WAS,2024,8,7.928571,3.451613
WAS,2024,9,11.318182,6.3125
WAS,2024,10,4.55,5.3428574
WAS,2024,11,3.7948718,6.4375
WAS,2024,12,4.7173915,8.264706
WAS,2024,13,6.2058825,5.952381
WAS,2024,15,4.87234,4.3846154
WAS,2024,16,6.4634147,2.8333333
WAS,2024,17,4.5869565,4.769231
WAS,2024,18,4.4545455,6.0
WAS,2024,19,8.324325,11.15
WAS,2024,20,10.935484,3.8297873
WAS,2024,21,4.0,7.8125
WAS,2025,1,6.4444447,3.8292682
WAS,2025,2,4.3333335,8.828571
WAS,2025,3,9.521739,8.075
WAS,2025,4,4.5,10.785714
WAS,2025,5,8.785714,3.627907
WAS,2025,6,6.875,7.111111
WAS,2025,7,5.0,9.90625
WAS,2025,8,3.8235295,6.35
