posteam,season,week,avg_plays_per_drive,total_drives
ARI,2022,1,6.9,10
ARI,2022,2,9.222222222222221,9
ARI,2022,3,9.88888888888889,9
ARI,2022,4,6.083333333333333,12
ARI,2022,5,8.11111111111111,9
ARI,2022,6,6.909090909090909,11
ARI,2022,7,7.333333333333333,9
ARI,2022,8,6.25,12
ARI,2022,9,6.7,10
ARI,2022,10,7.1,10
ARI,2022,11,6.909090909090909,11
ARI,2022,12,6.2727272727272725,11
ARI,2022,14,6.166666666666667,12
ARI,2022,15,5.3076923076923075,13
ARI,2022,16,5.928571428571429,14
ARI,2022,17,8.444444444444445,9
ARI,2022,18,4.333333333333333,12
ARI,2023,1,6.0,11
ARI,2023,2,6.7,10
ARI,2023,3,6.444444444444445,9
ARI,2023,4,10.285714285714286,7
ARI,2023,5,4.6923076923076925,13
ARI,2023,6,7.090909090909091,11
ARI,2023,7,6.363636363636363,11
ARI,2023,8,6.416666666666667,12
ARI,2023,9,4.071428571428571,14
ARI,2023,10,6.7,10
ARI,2023,11,6.2,10
ARI,2023,12,6.545454545454546,11
ARI,2023,13,6.6,10
ARI,2023,15,7.8,10
ARI,2023,16,5.583333333333333,12
ARI,2023,17,9.25,8
ARI,2023,18,8.444444444444445,9
ARI,2024,1,7.111111111111111,9
ARI,2024,2,7.222222222222222,9
ARI,2024,3,5.454545454545454,11
ARI,2024,4,6.888888888888889,9
ARI,2024,5,6.888888888888889,9
ARI,2024,6,6.1,10
ARI,2024,7,6.444444444444445,9
ARI,2024,8,7.444444444444445,9
ARI,2024,9,5.7272727272727275,11
ARI,2024,10,8.285714285714286,7
ARI,2024,12,6.5,10
ARI,2024,13,8.3,10
ARI,2024,14,6.2727272727272725,11
ARI,2024,15,7.555555555555555,9
ARI,2024,16,6.363636363636363,11
ARI,2024,17,7.9,10
ARI,2024,18,5.75,12
ARI,2025,1,7.555555555555555,9
ARI,2025,2,7.285714285714286,7
ARI,2025,3,7.2,10
ARI,2025,4,6.363636363636363,11
ARI,2025,5,5.916666666666667,12
ARI,2025,6,7.4,10
ARI,2025,7,8.222222222222221,9
ATL,2022,1,6.076923076923077,13
ATL,2022,2,5.9,10
ATL,2022,3,6.111111111111111,9
ATL,2022,4,6.444444444444445,9
ATL,2022,5,7.666666666666667,9
ATL,2022,6,7.625,8
ATL,2022,7,5.777777777777778,9
ATL,2022,8,5.615384615384615,13
ATL,2022,9,7.333333333333333,9
ATL,2022,10,5.416666666666667,12
ATL,2022,11,5.888888888888889,9
ATL,2022,12,6.777777777777778,9
ATL,2022,13,7.375,8
ATL,2022,15,7.6,10
ATL,2022,16,8.222222222222221,9
ATL,2022,17,7.222222222222222,9
ATL,2022,18,6.636363636363637,11
ATL,2023,1,4.583333333333333,12
ATL,2023,2,9.11111111111111,9
ATL,2023,3,6.166666666666667,12
ATL,2023,4,6.2,10
ATL,2023,5,7.2727272727272725,11
ATL,2023,6,7.545454545454546,11
ATL,2023,7,7.0,10
ATL,2023,8,5.6923076923076925,13
ATL,2023,9,5.6923076923076925,13
ATL,2023,10,7.777777777777778,9
ATL,2023,12,8.0,8
ATL,2023,13,5.6923076923076925,13
ATL,2023,14,5.846153846153846,13
ATL,2023,15,6.111111111111111,9
ATL,2023,16,7.1,10
ATL,2023,17,5.0,13
ATL,2023,18,5.076923076923077,13
ATL,2024,1,5.4,10
ATL,2024,2,7.75,8
ATL,2024,3,6.555555555555555,9
ATL,2024,4,6.444444444444445,9
ATL,2024,5,7.7272727272727275,11
ATL,2024,6,7.666666666666667,9
ATL,2024,7,7.4,10
ATL,2024,8,6.5,10
ATL,2024,9,5.9,10
ATL,2024,10,7.2727272727272725,11
ATL,2024,11,6.2,10
ATL,2024,13,8.2,10
ATL,2024,14,8.222222222222221,9
ATL,2024,15,6.0,11
ATL,2024,16,8.5,8
ATL,2024,17,7.222222222222222,9
ATL,2024,18,7.9,10
ATL,2025,1,7.6,10
ATL,2025,2,7.0,10
ATL,2025,3,6.454545454545454,11
ATL,2025,4,7.222222222222222,9
ATL,2025,6,6.454545454545454,11
ATL,2025,7,7.111111111111111,9
ATL,2025,8,5.3,10
BAL,2022,1,4.833333333333333,12
BAL,2022,2,5.7,10
BAL,2022,3,5.454545454545454,11
BAL,2022,4,7.555555555555555,9
BAL,2022,5,7.333333333333333,9
BAL,2022,6,7.0,9
BAL,2022,7,7.555555555555555,9
BAL,2022,8,7.090909090909091,11
BAL,2022,9,7.888888888888889,9
BAL,2022,11,6.7272727272727275,11
BAL,2022,12,7.4,10
BAL,2022,13,6.818181818181818,11
BAL,2022,14,7.0,9
BAL,2022,15,7.222222222222222,9
BAL,2022,16,6.222222222222222,9
BAL,2022,17,6.875,8
BAL,2022,18,5.266666666666667,15
BAL,2022,19,7.777777777777778,9
BAL,2023,1,5.909090909090909,11
BAL,2023,2,8.222222222222221,9
BAL,2023,3,5.4,15
BAL,2023,4,5.166666666666667,12
BAL,2023,5,6.083333333333333,12
BAL,2023,6,7.090909090909091,11
BAL,2023,7,6.333333333333333,9
BAL,2023,8,6.0,11
BAL,2023,9,6.416666666666667,12
BAL,2023,10,5.5,10
BAL,2023,11,6.0,11
BAL,2023,12,7.3,10
BAL,2023,14,6.5,12
BAL,2023,15,7.5,10
BAL,2023,16,5.75,12
BAL,2023,17,5.0,11
BAL,2023,18,5.818181818181818,11
BAL,2023,20,7.3,10
BAL,2023,21,6.2,10
BAL,2024,1,7.9,10
BAL,2024,2,5.75,12
BAL,2024,3,6.3,10
BAL,2024,4,5.2727272727272725,11
BAL,2024,5,6.75,12
BAL,2024,6,7.444444444444445,9
BAL,2024,7,5.8,10
BAL,2024,8,6.0,11
BAL,2024,9,5.7,10
BAL,2024,10,5.7272727272727275,11
BAL,2024,11,5.083333333333333,12
BAL,2024,12,7.875,8
BAL,2024,13,7.181818181818182,11
BAL,2024,15,6.666666666666667,9
BAL,2024,16,7.111111111111111,9
BAL,2024,17,6.6,10
BAL,2024,18,6.363636363636363,11
BAL,2024,19,8.222222222222221,9
BAL,2024,20,7.5,8
BAL,2025,1,5.0,11
BAL,2025,2,5.181818181818182,11
BAL,2025,3,5.9,10
BAL,2025,4,5.6,10
BAL,2025,5,4.6,10
BAL,2025,6,8.444444444444445,9
BAL,2025,8,7.111111111111111,9
BUF,2022,1,6.444444444444445,9
BUF,2022,2,6.181818181818182,11
BUF,2022,3,10.222222222222221,9
BUF,2022,4,6.6,10
BUF,2022,5,4.583333333333333,12
BUF,2022,6,7.3,10
BUF,2022,8,6.333333333333333,9
BUF,2022,9,7.222222222222222,9
BUF,2022,10,6.0,13
BUF,2022,11,7.0,10
BUF,2022,12,8.0,10
BUF,2022,13,8.0,9
BUF,2022,14,5.25,12
BUF,2022,15,7.0,11
BUF,2022,16,5.25,12
BUF,2022,18,6.444444444444445,9
BUF,2022,19,4.875,16
BUF,2022,20,8.375,8
BUF,2023,1,6.636363636363637,11
BUF,2023,2,8.222222222222221,9
BUF,2023,3,7.444444444444445,9
BUF,2023,4,5.090909090909091,11
BUF,2023,5,5.454545454545454,11
BUF,2023,6,7.111111111111111,9
BUF,2023,7,6.9,10
BUF,2023,8,7.2,10
BUF,2023,9,6.666666666666667,9
BUF,2023,10,5.090909090909091,11
BUF,2023,11,6.333333333333333,12
BUF,2023,12,7.615384615384615,13
BUF,2023,14,7.6,10
BUF,2023,15,8.125,8
BUF,2023,16,5.7,10
BUF,2023,17,6.166666666666667,12
BUF,2023,18,9.5,8
BUF,2023,19,6.454545454545454,11
BUF,2023,20,10.25,8
BUF,2024,1,6.777777777777778,9
BUF,2024,2,5.222222222222222,9
BUF,2024,3,6.888888888888889,9
BUF,2024,4,5.909090909090909,11
BUF,2024,5,5.75,12
BUF,2024,6,6.888888888888889,9
BUF,2024,7,5.545454545454546,11
BUF,2024,8,7.0,10
BUF,2024,9,7.875,8
BUF,2024,10,7.4,10
BUF,2024,11,8.11111111111111,9
BUF,2024,13,5.7,10
BUF,2024,14,6.333333333333333,9
BUF,2024,15,6.454545454545454,11
BUF,2024,16,7.0,9
BUF,2024,17,5.818181818181818,11
BUF,2024,18,7.0,10
BUF,2024,19,9.25,8
BUF,2024,20,6.888888888888889,9
BUF,2024,21,8.11111111111111,9
BUF,2025,1,7.0,12
BUF,2025,2,7.3,10
BUF,2025,3,6.777777777777778,9
BUF,2025,4,5.7,10
BUF,2025,5,6.5,10
BUF,2025,6,5.454545454545454,11
BUF,2025,8,6.5,10
CAR,2022,1,4.583333333333333,12
CAR,2022,2,6.2,10
CAR,2022,3,5.666666666666667,12
CAR,2022,4,5.181818181818182,11
CAR,2022,5,6.636363636363637,11
CAR,2022,6,5.666666666666667,9
CAR,2022,7,5.7,10
CAR,2022,8,6.153846153846154,13
CAR,2022,9,5.3,10
CAR,2022,10,6.636363636363637,11
CAR,2022,11,5.545454545454546,11
CAR,2022,12,6.545454545454546,11
CAR,2022,14,7.6,10
CAR,2022,15,6.125,8
CAR,2022,16,7.0,10
CAR,2022,17,4.642857142857143,14
CAR,2022,18,5.909090909090909,11
CAR,2023,1,6.5,12
CAR,2023,2,5.909090909090909,11
CAR,2023,3,6.916666666666667,12
CAR,2023,4,8.333333333333334,9
CAR,2023,5,6.9,10
CAR,2023,6,6.636363636363637,11
CAR,2023,8,6.8,10
CAR,2023,9,6.416666666666667,12
CAR,2023,10,7.333333333333333,9
CAR,2023,11,7.111111111111111,9
CAR,2023,12,7.4,10
CAR,2023,13,6.076923076923077,13
CAR,2023,14,7.0,12
CAR,2023,15,6.8,10
CAR,2023,16,6.7,10
CAR,2023,17,5.9,10
CAR,2023,18,6.333333333333333,9
CAR,2024,1,4.6923076923076925,13
CAR,2024,2,4.909090909090909,11
CAR,2024,3,6.909090909090909,11
CAR,2024,4,7.2,10
CAR,2024,5,5.333333333333333,12
CAR,2024,6,6.7,10
CAR,2024,7,5.222222222222222,9
CAR,2024,8,5.909090909090909,11
CAR,2024,9,5.5,10
CAR,2024,10,5.583333333333333,12
CAR,2024,12,8.125,8
CAR,2024,13,6.0,13
CAR,2024,14,8.875,8
CAR,2024,15,5.4,10
CAR,2024,16,6.363636363636363,11
CAR,2024,17,5.3,10
CAR,2024,18,6.8,10
CAR,2025,1,7.0,9
CAR,2025,2,9.0,9
CAR,2025,3,7.5,8
CAR,2025,4,7.1,10
CAR,2025,5,6.090909090909091,11
CAR,2025,6,7.444444444444445,9
CAR,2025,7,6.909090909090909,11
CAR,2025,8,5.909090909090909,11
CHI,2022,1,5.9,10
CHI,2022,2,5.111111111111111,9
CHI,2022,3,5.583333333333333,12
CHI,2022,4,5.75,12
CHI,2022,5,6.625,8
CHI,2022,6,7.3,10
CHI,2022,7,6.818181818181818,11
CHI,2022,8,7.090909090909091,11
CHI,2022,9,8.222222222222221,9
CHI,2022,10,6.2,10
CHI,2022,11,7.2,10
CHI,2022,12,6.777777777777778,9
CHI,2022,13,5.888888888888889,9
CHI,2022,15,5.25,12
CHI,2022,16,4.923076923076923,13
CHI,2022,17,4.833333333333333,12
CHI,2022,18,5.777777777777778,9
CHI,2023,1,6.5,12
CHI,2023,2,5.7,10
CHI,2023,3,5.7,10
CHI,2023,4,7.2,10
CHI,2023,5,6.454545454545454,11
CHI,2023,6,6.363636363636363,11
CHI,2023,7,8.875,8
CHI,2023,8,7.222222222222222,9
CHI,2023,9,6.181818181818182,11
CHI,2023,10,7.090909090909091,11
CHI,2023,11,7.6,10
CHI,2023,12,7.3,10
CHI,2023,14,5.916666666666667,12
CHI,2023,15,5.4,15
CHI,2023,16,6.7272727272727275,11
CHI,2023,17,6.153846153846154,13
CHI,2023,18,8.666666666666666,6
CHI,2024,1,6.666666666666667,9
CHI,2024,2,6.166666666666667,12
CHI,2024,3,7.416666666666667,12
CHI,2024,4,6.444444444444445,9
CHI,2024,5,6.545454545454546,11
CHI,2024,6,6.777777777777778,9
CHI,2024,8,6.181818181818182,11
CHI,2024,9,6.909090909090909,11
CHI,2024,10,6.181818181818182,11
CHI,2024,11,10.571428571428571,7
CHI,2024,12,6.384615384615385,13
CHI,2024,13,6.3,10
CHI,2024,14,5.9,10
CHI,2024,15,6.8,10
CHI,2024,16,7.0,9
CHI,2024,17,6.6,10
CHI,2024,18,5.7272727272727275,11
CHI,2025,1,5.916666666666667,12
CHI,2025,2,5.666666666666667,12
CHI,2025,3,6.666666666666667,9
CHI,2025,4,7.1,10
CHI,2025,6,6.6,10
CHI,2025,7,6.0,12
CHI,2025,8,7.555555555555555,9
CIN,2022,1,7.214285714285714,14
CIN,2022,2,8.333333333333334,9
CIN,2022,3,6.363636363636363,11
CIN,2022,4,6.6,10
CIN,2022,5,7.111111111111111,9
CIN,2022,6,7.25,8
CIN,2022,7,7.444444444444445,9
CIN,2022,8,5.5,10
CIN,2022,9,7.4,10
CIN,2022,11,5.75,12
CIN,2022,12,6.9,10
CIN,2022,13,8.375,8
CIN,2022,14,5.818181818181818,11
CIN,2022,15,6.090909090909091,11
CIN,2022,16,7.545454545454546,11
CIN,2022,18,5.615384615384615,13
CIN,2022,19,8.285714285714286,7
CIN,2022,20,9.0,8
CIN,2022,21,6.9,10
CIN,2023,1,4.923076923076923,13
CIN,2023,2,8.714285714285714,7
CIN,2023,3,6.666666666666667,12
CIN,2023,4,7.0,8
CIN,2023,5,6.916666666666667,12
CIN,2023,6,5.9,10
CIN,2023,8,6.6,10
CIN,2023,9,7.555555555555555,9
CIN,2023,10,5.5,12
CIN,2023,11,6.090909090909091,11
CIN,2023,12,5.222222222222222,9
CIN,2023,13,6.333333333333333,12
CIN,2023,14,5.7272727272727275,11
CIN,2023,15,6.636363636363637,11
CIN,2023,16,6.0,11
CIN,2023,17,7.6,10
CIN,2023,18,5.666666666666667,12
CIN,2024,1,6.625,8
CIN,2024,2,6.7,10
CIN,2024,3,9.142857142857142,7
CIN,2024,4,6.7,10
CIN,2024,5,6.0,12
CIN,2024,6,5.7,10
CIN,2024,7,4.916666666666667,12
CIN,2024,8,6.555555555555555,9
CIN,2024,9,6.7272727272727275,11
CIN,2024,10,7.181818181818182,11
CIN,2024,11,6.6923076923076925,13
CIN,2024,13,6.0,10
CIN,2024,14,6.8,10
CIN,2024,15,7.222222222222222,9
CIN,2024,16,6.1,10
CIN,2024,17,8.6,10
CIN,2024,18,7.7,10
CIN,2025,1,5.6,10
CIN,2025,2,6.2727272727272725,11
CIN,2025,3,4.538461538461538,13
CIN,2025,4,5.666666666666667,9
CIN,2025,5,5.25,12
CIN,2025,6,7.555555555555555,9
CIN,2025,7,7.6,10
CIN,2025,8,6.2,10
CLE,2022,1,7.2727272727272725,11
CLE,2022,2,7.555555555555555,9
CLE,2022,3,7.7,10
CLE,2022,4,7.6,10
CLE,2022,5,6.9,10
CLE,2022,6,6.166666666666667,12
CLE,2022,7,6.2,10
CLE,2022,8,6.454545454545454,11
CLE,2022,10,7.875,8
CLE,2022,11,7.2,10
CLE,2022,12,6.384615384615385,13
CLE,2022,13,5.5,12
CLE,2022,14,6.7272727272727275,11
CLE,2022,15,7.555555555555555,9
CLE,2022,16,7.3,10
CLE,2022,17,6.111111111111111,9
CLE,2022,18,6.1,10
CLE,2023,1,5.928571428571429,14
CLE,2023,2,6.066666666666666,15
CLE,2023,3,8.0,9
CLE,2023,4,6.083333333333333,12
CLE,2023,6,6.5,12
CLE,2023,7,5.333333333333333,15
CLE,2023,8,7.181818181818182,11
CLE,2023,9,5.714285714285714,14
CLE,2023,10,8.1,10
CLE,2023,11,6.75,12
CLE,2023,12,6.818181818181818,11
CLE,2023,13,6.333333333333333,12
CLE,2023,14,5.0,16
CLE,2023,15,4.875,16
CLE,2023,16,6.666666666666667,12
CLE,2023,17,5.166666666666667,12
CLE,2023,18,4.916666666666667,12
CLE,2023,19,6.166666666666667,12
CLE,2024,1,5.571428571428571,14
CLE,2024,2,8.11111111111111,9
CLE,2024,3,5.384615384615385,13
CLE,2024,4,7.0,9
CLE,2024,5,5.230769230769231,13
CLE,2024,6,7.625,8
CLE,2024,7,6.538461538461538,13
CLE,2024,8,6.636363636363637,11
CLE,2024,9,6.461538461538462,13
CLE,2024,11,7.090909090909091,11
CLE,2024,12,6.1,10
CLE,2024,13,6.2,15
CLE,2024,14,6.333333333333333,12
CLE,2024,15,5.0,13
CLE,2024,16,6.7,10
CLE,2024,17,6.833333333333333,12
CLE,2024,18,5.454545454545454,11
CLE,2025,1,7.5,10
CLE,2025,2,6.583333333333333,12
CLE,2025,3,6.4,10
CLE,2025,4,5.615384615384615,13
CLE,2025,5,6.25,12
CLE,2025,6,9.11111111111111,9
CLE,2025,7,5.9,10
CLE,2025,8,4.833333333333333,12
DAL,2022,1,6.9,10
DAL,2022,2,6.5,10
DAL,2022,3,6.7,10
DAL,2022,4,5.153846153846154,13
DAL,2022,5,5.363636363636363,11
DAL,2022,6,6.8,10
DAL,2022,7,6.3,10
DAL,2022,8,6.333333333333333,9
DAL,2022,10,6.461538461538462,13
DAL,2022,11,7.6,10
DAL,2022,12,7.777777777777778,9
DAL,2022,13,5.75,12
DAL,2022,14,6.818181818181818,11
DAL,2022,15,6.666666666666667,12
DAL,2022,16,7.5,10
DAL,2022,17,7.181818181818182,11
DAL,2022,18,5.066666666666666,15
DAL,2022,19,7.888888888888889,9
DAL,2022,20,6.6,10
DAL,2023,1,6.666666666666667,9
DAL,2023,2,8.0,11
DAL,2023,3,10.0,8
DAL,2023,4,7.0,10
DAL,2023,5,4.153846153846154,13
DAL,2023,6,7.222222222222222,9
DAL,2023,8,7.111111111111111,9
DAL,2023,9,8.11111111111111,9
DAL,2023,10,6.5,12
DAL,2023,11,7.777777777777778,9
DAL,2023,12,6.111111111111111,9
DAL,2023,13,9.11111111111111,9
DAL,2023,14,8.777777777777779,9
DAL,2023,15,7.875,8
DAL,2023,16,8.125,8
DAL,2023,17,6.090909090909091,11
DAL,2023,18,8.0,9
DAL,2023,19,8.545454545454545,11
DAL,2024,1,5.3076923076923075,13
DAL,2024,2,7.0,10
DAL,2024,3,7.090909090909091,11
DAL,2024,4,7.0,8
DAL,2024,5,8.777777777777779,9
DAL,2024,6,6.363636363636363,11
DAL,2024,8,5.7272727272727275,11
DAL,2024,9,7.181818181818182,11
DAL,2024,10,4.923076923076923,13
DAL,2024,11,6.916666666666667,12
DAL,2024,12,5.461538461538462,13
DAL,2024,13,6.636363636363637,11
DAL,2024,14,6.5,10
DAL,2024,15,6.7272727272727275,11
DAL,2024,16,5.636363636363637,11
DAL,2024,17,6.5,10
DAL,2024,18,8.3,10
DAL,2025,1,7.375,8
DAL,2025,2,6.5,14
DAL,2025,3,7.2,10
DAL,2025,4,7.2,10
DAL,2025,5,5.636363636363637,11
DAL,2025,6,7.125,8
DAL,2025,7,5.5,12
DAL,2025,8,6.7272727272727275,11
DEN,2022,1,8.625,8
DEN,2022,2,7.2,10
DEN,2022,3,6.153846153846154,13
DEN,2022,4,4.909090909090909,11
DEN,2022,5,6.5,12
DEN,2022,6,5.909090909090909,11
DEN,2022,7,6.916666666666667,12
DEN,2022,8,5.5,12
DEN,2022,10,6.833333333333333,12
DEN,2022,11,7.0,10
DEN,2022,12,5.076923076923077,13
DEN,2022,13,5.7272727272727275,11
DEN,2022,14,5.846153846153846,13
DEN,2022,15,6.0,12
DEN,2022,16,6.6,10
DEN,2022,17,6.0,12
DEN,2022,18,5.666666666666667,12
DEN,2023,1,10.166666666666666,6
DEN,2023,2,6.090909090909091,11
DEN,2023,3,5.076923076923077,13
DEN,2023,4,6.5,8
DEN,2023,5,5.25,12
DEN,2023,6,5.5,10
DEN,2023,7,6.888888888888889,9
DEN,2023,8,6.454545454545454,11
DEN,2023,10,6.5,12
DEN,2023,11,6.1,10
DEN,2023,12,5.909090909090909,11
DEN,2023,13,5.416666666666667,12
DEN,2023,14,5.916666666666667,12
DEN,2023,15,6.7,10
DEN,2023,16,5.285714285714286,14
DEN,2023,17,7.4,10
DEN,2023,18,7.0,9
DEN,2024,1,5.333333333333333,15
DEN,2024,2,5.818181818181818,11
DEN,2024,3,6.9,10
DEN,2024,4,5.333333333333333,12
DEN,2024,5,5.636363636363637,11
DEN,2024,6,6.0,10
DEN,2024,7,6.6,10
DEN,2024,8,6.7272727272727275,11
DEN,2024,9,7.777777777777778,9
DEN,2024,10,6.888888888888889,9
DEN,2024,11,7.111111111111111,9
DEN,2024,12,6.7272727272727275,11
DEN,2024,13,5.5,12
DEN,2024,15,4.642857142857143,14
DEN,2024,16,7.0,10
DEN,2024,17,6.5,10
DEN,2024,18,9.25,8
DEN,2024,19,5.875,8
DEN,2025,1,6.166666666666667,12
DEN,2025,2,6.444444444444445,9
DEN,2025,3,5.090909090909091,11
DEN,2025,4,8.1,10
DEN,2025,5,7.2727272727272725,11
DEN,2025,6,6.3,10
DEN,2025,7,6.461538461538462,13
DEN,2025,8,5.9,10
DET,2022,1,6.9,10
DET,2022,2,5.076923076923077,13
DET,2022,3,6.75,12
DET,2022,4,6.454545454545454,11
DET,2022,5,7.222222222222222,9
DET,2022,7,5.545454545454546,11
DET,2022,8,7.625,8
DET,2022,9,7.5,8
DET,2022,10,6.3,10
DET,2022,11,6.0,11
DET,2022,12,8.0,9
DET,2022,13,9.5,8
DET,2022,14,7.4,10
DET,2022,15,8.11111111111111,9
DET,2022,16,6.7,10
DET,2022,17,6.545454545454546,11
DET,2022,18,6.6,10
DET,2023,1,6.454545454545454,11
DET,2023,2,6.0,11
DET,2023,3,6.2727272727272725,11
DET,2023,4,6.5,12
DET,2023,5,5.9,10
DET,2023,6,6.818181818181818,11
DET,2023,7,7.7,10
DET,2023,8,7.083333333333333,12
DET,2023,10,6.4,10
DET,2023,11,6.777777777777778,9
DET,2023,12,7.363636363636363,11
DET,2023,13,5.166666666666667,12
DET,2023,14,6.090909090909091,11
DET,2023,15,6.8,10
DET,2023,16,7.9,10
DET,2023,17,6.454545454545454,11
DET,2023,18,5.636363636363637,11
DET,2023,19,7.0,8
DET,2023,20,7.3,10
DET,2023,21,7.5,10
DET,2024,1,6.090909090909091,11
DET,2024,2,7.909090909090909,11
DET,2024,3,6.454545454545454,11
DET,2024,4,5.1,10
DET,2024,6,6.181818181818182,11
DET,2024,7,5.363636363636363,11
DET,2024,8,4.076923076923077,13
DET,2024,9,7.125,8
DET,2024,10,4.928571428571429,14
DET,2024,11,8.333333333333334,9
DET,2024,12,7.6,10
DET,2024,13,8.333333333333334,9
DET,2024,14,8.0,10
DET,2024,15,7.181818181818182,11
DET,2024,16,6.8,10
DET,2024,17,8.625,8
DET,2024,18,6.2727272727272725,11
DET,2024,20,6.090909090909091,11
DET,2025,1,8.625,8
DET,2025,2,5.25,12
DET,2025,3,7.0,10
DET,2025,4,4.6923076923076925,13
DET,2025,5,5.333333333333333,12
DET,2025,6,7.125,8
DET,2025,7,5.538461538461538,13
GB,2022,1,6.3,10
GB,2022,2,7.666666666666667,9
GB,2022,3,6.090909090909091,11
GB,2022,4,5.571428571428571,14
GB,2022,5,7.333333333333333,9
GB,2022,6,5.923076923076923,13
GB,2022,7,5.1,10
GB,2022,8,7.444444444444445,9
GB,2022,9,8.875,8
GB,2022,10,6.0,11
GB,2022,11,6.5,10
GB,2022,12,5.2,10
GB,2022,13,7.444444444444445,9
GB,2022,15,7.444444444444445,9
GB,2022,16,6.7,10
GB,2022,17,7.111111111111111,9
GB,2022,18,6.888888888888889,9
GB,2023,1,6.0,11
GB,2023,2,5.666666666666667,9
GB,2023,3,7.3,10
GB,2023,4,5.166666666666667,12
GB,2023,5,5.7272727272727275,11
GB,2023,7,7.333333333333333,9
GB,2023,8,6.7,10
GB,2023,9,6.0,12
GB,2023,10,6.363636363636363,11
GB,2023,11,7.6,10
GB,2023,12,6.0,10
GB,2023,13,9.571428571428571,7
GB,2023,14,6.7272727272727275,11
GB,2023,15,7.625,8
GB,2023,16,6.8,10
GB,2023,17,7.5,10
GB,2023,18,8.571428571428571,7
GB,2023,19,6.222222222222222,9
GB,2023,20,7.333333333333333,9
GB,2024,1,5.909090909090909,11
GB,2024,2,7.4,10
GB,2024,3,6.7,10
GB,2024,4,5.333333333333333,15
GB,2024,5,6.2,10
GB,2024,6,7.2,10
GB,2024,7,5.636363636363637,11
GB,2024,8,6.0,12
GB,2024,9,7.555555555555555,9
GB,2024,11,7.333333333333333,6
GB,2024,12,6.545454545454546,11
GB,2024,13,6.0,10
GB,2024,14,5.333333333333333,9
GB,2024,15,5.666666666666667,12
GB,2024,16,8.875,8
GB,2024,17,6.3,10
GB,2024,18,5.666666666666667,12
GB,2024,19,7.0,9
GB,2025,1,5.666666666666667,9
GB,2025,2,6.181818181818182,11
GB,2025,3,7.444444444444445,9
GB,2025,4,8.2,10
GB,2025,6,7.875,8
GB,2025,7,6.333333333333333,9
GB,2025,8,5.833333333333333,12
HOU,2022,1,5.846153846153846,13
HOU,2022,2,6.6,10
HOU,2022,3,5.818181818181818,11
HOU,2022,4,4.833333333333333,12
HOU,2022,5,7.0,9
HOU,2022,7,7.666666666666667,9
HOU,2022,8,5.363636363636363,11
HOU,2022,9,6.888888888888889,9
HOU,2022,10,6.181818181818182,11
HOU,2022,11,6.0,10
HOU,2022,12,5.230769230769231,13
HOU,2022,13,5.071428571428571,14
HOU,2022,14,5.384615384615385,13
HOU,2022,15,6.2,10
HOU,2022,16,6.363636363636363,11
HOU,2022,17,5.6923076923076925,13
HOU,2022,18,6.363636363636363,11
HOU,2023,1,6.5,12
HOU,2023,2,8.2,10
HOU,2023,3,6.3,10
HOU,2023,4,7.3,10
HOU,2023,5,6.181818181818182,11
HOU,2023,6,5.5,12
HOU,2023,8,7.0,9
HOU,2023,9,5.75,12
HOU,2023,10,6.230769230769231,13
HOU,2023,11,6.9,10
HOU,2023,12,6.4,10
HOU,2023,13,6.083333333333333,12
HOU,2023,14,4.615384615384615,13
HOU,2023,15,6.3076923076923075,13
HOU,2023,16,6.166666666666667,12
HOU,2023,17,8.5,8
HOU,2023,18,5.7272727272727275,11
HOU,2023,19,5.111111111111111,9
HOU,2023,20,5.888888888888889,9
HOU,2024,1,8.0,10
HOU,2024,2,5.833333333333333,12
HOU,2024,3,6.090909090909091,11
HOU,2024,4,7.5,10
HOU,2024,5,5.769230769230769,13
HOU,2024,6,5.230769230769231,13
HOU,2024,7,6.090909090909091,11
HOU,2024,8,6.416666666666667,12
HOU,2024,9,9.0,9
HOU,2024,10,5.6923076923076925,13
HOU,2024,11,6.6,10
HOU,2024,12,4.769230769230769,13
HOU,2024,13,6.5,10
HOU,2024,15,5.4,10
HOU,2024,16,6.888888888888889,9
HOU,2024,17,5.454545454545454,11
HOU,2024,18,6.2,10
HOU,2024,19,5.769230769230769,13
HOU,2024,20,8.75,8
HOU,2025,1,7.111111111111111,9
HOU,2025,2,5.777777777777778,9
HOU,2025,3,5.416666666666667,12
HOU,2025,4,8.0,9
HOU,2025,5,6.8,10
HOU,2025,7,5.571428571428571,14
HOU,2025,8,8.88888888888889,9
IND,2022,1,7.461538461538462,13
IND,2022,2,4.818181818181818,11
IND,2022,3,7.3,10
IND,2022,4,7.444444444444445,9
IND,2022,5,6.384615384615385,13
IND,2022,6,9.0,9
IND,2022,7,7.0,10
IND,2022,8,5.454545454545454,11
IND,2022,9,4.733333333333333,15
IND,2022,10,6.5,10
IND,2022,11,6.363636363636363,11
IND,2022,12,6.7,10
IND,2022,13,5.6923076923076925,13
IND,2022,15,6.0,15
IND,2022,16,5.4,10
IND,2022,17,6.888888888888889,9
IND,2022,18,6.636363636363637,11
IND,2023,1,5.285714285714286,14
IND,2023,2,6.2,10
IND,2023,3,6.0,16
IND,2023,4,6.4,10
IND,2023,5,9.142857142857142,7
IND,2023,6,6.153846153846154,13
IND,2023,7,4.625,16
IND,2023,8,6.166666666666667,12
IND,2023,9,7.625,8
IND,2023,10,6.666666666666667,9
IND,2023,12,6.7272727272727275,11
IND,2023,13,5.846153846153846,13
IND,2023,14,6.4,10
IND,2023,15,6.454545454545454,11
IND,2023,16,7.2,10
IND,2023,17,6.444444444444445,9
IND,2023,18,6.454545454545454,11
IND,2024,1,5.222222222222222,9
IND,2024,2,5.7,10
IND,2024,3,4.666666666666667,12
IND,2024,4,7.0,10
IND,2024,5,6.166666666666667,12
IND,2024,6,7.3,10
IND,2024,7,5.833333333333333,12
IND,2024,8,5.75,12
IND,2024,9,6.0,9
IND,2024,10,5.909090909090909,11
IND,2024,11,6.333333333333333,12
IND,2024,12,6.222222222222222,9
IND,2024,13,7.625,8
IND,2024,15,5.266666666666667,15
IND,2024,16,5.666666666666667,12
IND,2024,17,6.5,12
IND,2024,18,7.166666666666667,12
IND,2025,1,10.571428571428571,7
IND,2025,2,7.2,10
IND,2025,3,6.0,9
IND,2025,4,5.545454545454546,11
IND,2025,5,7.875,8
IND,2025,6,6.0,10
IND,2025,7,6.444444444444445,9
IND,2025,8,5.181818181818182,11
JAX,2022,1,6.363636363636363,11
JAX,2022,2,7.2,10
JAX,2022,3,8.666666666666666,9
JAX,2022,4,4.454545454545454,11
JAX,2022,5,7.7,10
JAX,2022,6,6.888888888888889,9
JAX,2022,7,7.666666666666667,9
JAX,2022,8,6.545454545454546,11
JAX,2022,9,7.2,10
JAX,2022,10,6.363636363636363,11
JAX,2022,12,6.7,10
JAX,2022,13,6.777777777777778,9
JAX,2022,14,6.083333333333333,12
JAX,2022,15,5.769230769230769,13
JAX,2022,16,8.333333333333334,9
JAX,2022,17,5.5,12
JAX,2022,18,6.375,8
JAX,2022,19,6.25,12
JAX,2022,20,6.5,10
JAX,2023,1,4.933333333333334,15
JAX,2023,2,6.545454545454546,11
JAX,2023,3,6.7272727272727275,11
JAX,2023,4,7.444444444444445,9
JAX,2023,5,8.0,11
JAX,2023,6,5.416666666666667,12
JAX,2023,7,5.363636363636363,11
JAX,2023,8,6.636363636363637,11
JAX,2023,10,6.0,10
JAX,2023,11,8.11111111111111,9
JAX,2023,12,7.4,10
JAX,2023,13,6.818181818181818,11
JAX,2023,14,5.0625,16
JAX,2023,15,6.6,10
JAX,2023,16,6.5,10
JAX,2023,17,6.5,10
JAX,2023,18,6.9,10
JAX,2024,1,5.181818181818182,11
JAX,2024,2,6.0,10
JAX,2024,3,7.1,10
JAX,2024,4,5.818181818181818,11
JAX,2024,5,5.166666666666667,12
JAX,2024,6,7.222222222222222,9
JAX,2024,7,7.75,8
JAX,2024,8,5.25,12
JAX,2024,9,5.6,10
JAX,2024,10,4.8,10
JAX,2024,11,6.0,9
JAX,2024,13,7.6,10
JAX,2024,14,7.75,8
JAX,2024,15,8.4,10
JAX,2024,16,5.666666666666667,12
JAX,2024,17,8.714285714285714,7
JAX,2024,18,6.636363636363637,11
JAX,2025,1,7.333333333333333,9
JAX,2025,2,6.166666666666667,12
JAX,2025,3,6.083333333333333,12
JAX,2025,4,6.090909090909091,11
JAX,2025,5,6.333333333333333,9
JAX,2025,6,7.0,11
JAX,2025,7,7.2727272727272725,11
KC,2022,1,6.9,10
KC,2022,2,6.0,10
KC,2022,3,6.6,10
KC,2022,4,7.2727272727272725,11
KC,2022,5,8.222222222222221,9
KC,2022,6,6.7,10
KC,2022,7,6.333333333333333,9
KC,2022,9,7.769230769230769,13
KC,2022,10,7.0,9
KC,2022,11,6.6,10
KC,2022,12,9.625,8
KC,2022,13,7.125,8
KC,2022,14,5.75,12
KC,2022,15,6.916666666666667,12
KC,2022,16,5.2727272727272725,11
KC,2022,17,5.333333333333333,12
KC,2022,18,5.9,10
KC,2022,20,7.888888888888889,9
KC,2022,21,7.3,10
KC,2022,22,6.875,8
KC,2023,1,6.2727272727272725,11
KC,2023,2,6.6,10
KC,2023,3,6.909090909090909,11
KC,2023,4,6.2727272727272725,11
KC,2023,5,8.5,8
KC,2023,6,7.4,10
KC,2023,7,6.6,10
KC,2023,8,5.636363636363637,11
KC,2023,9,6.555555555555555,9
KC,2023,11,6.666666666666667,12
KC,2023,12,6.1,10
KC,2023,13,9.142857142857142,7
KC,2023,14,6.7,10
KC,2023,15,5.0,13
KC,2023,16,7.181818181818182,11
KC,2023,17,6.444444444444445,9
KC,2023,18,7.333333333333333,9
KC,2023,19,8.2,10
KC,2023,20,5.75,8
KC,2023,21,7.0,11
KC,2023,22,6.769230769230769,13
KC,2024,1,6.0,9
KC,2024,2,7.0,9
KC,2024,3,8.333333333333334,9
KC,2024,4,5.545454545454546,11
KC,2024,5,9.222222222222221,9
KC,2024,7,6.9,10
KC,2024,8,8.5,8
KC,2024,9,8.0,11
KC,2024,10,9.0,8
KC,2024,11,6.222222222222222,9
KC,2024,12,9.125,8
KC,2024,13,6.818181818181818,11
KC,2024,14,7.888888888888889,9
KC,2024,15,5.928571428571429,14
KC,2024,16,8.0,9
KC,2024,17,6.5,10
KC,2024,18,4.875,8
KC,2024,20,6.5,8
KC,2024,21,7.111111111111111,9
KC,2024,22,4.384615384615385,13
KC,2025,1,8.0,8
KC,2025,2,6.888888888888889,9
KC,2025,3,7.888888888888889,9
KC,2025,4,7.3,10
KC,2025,5,6.7,10
KC,2025,6,8.571428571428571,7
KC,2025,7,8.666666666666666,9
KC,2025,8,8.375,8
LA,2022,1,7.1,10
LA,2022,2,6.5,10
LA,2022,3,6.125,8
LA,2022,4,8.0,10
LA,2022,5,6.0,12
LA,2022,6,6.090909090909091,11
LA,2022,8,6.666666666666667,9
LA,2022,9,5.0,13
LA,2022,10,6.5,10
LA,2022,11,6.2727272727272725,11
LA,2022,12,6.555555555555555,9
LA,2022,13,6.9,10
LA,2022,14,7.111111111111111,9
LA,2022,15,6.125,8
LA,2022,16,8.25,8
LA,2022,17,5.888888888888889,9
LA,2022,18,6.090909090909091,11
LA,2023,1,9.333333333333334,9
LA,2023,2,8.2,10
LA,2023,3,5.083333333333333,12
LA,2023,4,7.166666666666667,12
LA,2023,5,7.375,8
LA,2023,6,6.1,10
LA,2023,7,7.0,10
LA,2023,8,6.090909090909091,11
LA,2023,9,5.636363636363637,11
LA,2023,11,6.4,10
LA,2023,12,7.0,10
LA,2023,13,5.75,12
LA,2023,14,6.833333333333333,12
LA,2023,15,6.666666666666667,12
LA,2023,16,7.2,10
LA,2023,17,5.0,13
LA,2023,18,8.0,8
LA,2023,19,7.5,8
LA,2024,1,7.9,10
LA,2024,2,5.7,10
LA,2024,3,6.666666666666667,9
LA,2024,4,7.111111111111111,9
LA,2024,5,8.88888888888889,9
LA,2024,7,5.181818181818182,11
LA,2024,8,8.25,8
LA,2024,9,6.0,13
LA,2024,10,6.909090909090909,11
LA,2024,11,5.888888888888889,9
LA,2024,12,6.5,10
LA,2024,13,7.0,8
LA,2024,14,8.333333333333334,9
LA,2024,15,6.818181818181818,11
LA,2024,16,7.285714285714286,7
LA,2024,17,6.1,10
LA,2024,18,7.2,10
LA,2024,19,6.222222222222222,9
LA,2024,20,6.416666666666667,12
LA,2025,1,6.666666666666667,9
LA,2025,2,5.636363636363637,11
LA,2025,3,6.545454545454546,11
LA,2025,4,6.083333333333333,12
LA,2025,5,6.7,10
LA,2025,6,6.625,8
LA,2025,7,5.7272727272727275,11
LAC,2022,1,6.2727272727272725,11
LAC,2022,2,7.2727272727272725,11
LAC,2022,3,6.3,10
LAC,2022,4,6.9,10
LAC,2022,5,7.888888888888889,9
LAC,2022,6,7.583333333333333,12
LAC,2022,7,6.166666666666667,12
LAC,2022,9,7.3,10
LAC,2022,10,5.818181818181818,11
LAC,2022,11,7.0,10
LAC,2022,12,7.1,10
LAC,2022,13,7.181818181818182,11
LAC,2022,14,8.3,10
LAC,2022,15,6.25,12
LAC,2022,16,7.0,10
LAC,2022,17,7.444444444444445,9
LAC,2022,18,6.166666666666667,12
LAC,2022,19,6.416666666666667,12
LAC,2023,1,8.1,10
LAC,2023,2,6.818181818181818,11
LAC,2023,3,6.7,10
LAC,2023,4,5.818181818181818,11
LAC,2023,6,6.7,10
LAC,2023,7,6.6,10
LAC,2023,8,7.0,10
LAC,2023,9,5.416666666666667,12
LAC,2023,10,7.888888888888889,9
LAC,2023,11,6.6,10
LAC,2023,12,6.363636363636363,11
LAC,2023,13,6.2727272727272725,11
LAC,2023,14,6.0,12
LAC,2023,15,4.533333333333333,15
LAC,2023,16,6.166666666666667,12
LAC,2023,17,7.0,10
LAC,2023,18,8.090909090909092,11
LAC,2024,1,5.166666666666667,12
LAC,2024,2,6.090909090909091,11
LAC,2024,3,5.3,10
LAC,2024,4,6.1,10
LAC,2024,6,8.777777777777779,9
LAC,2024,7,8.75,8
LAC,2024,8,5.916666666666667,12
LAC,2024,9,4.769230769230769,13
LAC,2024,10,7.5,8
LAC,2024,11,5.384615384615385,13
LAC,2024,12,7.444444444444445,9
LAC,2024,13,6.125,8
LAC,2024,14,7.0,9
LAC,2024,15,4.7272727272727275,11
LAC,2024,16,5.909090909090909,11
LAC,2024,17,8.3,10
LAC,2024,18,8.555555555555555,9
LAC,2024,19,4.6923076923076925,13
LAC,2025,1,7.875,8
LAC,2025,2,5.2727272727272725,11
LAC,2025,3,8.0,11
LAC,2025,4,5.7272727272727275,11
LAC,2025,5,8.25,8
LAC,2025,6,7.1,10
LAC,2025,7,9.5,8
LAC,2025,8,8.222222222222221,9
LV,2022,1,5.545454545454546,11
LV,2022,2,7.444444444444445,9
LV,2022,3,8.0,9
LV,2022,4,7.2727272727272725,11
LV,2022,5,6.888888888888889,9
LV,2022,7,8.0,7
LV,2022,8,7.5,8
LV,2022,9,6.3,10
LV,2022,10,7.0,10
LV,2022,11,7.0,10
LV,2022,12,5.857142857142857,14
LV,2022,13,5.5,12
LV,2022,14,7.111111111111111,9
LV,2022,15,6.0,12
LV,2022,16,5.8,10
LV,2022,17,6.363636363636363,11
LV,2022,18,7.888888888888889,9
LV,2023,1,8.833333333333334,6
LV,2023,2,4.777777777777778,9
LV,2023,3,6.166666666666667,12
LV,2023,4,6.818181818181818,11
LV,2023,5,6.8,10
LV,2023,6,8.5,8
LV,2023,7,7.333333333333333,9
LV,2023,8,4.545454545454546,11
LV,2023,9,5.583333333333333,12
LV,2023,10,6.363636363636363,11
LV,2023,11,5.153846153846154,13
LV,2023,12,6.3,10
LV,2023,14,5.083333333333333,12
LV,2023,15,5.3076923076923075,13
LV,2023,16,6.222222222222222,9
LV,2023,17,9.0,9
LV,2023,18,7.666666666666667,9
LV,2024,1,5.076923076923077,13
LV,2024,2,6.0,11
LV,2024,3,5.5,12
LV,2024,4,5.9,10
LV,2024,5,6.0,12
LV,2024,6,5.909090909090909,11
LV,2024,7,6.461538461538462,13
LV,2024,8,7.125,8
LV,2024,9,5.909090909090909,11
LV,2024,11,9.428571428571429,7
LV,2024,12,6.75,12
LV,2024,13,6.2727272727272725,11
LV,2024,14,6.9,10
LV,2024,15,5.833333333333333,12
LV,2024,16,6.166666666666667,12
LV,2024,17,8.0,10
LV,2024,18,5.777777777777778,9
LV,2025,1,6.181818181818182,11
LV,2025,2,7.0,10
LV,2025,3,5.916666666666667,12
LV,2025,4,4.909090909090909,11
LV,2025,5,7.777777777777778,9
LV,2025,6,6.666666666666667,9
LV,2025,7,3.6,10
MIA,2022,1,7.875,8
MIA,2022,2,6.454545454545454,11
MIA,2022,3,5.5,8
MIA,2022,4,6.090909090909091,11
MIA,2022,5,5.583333333333333,12
MIA,2022,6,5.857142857142857,14
MIA,2022,7,6.363636363636363,11
MIA,2022,8,7.875,8
MIA,2022,9,6.5,8
MIA,2022,10,7.333333333333333,9
MIA,2022,12,5.923076923076923,13
MIA,2022,13,4.166666666666667,12
MIA,2022,14,5.181818181818182,11
MIA,2022,15,6.5,10
MIA,2022,16,4.9,10
MIA,2022,17,6.7272727272727275,11
MIA,2022,18,7.888888888888889,9
MIA,2022,19,5.266666666666667,15
MIA,2023,1,6.7,10
MIA,2023,2,6.0,11
MIA,2023,3,5.071428571428571,14
MIA,2023,4,5.636363636363637,11
MIA,2023,5,5.0,11
MIA,2023,6,6.0,11
MIA,2023,7,6.5,8
MIA,2023,8,7.4,10
MIA,2023,9,5.909090909090909,11
MIA,2023,11,5.615384615384615,13
MIA,2023,12,7.0,10
MIA,2023,13,7.0,9
MIA,2023,14,6.416666666666667,12
MIA,2023,15,6.2,10
MIA,2023,16,7.666666666666667,9
MIA,2023,17,6.0,12
MIA,2023,18,5.888888888888889,9
MIA,2023,19,5.7272727272727275,11
MIA,2024,1,6.545454545454546,11
MIA,2024,2,7.7,10
MIA,2024,3,5.333333333333333,12
MIA,2024,4,4.769230769230769,13
MIA,2024,5,7.545454545454546,11
MIA,2024,7,6.25,12
MIA,2024,8,8.5,8
MIA,2024,9,7.75,8
MIA,2024,10,5.8,10
MIA,2024,11,9.285714285714286,7
MIA,2024,12,5.833333333333333,12
MIA,2024,13,7.888888888888889,9
MIA,2024,14,7.3,10
MIA,2024,15,6.7,10
MIA,2024,16,7.0,10
MIA,2024,17,5.333333333333333,12
MIA,2024,18,6.083333333333333,12
MIA,2025,1,6.857142857142857,7
MIA,2025,2,7.0,8
MIA,2025,3,7.0,9
MIA,2025,4,6.888888888888889,9
MIA,2025,5,6.0,10
MIA,2025,6,5.545454545454546,11
MIA,2025,7,5.7272727272727275,11
MIA,2025,8,7.0,10
MIN,2022,1,6.9,10
MIN,2022,2,6.4,10
MIN,2022,3,5.833333333333333,12
MIN,2022,4,6.818181818181818,11
MIN,2022,5,9.375,8
MIN,2022,6,4.285714285714286,14
MIN,2022,8,5.6923076923076925,13
MIN,2022,9,6.636363636363637,11
MIN,2022,10,6.916666666666667,12
MIN,2022,11,6.2,10
MIN,2022,12,7.777777777777778,9
MIN,2022,13,6.545454545454546,11
MIN,2022,14,6.090909090909091,11
MIN,2022,15,5.166666666666667,18
MIN,2022,16,6.416666666666667,12
MIN,2022,17,5.636363636363637,11
MIN,2022,18,7.5,10
MIN,2022,19,7.5,8
MIN,2023,1,6.2727272727272725,11
MIN,2023,2,5.2727272727272725,11
MIN,2023,3,7.454545454545454,11
MIN,2023,4,5.333333333333333,9
MIN,2023,5,8.75,8
MIN,2023,6,5.636363636363637,11
MIN,2023,7,8.625,8
MIN,2023,8,8.0,9
MIN,2023,9,6.583333333333333,12
MIN,2023,10,6.416666666666667,12
MIN,2023,11,7.4,10
MIN,2023,12,5.0,11
MIN,2023,14,7.454545454545454,11
MIN,2023,15,7.1,10
MIN,2023,16,5.3,10
MIN,2023,17,5.6,10
MIN,2023,18,6.909090909090909,11
MIN,2024,1,6.0,9
MIN,2024,2,5.7,10
MIN,2024,3,6.5,10
MIN,2024,4,5.153846153846154,13
MIN,2024,5,5.916666666666667,12
MIN,2024,7,5.2727272727272725,11
MIN,2024,8,6.0,9
MIN,2024,9,7.4,10
MIN,2024,10,8.6,10
MIN,2024,11,6.545454545454546,11
MIN,2024,12,6.0,12
MIN,2024,13,6.222222222222222,9
MIN,2024,14,6.222222222222222,9
MIN,2024,15,7.7,10
MIN,2024,16,6.090909090909091,11
MIN,2024,17,6.636363636363637,11
MIN,2024,18,6.8,10
MIN,2024,19,7.5,10
MIN,2025,1,4.615384615384615,13
MIN,2025,2,5.2,10
MIN,2025,3,5.416666666666667,12
MIN,2025,4,7.7,10
MIN,2025,5,6.0,11
MIN,2025,7,8.11111111111111,9
MIN,2025,8,5.3,10
NE,2022,1,7.0,8
NE,2022,2,6.9,10
NE,2022,3,5.666666666666667,12
NE,2022,4,6.0,11
NE,2022,5,6.777777777777778,9
NE,2022,6,5.230769230769231,13
NE,2022,7,5.1,10
NE,2022,8,6.75,12
NE,2022,9,5.538461538461538,13
NE,2022,11,6.2727272727272725,11
NE,2022,12,5.545454545454546,11
NE,2022,13,6.555555555555555,9
NE,2022,14,5.166666666666667,12
NE,2022,15,6.545454545454546,11
NE,2022,16,5.2727272727272725,11
NE,2022,17,6.1,10
NE,2022,18,5.75,12
NE,2023,1,6.461538461538462,13
NE,2023,2,7.5,10
NE,2023,3,6.230769230769231,13
NE,2023,4,5.636363636363637,11
NE,2023,5,4.285714285714286,14
NE,2023,6,7.375,8
NE,2023,7,6.777777777777778,9
NE,2023,8,5.6,10
NE,2023,9,6.2727272727272725,11
NE,2023,10,7.5,10
NE,2023,12,6.25,12
NE,2023,13,6.2727272727272725,11
NE,2023,14,4.923076923076923,13
NE,2023,15,4.214285714285714,14
NE,2023,16,5.0,13
NE,2023,17,4.75,12
NE,2023,18,4.533333333333333,15
NE,2024,1,6.9,10
NE,2024,2,6.818181818181818,11
NE,2024,3,6.0,9
NE,2024,4,5.666666666666667,12
NE,2024,5,5.636363636363637,11
NE,2024,6,4.928571428571429,14
NE,2024,7,6.666666666666667,9
NE,2024,8,7.0,10
NE,2024,9,6.363636363636363,11
NE,2024,10,6.2727272727272725,11
NE,2024,11,8.555555555555555,9
NE,2024,12,6.181818181818182,11
NE,2024,13,8.0,9
NE,2024,15,5.888888888888889,9
NE,2024,16,7.1,10
NE,2024,17,5.2,10
NE,2024,18,7.111111111111111,9
NE,2025,1,7.0,11
NE,2025,2,8.142857142857142,7
NE,2025,3,8.0,9
NE,2025,4,5.444444444444445,9
NE,2025,5,6.3,10
NE,2025,6,6.666666666666667,9
NE,2025,7,7.444444444444445,9
NE,2025,8,5.666666666666667,12
NO,2022,1,5.416666666666667,12
NO,2022,2,5.538461538461538,13
NO,2022,3,5.538461538461538,13
NO,2022,4,6.4,10
NO,2022,5,5.769230769230769,13
NO,2022,6,7.8,10
NO,2022,7,6.7272727272727275,11
NO,2022,8,8.375,8
NO,2022,9,5.6,10
NO,2022,10,5.1,10
NO,2022,11,6.1,10
NO,2022,12,6.444444444444445,9
NO,2022,13,5.909090909090909,11
NO,2022,15,6.444444444444445,9
NO,2022,16,6.0,10
NO,2022,17,6.545454545454546,11
NO,2022,18,6.5,10
NO,2023,1,6.363636363636363,11
NO,2023,2,7.090909090909091,11
NO,2023,3,6.9,10
NO,2023,4,6.7,10
NO,2023,5,6.25,12
NO,2023,6,8.5,10
NO,2023,7,6.857142857142857,14
NO,2023,8,6.363636363636363,11
NO,2023,9,5.583333333333333,12
NO,2023,10,5.384615384615385,13
NO,2023,12,8.11111111111111,9
NO,2023,13,6.363636363636363,11
NO,2023,14,5.090909090909091,11
NO,2023,15,7.5,8
NO,2023,16,6.0,10
NO,2023,17,6.909090909090909,11
NO,2023,18,6.0,12
NO,2024,1,6.181818181818182,11
NO,2024,2,5.5,10
NO,2024,3,6.777777777777778,9
NO,2024,4,8.222222222222221,9
NO,2024,5,6.111111111111111,9
NO,2024,6,5.285714285714286,14
NO,2024,7,6.0,12
NO,2024,8,6.153846153846154,13
NO,2024,9,7.454545454545454,11
NO,2024,10,5.8,10
NO,2024,11,5.9,10
NO,2024,13,9.375,8
NO,2024,14,5.6923076923076925,13
NO,2024,15,6.333333333333333,9
NO,2024,16,6.333333333333333,9
NO,2024,17,5.545454545454546,11
NO,2024,18,7.777777777777778,9
NO,2025,1,7.4,10
NO,2025,2,6.545454545454546,11
NO,2025,3,6.583333333333333,12
NO,2025,4,7.1,10
NO,2025,5,7.666666666666667,9
NO,2025,6,6.333333333333333,9
NO,2025,7,5.181818181818182,11
NO,2025,8,6.7272727272727275,11
NYG,2022,1,5.5,12
NYG,2022,2,6.416666666666667,12
NYG,2022,3,7.4,10
NYG,2022,4,6.2727272727272725,11
NYG,2022,5,7.5,8
NYG,2022,6,6.4,10
NYG,2022,7,9.375,8
NYG,2022,8,6.545454545454546,11
NYG,2022,10,6.636363636363637,11
NYG,2022,11,7.0,11
NYG,2022,12,6.2,10
NYG,2022,13,5.538461538461538,13
NYG,2022,14,6.2727272727272725,11
NYG,2022,15,8.25,8
NYG,2022,16,6.7272727272727275,11
NYG,2022,17,7.875,8
NYG,2022,18,7.1,10
NYG,2022,19,8.375,8
NYG,2022,20,5.7,10
NYG,2023,1,5.833333333333333,12
NYG,2023,2,7.1,10
NYG,2023,3,5.5,10
NYG,2023,4,6.666666666666667,12
NYG,2023,5,8.444444444444445,9
NYG,2023,6,7.8,10
NYG,2023,7,5.461538461538462,13
NYG,2023,8,5.0588235294117645,17
NYG,2023,9,5.583333333333333,12
NYG,2023,10,5.166666666666667,12
NYG,2023,11,5.166666666666667,12
NYG,2023,12,5.2727272727272725,11
NYG,2023,14,5.454545454545454,11
NYG,2023,15,7.444444444444445,9
NYG,2023,16,6.2,10
NYG,2023,17,5.6923076923076925,13
NYG,2023,18,6.166666666666667,12
NYG,2024,1,6.909090909090909,11
NYG,2024,2,7.857142857142857,7
NYG,2024,3,5.6923076923076925,13
NYG,2024,4,8.75,8
NYG,2024,5,7.6,10
NYG,2024,6,7.7,10
NYG,2024,7,5.076923076923077,13
NYG,2024,8,6.909090909090909,11
NYG,2024,9,9.142857142857142,7
NYG,2024,10,6.5,12
NYG,2024,12,6.555555555555555,9
NYG,2024,13,5.5,12
NYG,2024,14,6.461538461538462,13
NYG,2024,15,7.75,8
NYG,2024,16,5.454545454545454,11
NYG,2024,17,5.3,10
NYG,2024,18,6.555555555555555,9
NYG,2025,1,7.777777777777778,9
NYG,2025,2,5.916666666666667,12
NYG,2025,3,7.111111111111111,9
NYG,2025,4,7.0,11
NYG,2025,5,7.1,10
NYG,2025,6,6.8,10
NYG,2025,7,6.333333333333333,12
NYG,2025,8,6.875,8
NYJ,2022,1,7.25,12
NYJ,2022,2,7.1,10
NYJ,2022,3,6.916666666666667,12
NYJ,2022,4,6.636363636363637,11
NYJ,2022,5,5.2727272727272725,11
NYJ,2022,6,5.363636363636363,11
NYJ,2022,7,5.25,12
NYJ,2022,8,5.333333333333333,12
NYJ,2022,9,8.125,8
NYJ,2022,11,5.0,12
NYJ,2022,12,6.4,10
NYJ,2022,13,7.5,12
NYJ,2022,14,6.230769230769231,13
NYJ,2022,15,6.2727272727272725,11
NYJ,2022,16,6.2,10
NYJ,2022,17,6.083333333333333,12
NYJ,2022,18,6.777777777777778,9
NYJ,2023,1,6.444444444444445,9
NYJ,2023,2,4.636363636363637,11
NYJ,2023,3,5.3076923076923075,13
NYJ,2023,4,5.909090909090909,11
NYJ,2023,5,6.363636363636363,11
NYJ,2023,6,6.6,10
NYJ,2023,8,4.352941176470588,17
NYJ,2023,9,6.615384615384615,13
NYJ,2023,10,6.545454545454546,11
NYJ,2023,11,6.1,10
NYJ,2023,12,6.1,10
NYJ,2023,13,5.846153846153846,13
NYJ,2023,14,6.083333333333333,12
NYJ,2023,15,5.454545454545454,11
NYJ,2023,16,5.875,16
NYJ,2023,17,6.333333333333333,12
NYJ,2023,18,5.357142857142857,14
NYJ,2024,1,5.888888888888889,9
NYJ,2024,2,6.2,10
NYJ,2024,3,9.375,8
NYJ,2024,4,6.230769230769231,13
NYJ,2024,5,6.0,13
NYJ,2024,6,7.222222222222222,9
NYJ,2024,7,5.083333333333333,12
NYJ,2024,8,6.4,10
NYJ,2024,9,6.555555555555555,9
NYJ,2024,10,9.833333333333334,6
NYJ,2024,11,4.916666666666667,12
NYJ,2024,13,6.0,11
NYJ,2024,14,7.666666666666667,9
NYJ,2024,15,6.555555555555555,9
NYJ,2024,16,9.285714285714286,7
NYJ,2024,17,6.2,10
NYJ,2024,18,5.666666666666667,12
NYJ,2025,1,6.8,10
NYJ,2025,2,5.5,10
NYJ,2025,3,6.5,10
NYJ,2025,4,6.888888888888889,9
NYJ,2025,5,7.181818181818182,11
NYJ,2025,6,5.583333333333333,12
NYJ,2025,7,6.090909090909091,11
NYJ,2025,8,7.5,10
PHI,2022,1,7.5,10
PHI,2022,2,7.4,10
PHI,2022,3,5.615384615384615,13
PHI,2022,4,7.181818181818182,11
PHI,2022,5,9.5,8
PHI,2022,6,6.636363636363637,11
PHI,2022,8,5.6,10
PHI,2022,9,6.5,10
PHI,2022,10,5.0,10
PHI,2022,11,6.4,10
PHI,2022,12,7.363636363636363,11
PHI,2022,13,6.545454545454546,11
PHI,2022,14,6.2727272727272725,11
PHI,2022,15,6.166666666666667,12
PHI,2022,16,7.0,10
PHI,2022,17,5.0,12
PHI,2022,18,8.333333333333334,9
PHI,2022,20,8.0,9
PHI,2022,21,7.3,10
PHI,2022,22,7.7,10
PHI,2023,1,5.666666666666667,12
PHI,2023,2,6.833333333333333,12
PHI,2023,3,8.2,10
PHI,2023,4,7.5,10
PHI,2023,5,10.25,8
PHI,2023,6,7.2,10
PHI,2023,7,6.7,10
PHI,2023,8,6.3,10
PHI,2023,9,7.111111111111111,9
PHI,2023,11,5.2727272727272725,11
PHI,2023,12,5.384615384615385,13
PHI,2023,13,8.333333333333334,9
PHI,2023,14,6.111111111111111,9
PHI,2023,15,7.5,10
PHI,2023,16,8.0,10
PHI,2023,17,7.142857142857143,7
PHI,2023,18,5.384615384615385,13
PHI,2023,19,5.363636363636363,11
PHI,2024,1,7.0,11
PHI,2024,2,9.0,8
PHI,2024,3,7.555555555555555,9
PHI,2024,4,6.666666666666667,9
PHI,2024,6,7.111111111111111,9
PHI,2024,7,6.0,12
PHI,2024,8,7.875,8
PHI,2024,9,6.5,12
PHI,2024,10,5.384615384615385,13
PHI,2024,11,7.6,10
PHI,2024,12,7.777777777777778,9
PHI,2024,13,5.9,10
PHI,2024,14,7.625,8
PHI,2024,15,8.555555555555555,9
PHI,2024,16,6.153846153846154,13
PHI,2024,17,7.111111111111111,9
PHI,2024,18,8.11111111111111,9
PHI,2024,19,5.818181818181818,11
PHI,2024,20,5.583333333333333,12
PHI,2024,21,6.181818181818182,11
PHI,2024,22,6.083333333333333,12
PHI,2025,1,7.875,8
PHI,2025,2,6.3,10
PHI,2025,3,6.7,10
PHI,2025,4,5.5,12
PHI,2025,5,5.636363636363637,11
PHI,2025,6,6.1,10
PHI,2025,7,5.777777777777778,9
PHI,2025,8,6.333333333333333,9
PIT,2022,1,5.461538461538462,13
PIT,2022,2,7.222222222222222,9
PIT,2022,3,5.636363636363637,11
PIT,2022,4,5.5,12
PIT,2022,5,7.181818181818182,11
PIT,2022,6,6.6,10
PIT,2022,7,6.818181818181818,11
PIT,2022,8,7.6,10
PIT,2022,10,7.7272727272727275,11
PIT,2022,11,5.923076923076923,13
PIT,2022,12,8.222222222222221,9
PIT,2022,13,8.75,8
PIT,2022,14,6.333333333333333,9
PIT,2022,15,8.875,8
PIT,2022,16,7.3,10
PIT,2022,17,10.571428571428571,7
PIT,2022,18,8.11111111111111,9
PIT,2023,1,6.0,11
PIT,2023,2,5.0,12
PIT,2023,3,5.666666666666667,12
PIT,2023,4,6.3,10
PIT,2023,5,7.0,10
PIT,2023,7,5.8,10
PIT,2023,8,5.916666666666667,12
PIT,2023,9,8.125,8
PIT,2023,10,6.8,10
PIT,2023,11,5.5,12
PIT,2023,12,8.0,9
PIT,2023,13,7.0,9
PIT,2023,14,5.615384615384615,13
PIT,2023,15,4.833333333333333,12
PIT,2023,16,5.909090909090909,11
PIT,2023,17,7.4,10
PIT,2023,18,6.181818181818182,11
PIT,2023,19,6.090909090909091,11
PIT,2024,1,7.5,10
PIT,2024,2,6.181818181818182,11
PIT,2024,3,6.9,10
PIT,2024,4,6.454545454545454,11
PIT,2024,5,6.3,10
PIT,2024,6,6.181818181818182,11
PIT,2024,7,6.636363636363637,11
PIT,2024,8,6.8,10
PIT,2024,10,5.923076923076923,13
PIT,2024,11,6.3076923076923075,13
PIT,2024,12,6.545454545454546,11
PIT,2024,13,6.2727272727272725,11
PIT,2024,14,4.857142857142857,14
PIT,2024,15,5.333333333333333,9
PIT,2024,16,5.909090909090909,11
PIT,2024,17,7.090909090909091,11
PIT,2024,18,5.818181818181818,11
PIT,2024,19,6.125,8
PIT,2025,1,5.9,10
PIT,2025,2,5.583333333333333,12
PIT,2025,3,6.25,8
PIT,2025,4,6.222222222222222,9
PIT,2025,6,7.625,8
PIT,2025,7,5.7,10
PIT,2025,8,6.0,11
SEA,2022,1,7.0,7
SEA,2022,2,5.777777777777778,9
SEA,2022,3,9.25,8
SEA,2022,4,7.111111111111111,9
SEA,2022,5,4.384615384615385,13
SEA,2022,6,6.333333333333333,12
SEA,2022,7,5.416666666666667,12
SEA,2022,8,5.75,12
SEA,2022,9,6.545454545454546,11
SEA,2022,10,6.333333333333333,9
SEA,2022,12,5.666666666666667,12
SEA,2022,13,6.8,10
SEA,2022,14,5.8,10
SEA,2022,15,6.363636363636363,11
SEA,2022,16,6.583333333333333,12
SEA,2022,17,7.181818181818182,11
SEA,2022,18,6.076923076923077,13
SEA,2022,19,6.9,10
SEA,2023,1,5.888888888888889,9
SEA,2023,2,7.2,10
SEA,2023,3,6.818181818181818,11
SEA,2023,4,5.181818181818182,11
SEA,2023,6,6.818181818181818,11
SEA,2023,7,6.777777777777778,9
SEA,2023,8,5.454545454545454,11
SEA,2023,9,4.909090909090909,11
SEA,2023,10,6.833333333333333,12
SEA,2023,11,6.9,10
SEA,2023,12,6.2,10
SEA,2023,13,6.4,10
SEA,2023,14,5.25,12
SEA,2023,15,7.222222222222222,9
SEA,2023,16,9.142857142857142,7
SEA,2023,17,6.111111111111111,9
SEA,2023,18,6.777777777777778,9
SEA,2024,1,5.0,13
SEA,2024,2,6.545454545454546,11
SEA,2024,3,5.333333333333333,12
SEA,2024,4,7.545454545454546,11
SEA,2024,5,5.909090909090909,11
SEA,2024,6,7.7,10
SEA,2024,7,6.888888888888889,9
SEA,2024,8,6.375,8
SEA,2024,9,5.714285714285714,14
SEA,2024,11,7.875,8
SEA,2024,12,7.222222222222222,9
SEA,2024,13,7.625,8
SEA,2024,14,6.2727272727272725,11
SEA,2024,15,5.333333333333333,12
SEA,2024,16,5.583333333333333,12
SEA,2024,17,6.444444444444445,9
SEA,2024,18,6.444444444444445,9
SEA,2025,1,5.6,10
SEA,2025,2,6.363636363636363,11
SEA,2025,3,5.2727272727272725,11
SEA,2025,4,7.1,10
SEA,2025,5,6.222222222222222,9
SEA,2025,6,5.0,12
SEA,2025,7,4.8,15
SF,2022,1,6.545454545454546,11
SF,2022,2,7.6,10
SF,2022,3,4.285714285714286,14
SF,2022,4,6.111111111111111,9
SF,2022,5,7.0,9
SF,2022,6,6.0,10
SF,2022,7,7.5,10
SF,2022,8,7.0,8
SF,2022,10,7.6,10
SF,2022,11,5.454545454545454,11
SF,2022,12,7.888888888888889,9
SF,2022,13,7.636363636363637,11
SF,2022,14,5.545454545454546,11
SF,2022,15,5.909090909090909,11
SF,2022,16,4.666666666666667,12
SF,2022,17,6.0,11
SF,2022,18,5.583333333333333,12
SF,2022,19,6.9,10
SF,2022,20,7.888888888888889,9
SF,2022,21,4.9,10
SF,2023,1,6.9,10
SF,2023,2,6.1,10
SF,2023,3,8.1,10
SF,2023,4,8.666666666666666,6
SF,2023,5,5.833333333333333,12
SF,2023,6,5.166666666666667,12
SF,2023,7,6.75,8
SF,2023,8,5.454545454545454,11
SF,2023,10,6.2,10
SF,2023,11,6.888888888888889,9
SF,2023,12,5.75,12
SF,2023,13,6.444444444444445,9
SF,2023,14,4.75,12
SF,2023,15,6.0,9
SF,2023,16,6.454545454545454,11
SF,2023,17,8.75,8
SF,2023,18,7.625,8
SF,2023,20,7.555555555555555,9
SF,2023,21,6.8,10
SF,2023,22,6.5,12
SF,2024,1,8.444444444444445,9
SF,2024,2,7.1,10
SF,2024,3,7.666666666666667,9
SF,2024,4,6.5,10
SF,2024,5,7.444444444444445,9
SF,2024,6,6.181818181818182,11
SF,2024,7,5.7272727272727275,11
SF,2024,8,5.833333333333333,12
SF,2024,10,7.333333333333333,9
SF,2024,11,6.777777777777778,9
SF,2024,12,4.545454545454546,11
SF,2024,13,5.777777777777778,9
SF,2024,14,7.0,9
SF,2024,15,5.636363636363637,11
SF,2024,16,6.5,10
SF,2024,17,6.777777777777778,9
SF,2024,18,6.25,12
SF,2025,1,8.333333333333334,9
SF,2025,2,7.0,10
SF,2025,3,6.6,10
SF,2025,4,6.181818181818182,11
SF,2025,5,9.0,10
SF,2025,6,7.3,10
SF,2025,7,7.666666666666667,9
SF,2025,8,5.555555555555555,9
TB,2022,1,6.8,10
TB,2022,2,6.454545454545454,11
TB,2022,3,6.090909090909091,11
TB,2022,4,6.3,10
TB,2022,5,7.9,10
TB,2022,6,7.7,10
TB,2022,7,6.636363636363637,11
TB,2022,8,7.0,10
TB,2022,9,6.769230769230769,13
TB,2022,10,7.888888888888889,9
TB,2022,12,5.846153846153846,13
TB,2022,13,8.0,10
TB,2022,14,7.7,10
TB,2022,15,6.7272727272727275,11
TB,2022,16,6.615384615384615,13
TB,2022,17,6.384615384615385,13
TB,2022,18,5.454545454545454,11
TB,2022,19,7.909090909090909,11
TB,2023,1,6.083333333333333,12
TB,2023,2,8.11111111111111,9
TB,2023,3,5.555555555555555,9
TB,2023,4,6.454545454545454,11
TB,2023,6,6.2,10
TB,2023,7,7.666666666666667,9
TB,2023,8,6.363636363636363,11
TB,2023,9,5.833333333333333,12
TB,2023,10,6.7,10
TB,2023,11,7.666666666666667,9
TB,2023,12,6.2,10
TB,2023,13,4.923076923076923,13
TB,2023,14,6.25,12
TB,2023,15,6.777777777777778,9
TB,2023,16,7.5,10
TB,2023,17,5.0,11
TB,2023,18,7.0,10
TB,2023,19,7.5,10
TB,2023,20,6.090909090909091,11
TB,2024,1,7.875,8
TB,2024,2,5.3,10
TB,2024,3,6.0,10
TB,2024,4,7.181818181818182,11
TB,2024,5,6.111111111111111,9
TB,2024,6,5.5,14
TB,2024,7,7.545454545454546,11
TB,2024,8,7.2,10
TB,2024,9,6.444444444444445,9
TB,2024,10,6.6,10
TB,2024,12,7.222222222222222,9
TB,2024,13,6.142857142857143,14
TB,2024,14,6.2,10
TB,2024,15,6.454545454545454,11
TB,2024,16,6.818181818181818,11
TB,2024,17,8.222222222222221,9
TB,2024,18,7.444444444444445,9
TB,2024,19,6.857142857142857,7
TB,2025,1,6.777777777777778,9
TB,2025,2,8.0,10
TB,2025,3,6.636363636363637,11
TB,2025,4,5.6923076923076925,13
TB,2025,5,7.0,9
TB,2025,6,6.111111111111111,9
TB,2025,7,5.615384615384615,13
TB,2025,8,6.888888888888889,9
TEN,2022,1,6.181818181818182,11
TEN,2022,2,5.363636363636363,11
TEN,2022,3,6.333333333333333,9
TEN,2022,4,5.4,10
TEN,2022,5,5.833333333333333,12
TEN,2022,7,6.2,10
TEN,2022,8,6.4,10
TEN,2022,9,4.666666666666667,12
TEN,2022,10,5.3076923076923075,13
TEN,2022,11,6.4,10
TEN,2022,12,6.5,10
TEN,2022,13,5.545454545454546,11
TEN,2022,14,5.5,12
TEN,2022,15,5.818181818181818,11
TEN,2022,16,5.333333333333333,12
TEN,2022,17,6.0,12
TEN,2022,18,7.8,10
TEN,2023,1,5.583333333333333,12
TEN,2023,2,6.363636363636363,11
TEN,2023,3,5.3,10
TEN,2023,4,7.222222222222222,9
TEN,2023,5,8.571428571428571,7
TEN,2023,6,5.4,10
TEN,2023,8,5.538461538461538,13
TEN,2023,9,8.11111111111111,9
TEN,2023,10,6.0,11
TEN,2023,11,5.714285714285714,7
TEN,2023,12,5.7,10
TEN,2023,13,6.357142857142857,14
TEN,2023,14,6.25,12
TEN,2023,15,6.545454545454546,11
TEN,2023,16,8.375,8
TEN,2023,17,5.9,10
TEN,2023,18,6.111111111111111,9
TEN,2024,1,5.230769230769231,13
TEN,2024,2,6.0,11
TEN,2024,3,5.181818181818182,11
TEN,2024,4,5.461538461538462,13
TEN,2024,6,5.545454545454546,11
TEN,2024,7,6.0,12
TEN,2024,8,5.5,14
TEN,2024,9,7.2727272727272725,11
TEN,2024,10,6.333333333333333,9
TEN,2024,11,5.636363636363637,11
TEN,2024,12,5.538461538461538,13
TEN,2024,13,5.7,10
TEN,2024,14,7.444444444444445,9
TEN,2024,15,5.909090909090909,11
TEN,2024,16,5.25,12
TEN,2024,17,8.625,8
TEN,2024,18,6.8,10
TEN,2025,1,4.785714285714286,14
TEN,2025,2,6.636363636363637,11
TEN,2025,3,7.777777777777778,9
TEN,2025,4,5.2,10
TEN,2025,5,5.75,12
TEN,2025,6,6.4,10
TEN,2025,7,5.6,10
TEN,2025,8,6.545454545454546,11
WAS,2022,1,6.545454545454546,11
WAS,2022,2,5.714285714285714,14
WAS,2022,3,6.916666666666667,12
WAS,2022,4,6.0,13
WAS,2022,5,5.818181818181818,11
WAS,2022,6,5.7272727272727275,11
WAS,2022,7,7.2727272727272725,11
WAS,2022,8,6.181818181818182,11
WAS,2022,9,6.0,11
WAS,2022,10,8.3,10
WAS,2022,11,7.5,10
WAS,2022,12,7.111111111111111,9
WAS,2022,13,7.5,12
WAS,2022,15,6.4,10
WAS,2022,16,6.166666666666667,12
WAS,2022,17,7.1,10
WAS,2022,18,5.214285714285714,14
WAS,2023,1,5.615384615384615,13
WAS,2023,2,6.7272727272727275,11
WAS,2023,3,5.0,11
WAS,2023,4,8.0,10
WAS,2023,5,6.083333333333333,12
WAS,2023,6,5.0,11
WAS,2023,7,5.571428571428571,14
WAS,2023,8,6.545454545454546,11
WAS,2023,9,7.545454545454546,11
WAS,2023,10,6.181818181818182,11
WAS,2023,11,6.230769230769231,13
WAS,2023,12,7.181818181818182,11
WAS,2023,13,5.545454545454546,11
WAS,2023,15,5.7272727272727275,11
WAS,2023,16,4.4,15
WAS,2023,17,5.222222222222222,9
WAS,2023,18,5.666666666666667,9
WAS,2024,1,7.625,8
WAS,2024,2,10.571428571428571,7
WAS,2024,3,9.333333333333334,6
WAS,2024,4,7.888888888888889,9
WAS,2024,5,5.916666666666667,12
WAS,2024,6,7.0,9
WAS,2024,7,7.333333333333333,9
WAS,2024,8,6.833333333333333,12
WAS,2024,9,7.625,8
WAS,2024,10,5.583333333333333,12
WAS,2024,11,6.363636363636363,11
WAS,2024,12,5.066666666666666,15
WAS,2024,13,6.583333333333333,12
WAS,2024,15,8.88888888888889,9
WAS,2024,16,5.076923076923077,13
WAS,2024,17,8.88888888888889,9
WAS,2024,18,6.666666666666667,9
WAS,2024,19,10.0,7
WAS,2024,20,8.222222222222221,9
WAS,2024,21,7.545454545454546,11
WAS,2025,1,6.7,10
WAS,2025,2,6.454545454545454,11
WAS,2025,3,5.363636363636363,11
WAS,2025,4,6.333333333333333,9
WAS,2025,5,7.25,8
WAS,2025,6,6.888888888888889,9
WAS,2025,7,5.75,12
WAS,2025,8,6.875,8
