game_id,season,week,gameday,away_team,home_team,away_ol_grade,home_ol_grade,away_dl_grade,home_dl_grade,pressure_edge_away,pressure_edge_home,net_pressure_advantage,spread_line,total_line,away_score,home_score,actual_spread,point_differential,spread_result,total_result
2022_01_BUF_LA,2022,1,2022-09-08,BUF,LA,64.1,62.0,78.8,67.1,16.799999999999997,3.0,-13.799999999999997,-1.0,51.5,31.0,10.0,-21.0,-21.0,AWAY_COVER,UNDER
2022_01_NO_ATL,2022,1,2022-09-11,NO,ATL,61.7,73.2,67.0,54.1,-6.200000000000003,-7.600000000000001,-1.3999999999999986,-6.0,43.5,27.0,26.0,-1.0,-1.0,HOME_COVER,OVER
2022_01_SF_CHI,2022,1,2022-09-11,SF,CHI,74.4,68.2,76.4,52.2,8.200000000000003,-22.200000000000003,-30.400000000000006,-6.5,38.0,10.0,19.0,9.0,9.0,HOME_COVER,UNDER
2022_01_PIT_CIN,2022,1,2022-09-11,PIT,CIN,69.5,56.1,67.6,70.8,11.499999999999993,1.2999999999999972,-10.199999999999996,7.5,44.5,23.0,20.0,-3.0,-3.0,AWAY_COVER,UNDER
2022_01_PHI_DET,2022,1,2022-09-11,PHI,DET,84.9,63.4,90.1,71.2,26.699999999999996,-13.700000000000003,-40.4,-6.0,49.0,38.0,35.0,-3.0,-3.0,HOME_COVER,OVER
2022_01_NE_MIA,2022,1,2022-09-11,NE,MIA,72.5,59.2,73.5,80.4,14.299999999999997,7.900000000000006,-6.3999999999999915,3.0,47.0,7.0,20.0,13.0,13.0,HOME_COVER,UNDER
2022_01_JAX_WAS,2022,1,2022-09-11,JAX,WAS,72.8,61.7,76.5,71.9,14.799999999999997,-0.8999999999999915,-15.699999999999989,3.0,43.5,22.0,28.0,6.0,6.0,HOME_COVER,OVER
2022_01_LV_LAC,2022,1,2022-09-11,LV,LAC,73.0,67.0,69.4,68.2,2.4000000000000057,-4.799999999999997,-7.200000000000003,3.5,52.5,19.0,24.0,5.0,5.0,HOME_COVER,UNDER
2022_01_GB_MIN,2022,1,2022-09-11,GB,MIN,77.6,66.6,71.5,75.2,4.900000000000006,-2.3999999999999915,-7.299999999999997,2.5,47.0,7.0,23.0,16.0,16.0,HOME_COVER,UNDER
2022_01_NYG_TEN,2022,1,2022-09-11,NYG,TEN,62.0,52.4,68.8,71.8,16.4,9.799999999999997,-6.600000000000001,5.5,43.5,21.0,20.0,-1.0,-1.0,AWAY_COVER,UNDER
2022_01_TB_DAL,2022,1,2022-09-11,TB,DAL,75.0,69.6,64.3,84.5,-5.299999999999997,9.5,14.799999999999997,-2.5,49.5,19.0,3.0,-16.0,-16.0,AWAY_COVER,UNDER
2022_01_DEN_SEA,2022,1,2022-09-12,DEN,SEA,66.9,64.2,66.4,65.1,2.200000000000003,-1.8000000000000114,-4.000000000000014,-6.0,44.0,16.0,17.0,1.0,1.0,HOME_COVER,UNDER
2022_02_LAC_KC,2022,2,2022-09-15,LAC,KC,67.0,73.6,68.2,75.3,-5.3999999999999915,8.299999999999997,13.699999999999989,4.0,52.5,24.0,27.0,3.0,3.0,AWAY_COVER,UNDER
2022_02_WAS_DET,2022,2,2022-09-18,WAS,DET,61.7,63.4,71.9,71.2,8.500000000000007,9.5,0.9999999999999929,-1.0,48.5,27.0,36.0,9.0,9.0,HOME_COVER,OVER
2022_02_IND_JAX,2022,2,2022-09-18,IND,JAX,62.9,72.8,62.5,76.5,-10.299999999999997,13.600000000000001,23.9,-3.0,43.5,0.0,24.0,24.0,24.0,HOME_COVER,UNDER
2022_02_TB_NO,2022,2,2022-09-18,TB,NO,75.0,61.7,64.3,67.0,2.5999999999999943,-8.0,-10.599999999999994,-2.5,44.0,20.0,10.0,-10.0,-10.0,AWAY_COVER,UNDER
2022_02_CAR_NYG,2022,2,2022-09-18,CAR,NYG,72.8,62.0,68.2,68.8,6.200000000000003,-4.0,-10.200000000000003,-1.0,44.0,16.0,19.0,3.0,3.0,HOME_COVER,UNDER
2022_02_NE_PIT,2022,2,2022-09-18,NE,PIT,72.5,69.5,73.5,67.6,4.0,-4.900000000000006,-8.900000000000006,-3.0,40.0,17.0,14.0,-3.0,-3.0,AWAY_COVER,UNDER
2022_02_ATL_LA,2022,2,2022-09-18,ATL,LA,73.2,62.0,54.1,67.1,-7.899999999999999,-6.1000000000000085,1.79999999999999,10.5,46.5,27.0,31.0,4.0,4.0,AWAY_COVER,OVER
2022_02_SEA_SF,2022,2,2022-09-18,SEA,SF,64.2,74.4,65.1,76.4,-9.300000000000011,12.200000000000003,21.500000000000014,8.5,40.0,7.0,27.0,20.0,20.0,HOME_COVER,UNDER
2022_02_CIN_DAL,2022,2,2022-09-18,CIN,DAL,56.1,69.6,70.8,84.5,1.2000000000000028,28.4,27.199999999999996,-7.5,42.0,17.0,20.0,3.0,3.0,HOME_COVER,UNDER
2022_02_CHI_GB,2022,2,2022-09-18,CHI,GB,68.2,77.6,52.2,71.5,-25.39999999999999,3.299999999999997,28.69999999999999,10.5,42.0,10.0,27.0,17.0,17.0,HOME_COVER,UNDER
2022_02_TEN_BUF,2022,2,2022-09-19,TEN,BUF,52.4,64.1,71.8,78.8,7.700000000000003,26.4,18.699999999999996,10.0,47.5,7.0,41.0,34.0,34.0,HOME_COVER,OVER
2022_02_MIN_PHI,2022,2,2022-09-19,MIN,PHI,66.6,84.9,75.2,90.1,-9.700000000000003,23.5,33.2,2.5,49.5,7.0,24.0,17.0,17.0,HOME_COVER,UNDER
2022_03_NO_CAR,2022,3,2022-09-25,NO,CAR,61.7,72.8,67.0,68.2,-5.799999999999997,6.5,12.299999999999997,-2.0,41.0,14.0,22.0,8.0,8.0,HOME_COVER,UNDER
2022_03_KC_IND,2022,3,2022-09-25,KC,IND,73.6,62.9,75.3,62.5,12.399999999999999,-11.099999999999994,-23.499999999999993,-4.5,51.0,17.0,20.0,3.0,3.0,HOME_COVER,UNDER
2022_03_BUF_MIA,2022,3,2022-09-25,BUF,MIA,64.1,59.2,78.8,80.4,19.599999999999994,16.30000000000001,-3.299999999999983,-4.0,54.0,19.0,21.0,2.0,2.0,HOME_COVER,UNDER
2022_03_DET_MIN,2022,3,2022-09-25,DET,MIN,63.4,66.6,71.2,75.2,4.6000000000000085,11.800000000000004,7.199999999999996,6.5,52.0,24.0,28.0,4.0,4.0,AWAY_COVER,UNDER
2022_03_CIN_NYJ,2022,3,2022-09-25,CIN,NYJ,56.1,59.2,70.8,81.6,11.599999999999994,25.499999999999993,13.899999999999999,-6.5,46.0,27.0,12.0,-15.0,-15.0,AWAY_COVER,UNDER
2022_03_LV_TEN,2022,3,2022-09-25,LV,TEN,73.0,52.4,69.4,71.8,17.000000000000007,-1.2000000000000028,-18.20000000000001,-1.5,45.5,22.0,24.0,2.0,2.0,HOME_COVER,OVER
2022_03_PHI_WAS,2022,3,2022-09-25,PHI,WAS,84.9,61.7,90.1,71.9,28.39999999999999,-13.0,-41.39999999999999,-6.0,47.0,24.0,8.0,-16.0,-16.0,AWAY_COVER,UNDER
2022_03_JAX_LAC,2022,3,2022-09-25,JAX,LAC,72.8,67.0,76.5,68.2,9.5,-4.599999999999994,-14.099999999999994,6.5,46.0,38.0,10.0,-28.0,-28.0,AWAY_COVER,OVER
2022_03_ATL_SEA,2022,3,2022-09-25,ATL,SEA,73.2,64.2,54.1,65.1,-10.100000000000001,-8.100000000000009,1.999999999999993,1.0,43.0,27.0,23.0,-4.0,-4.0,AWAY_COVER,OVER
2022_03_GB_TB,2022,3,2022-09-25,GB,TB,77.6,75.0,71.5,64.3,-3.5,-13.299999999999997,-9.799999999999997,1.0,41.5,14.0,12.0,-2.0,-2.0,AWAY_COVER,UNDER
2022_03_SF_DEN,2022,3,2022-09-25,SF,DEN,74.4,66.9,76.4,66.4,9.5,-8.0,-17.5,-1.0,44.0,10.0,11.0,1.0,1.0,HOME_COVER,UNDER
2022_03_DAL_NYG,2022,3,2022-09-26,DAL,NYG,69.6,62.0,84.5,68.8,22.5,-0.7999999999999972,-23.299999999999997,1.0,38.5,23.0,16.0,-7.0,-7.0,AWAY_COVER,OVER
2022_04_MIA_CIN,2022,4,2022-09-29,MIA,CIN,59.2,56.1,80.4,70.8,24.300000000000004,11.599999999999994,-12.70000000000001,4.0,48.5,15.0,27.0,12.0,12.0,HOME_COVER,UNDER
2022_04_MIN_NO,2022,4,2022-10-02,MIN,NO,66.6,61.7,75.2,67.0,13.5,0.4000000000000057,-13.099999999999994,-4.0,42.0,28.0,25.0,-3.0,-3.0,HOME_COVER,OVER
2022_04_WAS_DAL,2022,4,2022-10-02,WAS,DAL,61.7,69.6,71.9,84.5,2.3000000000000114,22.799999999999997,20.499999999999986,3.0,40.5,10.0,25.0,15.0,15.0,HOME_COVER,UNDER
2022_04_SEA_DET,2022,4,2022-10-02,SEA,DET,64.2,63.4,65.1,71.2,1.6999999999999957,7.0,5.300000000000004,3.0,48.5,48.0,45.0,-3.0,-3.0,AWAY_COVER,OVER
2022_04_TEN_IND,2022,4,2022-10-02,TEN,IND,52.4,62.9,71.8,62.5,8.899999999999999,10.100000000000001,1.2000000000000028,4.5,43.0,24.0,17.0,-7.0,-7.0,AWAY_COVER,UNDER
2022_04_CHI_NYG,2022,4,2022-10-02,CHI,NYG,68.2,62.0,52.2,68.8,-9.799999999999997,0.5999999999999943,10.399999999999991,3.0,39.0,12.0,20.0,8.0,8.0,HOME_COVER,UNDER
2022_04_JAX_PHI,2022,4,2022-10-02,JAX,PHI,72.8,84.9,76.5,90.1,-8.400000000000006,17.299999999999997,25.700000000000003,6.5,44.0,21.0,29.0,8.0,8.0,HOME_COVER,OVER
2022_04_NYJ_PIT,2022,4,2022-10-02,NYJ,PIT,59.2,69.5,81.6,67.6,12.099999999999994,8.399999999999991,-3.700000000000003,3.0,41.0,24.0,20.0,-4.0,-4.0,AWAY_COVER,OVER
2022_04_NE_GB,2022,4,2022-10-02,NE,GB,72.5,77.6,73.5,71.5,-4.099999999999994,-1.0,3.0999999999999943,10.0,40.5,24.0,27.0,3.0,3.0,AWAY_COVER,OVER
2022_04_DEN_LV,2022,4,2022-10-02,DEN,LV,66.9,73.0,66.4,69.4,-6.599999999999994,2.5,9.099999999999994,2.5,45.5,23.0,32.0,9.0,9.0,HOME_COVER,OVER
2022_04_KC_TB,2022,4,2022-10-02,KC,TB,73.6,75.0,75.3,64.3,0.29999999999999716,-9.299999999999997,-9.599999999999994,1.0,46.5,41.0,31.0,-10.0,-10.0,AWAY_COVER,OVER
2022_04_LA_SF,2022,4,2022-10-03,LA,SF,62.0,74.4,67.1,76.4,-7.300000000000011,14.400000000000006,21.700000000000017,1.0,42.0,9.0,24.0,15.0,15.0,HOME_COVER,UNDER
2022_05_IND_DEN,2022,5,2022-10-06,IND,DEN,62.9,66.9,62.5,66.4,-4.400000000000006,3.500000000000007,7.900000000000013,3.5,42.0,12.0,9.0,-3.0,-3.0,AWAY_COVER,UNDER
2022_05_NYG_GB,2022,5,2022-10-09,NYG,GB,62.0,77.6,68.8,71.5,-8.799999999999997,9.5,18.299999999999997,8.5,42.0,27.0,22.0,-5.0,-5.0,AWAY_COVER,OVER
2022_05_PIT_BUF,2022,5,2022-10-09,PIT,BUF,69.5,64.1,67.6,78.8,3.5,9.299999999999997,5.799999999999997,14.0,44.0,3.0,38.0,35.0,35.0,HOME_COVER,UNDER
2022_05_CHI_MIN,2022,5,2022-10-09,CHI,MIN,68.2,66.6,52.2,75.2,-14.399999999999991,7.0,21.39999999999999,10.0,44.0,22.0,29.0,7.0,7.0,AWAY_COVER,OVER
2022_05_DET_NE,2022,5,2022-10-09,DET,NE,63.4,72.5,71.2,73.5,-1.2999999999999972,10.100000000000001,11.399999999999999,3.0,46.5,0.0,29.0,29.0,29.0,HOME_COVER,UNDER
2022_05_SEA_NO,2022,5,2022-10-09,SEA,NO,64.2,61.7,65.1,67.0,3.3999999999999915,2.799999999999997,-0.5999999999999943,5.5,45.5,32.0,39.0,7.0,7.0,HOME_COVER,OVER
2022_05_MIA_NYJ,2022,5,2022-10-09,MIA,NYJ,59.2,59.2,80.4,81.6,21.200000000000003,22.39999999999999,1.1999999999999886,-3.0,46.0,17.0,40.0,23.0,23.0,HOME_COVER,OVER
2022_05_ATL_TB,2022,5,2022-10-09,ATL,TB,73.2,75.0,54.1,64.3,-20.9,-8.900000000000006,11.999999999999993,10.5,46.0,15.0,21.0,6.0,6.0,AWAY_COVER,UNDER
2022_05_TEN_WAS,2022,5,2022-10-09,TEN,WAS,52.4,61.7,71.8,71.9,10.099999999999994,19.500000000000007,9.400000000000013,-1.0,43.0,21.0,17.0,-4.0,-4.0,AWAY_COVER,UNDER
2022_05_SF_CAR,2022,5,2022-10-09,SF,CAR,74.4,72.8,76.4,68.2,3.6000000000000085,-6.200000000000003,-9.800000000000011,-6.0,40.0,37.0,15.0,-22.0,-22.0,AWAY_COVER,OVER
2022_05_DAL_LA,2022,5,2022-10-09,DAL,LA,69.6,62.0,84.5,67.1,22.5,-2.5,-25.0,5.5,42.0,22.0,10.0,-12.0,-12.0,AWAY_COVER,UNDER
2022_05_LV_KC,2022,5,2022-10-10,LV,KC,73.0,73.6,69.4,75.3,-4.199999999999989,2.299999999999997,6.499999999999986,7.5,51.5,29.0,30.0,1.0,1.0,AWAY_COVER,OVER
2022_06_WAS_CHI,2022,6,2022-10-13,WAS,CHI,61.7,68.2,71.9,52.2,3.700000000000003,-9.5,-13.200000000000003,-1.0,38.5,12.0,7.0,-5.0,-5.0,AWAY_COVER,UNDER
2022_06_SF_ATL,2022,6,2022-10-16,SF,ATL,74.4,73.2,76.4,54.1,3.200000000000003,-20.300000000000004,-23.500000000000007,-3.5,46.0,14.0,28.0,14.0,14.0,HOME_COVER,UNDER
2022_06_NYJ_GB,2022,6,2022-10-16,NYJ,GB,59.2,77.6,81.6,71.5,4.0,12.299999999999997,8.299999999999997,7.5,44.5,27.0,10.0,-17.0,-17.0,AWAY_COVER,UNDER
2022_06_JAX_IND,2022,6,2022-10-16,JAX,IND,72.8,62.9,76.5,62.5,13.600000000000001,-10.299999999999997,-23.9,1.0,41.0,27.0,34.0,7.0,7.0,HOME_COVER,OVER
2022_06_MIN_MIA,2022,6,2022-10-16,MIN,MIA,66.6,59.2,75.2,80.4,16.0,13.800000000000011,-2.1999999999999886,-3.0,45.0,24.0,16.0,-8.0,-8.0,AWAY_COVER,UNDER
2022_06_CIN_NO,2022,6,2022-10-16,CIN,NO,56.1,61.7,70.8,67.0,9.099999999999994,10.899999999999999,1.8000000000000043,-3.0,42.5,30.0,26.0,-4.0,-4.0,AWAY_COVER,OVER
2022_06_TB_PIT,2022,6,2022-10-16,TB,PIT,75.0,69.5,64.3,67.6,-5.200000000000003,-7.400000000000006,-2.200000000000003,-10.0,47.0,18.0,20.0,2.0,2.0,HOME_COVER,UNDER
2022_06_CAR_LA,2022,6,2022-10-16,CAR,LA,72.8,62.0,68.2,67.1,6.200000000000003,-5.700000000000003,-11.900000000000006,10.0,41.5,10.0,24.0,14.0,14.0,HOME_COVER,UNDER
2022_06_BUF_KC,2022,6,2022-10-16,BUF,KC,64.1,73.6,78.8,75.3,5.200000000000003,11.200000000000003,6.0,-2.5,54.0,24.0,20.0,-4.0,-4.0,AWAY_COVER,UNDER
2022_06_DAL_PHI,2022,6,2022-10-16,DAL,PHI,69.6,84.9,84.5,90.1,-0.4000000000000057,20.5,20.900000000000006,6.5,42.5,17.0,26.0,9.0,9.0,HOME_COVER,OVER
2022_06_DEN_LAC,2022,6,2022-10-17,DEN,LAC,66.9,67.0,66.4,68.2,-0.5999999999999943,1.2999999999999972,1.8999999999999915,3.5,45.5,16.0,19.0,3.0,3.0,AWAY_COVER,UNDER
2022_07_TB_CAR,2022,7,2022-10-23,TB,CAR,75.0,72.8,64.3,68.2,-8.5,-6.799999999999997,1.7000000000000028,-13.0,39.5,3.0,21.0,18.0,18.0,HOME_COVER,UNDER
2022_07_ATL_CIN,2022,7,2022-10-23,ATL,CIN,73.2,56.1,54.1,70.8,-2.0,-2.4000000000000057,-0.4000000000000057,6.5,47.5,17.0,35.0,18.0,18.0,HOME_COVER,OVER
2022_07_DET_DAL,2022,7,2022-10-23,DET,DAL,63.4,69.6,71.2,84.5,1.6000000000000085,21.1,19.499999999999993,7.0,49.5,6.0,24.0,18.0,18.0,HOME_COVER,UNDER
2022_07_NYG_JAX,2022,7,2022-10-23,NYG,JAX,62.0,72.8,68.8,76.5,-4.0,14.5,18.5,3.0,44.0,23.0,17.0,-6.0,-6.0,AWAY_COVER,UNDER
2022_07_IND_TEN,2022,7,2022-10-23,IND,TEN,62.9,52.4,62.5,71.8,10.100000000000001,8.899999999999999,-1.2000000000000028,2.5,43.0,10.0,19.0,9.0,9.0,HOME_COVER,UNDER
2022_07_GB_WAS,2022,7,2022-10-23,GB,WAS,77.6,61.7,71.5,71.9,9.799999999999997,-5.699999999999989,-15.499999999999986,-4.0,41.5,21.0,23.0,2.0,2.0,HOME_COVER,OVER
2022_07_NYJ_DEN,2022,7,2022-10-23,NYJ,DEN,59.2,66.9,81.6,66.4,14.699999999999989,7.200000000000003,-7.499999999999986,-2.0,37.0,16.0,9.0,-7.0,-7.0,AWAY_COVER,UNDER
2022_07_SEA_LAC,2022,7,2022-10-23,SEA,LAC,64.2,67.0,65.1,68.2,-1.9000000000000057,4.0,5.900000000000006,5.5,51.5,37.0,23.0,-14.0,-14.0,AWAY_COVER,OVER
2022_07_KC_SF,2022,7,2022-10-23,KC,SF,73.6,74.4,75.3,76.4,0.8999999999999915,2.8000000000000114,1.90000000000002,-1.0,49.0,44.0,23.0,-21.0,-21.0,AWAY_COVER,OVER
2022_07_PIT_MIA,2022,7,2022-10-23,PIT,MIA,69.5,59.2,67.6,80.4,8.399999999999991,10.900000000000006,2.500000000000014,7.5,44.5,10.0,16.0,6.0,6.0,AWAY_COVER,UNDER
2022_07_CHI_NE,2022,7,2022-10-24,CHI,NE,68.2,72.5,52.2,73.5,-20.299999999999997,5.299999999999997,25.599999999999994,9.5,40.0,33.0,14.0,-19.0,-19.0,AWAY_COVER,OVER
2022_08_DEN_JAX,2022,8,2022-10-30,DEN,JAX,66.9,72.8,66.4,76.5,-6.3999999999999915,9.599999999999994,15.999999999999986,1.0,41.0,21.0,17.0,-4.0,-4.0,AWAY_COVER,UNDER
2022_08_CAR_ATL,2022,8,2022-10-30,CAR,ATL,72.8,73.2,68.2,54.1,-5.0,-18.699999999999996,-13.699999999999996,4.5,41.0,34.0,37.0,3.0,3.0,AWAY_COVER,OVER
2022_08_CHI_DAL,2022,8,2022-10-30,CHI,DAL,68.2,69.6,52.2,84.5,-17.39999999999999,16.299999999999997,33.69999999999999,10.5,43.0,29.0,49.0,20.0,20.0,HOME_COVER,OVER
2022_08_MIA_DET,2022,8,2022-10-30,MIA,DET,59.2,63.4,80.4,71.2,17.000000000000007,12.0,-5.000000000000007,-3.5,52.0,31.0,27.0,-4.0,-4.0,AWAY_COVER,OVER
2022_08_LV_NO,2022,8,2022-10-30,LV,NO,73.0,61.7,69.4,67.0,7.700000000000003,-6.0,-13.700000000000003,-1.0,48.5,0.0,24.0,24.0,24.0,HOME_COVER,UNDER
2022_08_NE_NYJ,2022,8,2022-10-30,NE,NYJ,72.5,59.2,73.5,81.6,14.299999999999997,9.099999999999994,-5.200000000000003,-3.0,40.0,22.0,17.0,-5.0,-5.0,AWAY_COVER,UNDER
2022_08_PIT_PHI,2022,8,2022-10-30,PIT,PHI,69.5,84.9,67.6,90.1,-17.30000000000001,20.599999999999994,37.900000000000006,11.0,43.0,13.0,35.0,22.0,22.0,HOME_COVER,OVER
2022_08_WAS_IND,2022,8,2022-10-30,WAS,IND,61.7,62.9,71.9,62.5,9.000000000000007,0.7999999999999972,-8.20000000000001,3.0,40.5,17.0,16.0,-1.0,-1.0,AWAY_COVER,UNDER
2022_08_SF_LA,2022,8,2022-10-30,SF,LA,74.4,62.0,76.4,67.1,14.400000000000006,-7.300000000000011,-21.700000000000017,-1.0,42.0,31.0,14.0,-17.0,-17.0,AWAY_COVER,OVER
2022_08_NYG_SEA,2022,8,2022-10-30,NYG,SEA,62.0,64.2,68.8,65.1,4.599999999999994,3.0999999999999943,-1.5,3.0,44.5,13.0,27.0,14.0,14.0,HOME_COVER,UNDER
2022_08_GB_BUF,2022,8,2022-10-30,GB,BUF,77.6,64.1,71.5,78.8,7.400000000000006,1.2000000000000028,-6.200000000000003,10.5,47.0,17.0,27.0,10.0,10.0,AWAY_COVER,UNDER
2022_09_LAC_ATL,2022,9,2022-11-06,LAC,ATL,67.0,73.2,68.2,54.1,-5.0,-12.899999999999999,-7.899999999999999,-2.5,49.5,20.0,17.0,-3.0,-3.0,AWAY_COVER,UNDER
2022_09_MIA_CHI,2022,9,2022-11-06,MIA,CHI,59.2,68.2,80.4,52.2,12.200000000000003,-7.0,-19.200000000000003,-4.0,46.0,35.0,32.0,-3.0,-3.0,HOME_COVER,OVER
2022_09_CAR_CIN,2022,9,2022-11-06,CAR,CIN,72.8,56.1,68.2,70.8,12.100000000000001,-2.0,-14.100000000000001,7.0,43.0,21.0,42.0,21.0,21.0,HOME_COVER,OVER
2022_09_GB_DET,2022,9,2022-11-06,GB,DET,77.6,63.4,71.5,71.2,8.100000000000001,-6.3999999999999915,-14.499999999999993,-4.0,49.5,9.0,15.0,6.0,6.0,HOME_COVER,UNDER
2022_09_LV_JAX,2022,9,2022-11-06,LV,JAX,73.0,72.8,69.4,76.5,-3.3999999999999915,3.5,6.8999999999999915,-2.5,47.5,20.0,27.0,7.0,7.0,HOME_COVER,UNDER
2022_09_IND_NE,2022,9,2022-11-06,IND,NE,62.9,72.5,62.5,73.5,-10.0,10.600000000000001,20.6,5.0,40.0,3.0,26.0,23.0,23.0,HOME_COVER,UNDER
2022_09_BUF_NYJ,2022,9,2022-11-06,BUF,NYJ,64.1,59.2,78.8,81.6,19.599999999999994,17.5,-2.0999999999999943,-11.0,46.0,17.0,20.0,3.0,3.0,HOME_COVER,UNDER
2022_09_MIN_WAS,2022,9,2022-11-06,MIN,WAS,66.6,61.7,75.2,71.9,13.5,5.300000000000011,-8.199999999999989,-3.0,43.5,20.0,17.0,-3.0,-3.0,AWAY_COVER,UNDER
2022_09_LA_TB,2022,9,2022-11-06,LA,TB,62.0,75.0,67.1,64.3,-7.900000000000006,2.299999999999997,10.200000000000003,3.0,43.0,13.0,16.0,3.0,3.0,AWAY_COVER,UNDER
2022_09_TEN_KC,2022,9,2022-11-06,TEN,KC,52.4,73.6,71.8,75.3,-1.7999999999999972,22.9,24.699999999999996,14.0,45.0,17.0,20.0,3.0,3.0,AWAY_COVER,UNDER
2022_10_ATL_CAR,2022,10,2022-11-10,ATL,CAR,73.2,72.8,54.1,68.2,-18.699999999999996,-5.0,13.699999999999996,-2.5,41.5,15.0,25.0,10.0,10.0,HOME_COVER,UNDER
2022_10_SEA_TB,2022,10,2022-11-13,SEA,TB,64.2,75.0,65.1,64.3,-9.900000000000006,0.09999999999999432,10.0,2.5,45.0,16.0,21.0,5.0,5.0,HOME_COVER,UNDER
2022_10_MIN_BUF,2022,10,2022-11-13,MIN,BUF,66.6,64.1,75.2,78.8,11.100000000000009,12.200000000000003,1.0999999999999943,6.5,47.0,33.0,30.0,-3.0,-3.0,AWAY_COVER,OVER
2022_10_DET_CHI,2022,10,2022-11-13,DET,CHI,63.4,68.2,71.2,52.2,3.0,-11.199999999999996,-14.199999999999996,3.0,48.5,31.0,30.0,-1.0,-1.0,AWAY_COVER,OVER
2022_10_JAX_KC,2022,10,2022-11-13,JAX,KC,72.8,73.6,76.5,75.3,2.9000000000000057,2.5,-0.4000000000000057,10.0,51.5,17.0,27.0,10.0,10.0,AWAY_COVER,UNDER
2022_10_NO_PIT,2022,10,2022-11-13,NO,PIT,61.7,69.5,67.0,67.6,-2.5,5.8999999999999915,8.399999999999991,1.0,39.5,10.0,20.0,10.0,10.0,HOME_COVER,UNDER
2022_10_DEN_TEN,2022,10,2022-11-13,DEN,TEN,66.9,52.4,66.4,71.8,14.000000000000007,4.8999999999999915,-9.100000000000016,2.5,40.0,10.0,17.0,7.0,7.0,HOME_COVER,UNDER
2022_10_IND_LV,2022,10,2022-11-13,IND,LV,62.9,73.0,62.5,69.4,-10.5,6.500000000000007,17.000000000000007,4.5,41.0,25.0,20.0,-5.0,-5.0,AWAY_COVER,OVER
2022_10_DAL_GB,2022,10,2022-11-13,DAL,GB,69.6,77.6,84.5,71.5,6.900000000000006,1.9000000000000057,-5.0,-3.5,44.5,28.0,31.0,3.0,3.0,HOME_COVER,OVER
2022_10_LAC_SF,2022,10,2022-11-13,LAC,SF,67.0,74.4,68.2,76.4,-6.200000000000003,9.400000000000006,15.600000000000009,8.5,45.5,16.0,22.0,6.0,6.0,AWAY_COVER,UNDER
2022_10_WAS_PHI,2022,10,2022-11-14,WAS,PHI,61.7,84.9,71.9,90.1,-13.0,28.39999999999999,41.39999999999999,11.0,43.0,32.0,21.0,-11.0,-11.0,AWAY_COVER,OVER
2022_11_TEN_GB,2022,11,2022-11-17,TEN,GB,52.4,77.6,71.8,71.5,-5.799999999999997,19.1,24.9,3.0,40.5,27.0,17.0,-10.0,-10.0,AWAY_COVER,OVER
2022_11_CHI_ATL,2022,11,2022-11-20,CHI,ATL,68.2,73.2,52.2,54.1,-21.0,-14.100000000000001,6.899999999999999,3.0,48.5,24.0,27.0,3.0,3.0,AWAY_COVER,OVER
2022_11_PHI_IND,2022,11,2022-11-20,PHI,IND,84.9,62.9,90.1,62.5,27.199999999999996,-22.400000000000006,-49.6,-6.5,45.5,17.0,16.0,-1.0,-1.0,HOME_COVER,UNDER
2022_11_NYJ_NE,2022,11,2022-11-20,NYJ,NE,59.2,72.5,81.6,73.5,9.099999999999994,14.299999999999997,5.200000000000003,3.5,38.5,3.0,10.0,7.0,7.0,HOME_COVER,UNDER
2022_11_LA_NO,2022,11,2022-11-20,LA,NO,62.0,61.7,67.1,67.0,5.3999999999999915,5.0,-0.3999999999999915,2.5,39.5,20.0,27.0,7.0,7.0,HOME_COVER,OVER
2022_11_DET_NYG,2022,11,2022-11-20,DET,NYG,63.4,62.0,71.2,68.8,9.200000000000003,5.399999999999999,-3.8000000000000043,3.0,44.0,31.0,18.0,-13.0,-13.0,AWAY_COVER,OVER
2022_11_LV_DEN,2022,11,2022-11-20,LV,DEN,73.0,66.9,69.4,66.4,2.5,-6.599999999999994,-9.099999999999994,2.5,41.5,22.0,16.0,-6.0,-6.0,AWAY_COVER,UNDER
2022_11_DAL_MIN,2022,11,2022-11-20,DAL,MIN,69.6,66.6,84.5,75.2,17.900000000000006,5.6000000000000085,-12.299999999999997,-1.5,48.5,40.0,3.0,-37.0,-37.0,AWAY_COVER,UNDER
2022_11_CIN_PIT,2022,11,2022-11-20,CIN,PIT,56.1,69.5,70.8,67.6,1.2999999999999972,11.499999999999993,10.199999999999996,-3.5,39.0,37.0,30.0,-7.0,-7.0,AWAY_COVER,OVER
2022_11_KC_LAC,2022,11,2022-11-20,KC,LAC,73.6,67.0,75.3,68.2,8.299999999999997,-5.3999999999999915,-13.699999999999989,-5.5,52.5,30.0,27.0,-3.0,-3.0,HOME_COVER,OVER
2022_12_BUF_DET,2022,12,2022-11-24,BUF,DET,64.1,63.4,78.8,71.2,15.399999999999999,7.1000000000000085,-8.29999999999999,-10.0,54.0,28.0,25.0,-3.0,-3.0,HOME_COVER,UNDER
2022_12_NYG_DAL,2022,12,2022-11-24,NYG,DAL,62.0,69.6,68.8,84.5,-0.7999999999999972,22.5,23.299999999999997,10.5,45.5,20.0,28.0,8.0,8.0,AWAY_COVER,OVER
2022_12_NE_MIN,2022,12,2022-11-24,NE,MIN,72.5,66.6,73.5,75.2,6.900000000000006,2.700000000000003,-4.200000000000003,2.5,42.5,26.0,33.0,7.0,7.0,HOME_COVER,OVER
2022_12_DEN_CAR,2022,12,2022-11-27,DEN,CAR,66.9,72.8,66.4,68.2,-6.3999999999999915,1.2999999999999972,7.699999999999989,-1.0,36.5,10.0,23.0,13.0,13.0,HOME_COVER,UNDER
2022_12_CHI_NYJ,2022,12,2022-11-27,CHI,NYJ,68.2,59.2,52.2,81.6,-7.0,13.399999999999991,20.39999999999999,8.5,36.5,10.0,31.0,21.0,21.0,HOME_COVER,OVER
2022_12_CIN_TEN,2022,12,2022-11-27,CIN,TEN,56.1,52.4,70.8,71.8,18.4,15.699999999999996,-2.700000000000003,-1.0,43.0,20.0,16.0,-4.0,-4.0,AWAY_COVER,UNDER
2022_12_ATL_WAS,2022,12,2022-11-27,ATL,WAS,73.2,61.7,54.1,71.9,-7.600000000000001,-1.2999999999999972,6.300000000000004,3.5,40.5,13.0,19.0,6.0,6.0,HOME_COVER,UNDER
2022_12_LV_SEA,2022,12,2022-11-27,LV,SEA,73.0,64.2,69.4,65.1,5.200000000000003,-7.900000000000006,-13.100000000000009,4.0,47.5,40.0,34.0,-6.0,-6.0,AWAY_COVER,OVER
2022_12_LA_KC,2022,12,2022-11-27,LA,KC,62.0,73.6,67.1,75.3,-6.5,13.299999999999997,19.799999999999997,16.5,42.0,10.0,26.0,16.0,16.0,AWAY_COVER,UNDER
2022_12_NO_SF,2022,12,2022-11-27,NO,SF,61.7,74.4,67.0,76.4,-7.400000000000006,14.700000000000003,22.10000000000001,9.5,44.0,0.0,13.0,13.0,13.0,HOME_COVER,UNDER
2022_12_GB_PHI,2022,12,2022-11-27,GB,PHI,77.6,84.9,71.5,90.1,-13.400000000000006,12.5,25.900000000000006,6.5,46.0,33.0,40.0,7.0,7.0,HOME_COVER,OVER
2022_12_PIT_IND,2022,12,2022-11-28,PIT,IND,69.5,62.9,67.6,62.5,4.699999999999996,-7.0,-11.699999999999996,2.5,40.0,24.0,17.0,-7.0,-7.0,AWAY_COVER,OVER
2022_13_BUF_NE,2022,13,2022-12-01,BUF,NE,64.1,72.5,78.8,73.5,6.299999999999997,9.400000000000006,3.1000000000000085,-3.5,43.5,24.0,10.0,-14.0,-14.0,AWAY_COVER,UNDER
2022_13_PIT_ATL,2022,13,2022-12-04,PIT,ATL,69.5,73.2,67.6,54.1,-5.6000000000000085,-15.399999999999999,-9.79999999999999,-1.0,43.0,19.0,16.0,-3.0,-3.0,AWAY_COVER,UNDER
2022_13_GB_CHI,2022,13,2022-12-04,GB,CHI,77.6,68.2,71.5,52.2,3.299999999999997,-25.39999999999999,-28.69999999999999,-4.0,45.0,28.0,19.0,-9.0,-9.0,AWAY_COVER,OVER
2022_13_JAX_DET,2022,13,2022-12-04,JAX,DET,72.8,63.4,76.5,71.2,13.100000000000001,-1.5999999999999943,-14.699999999999996,1.0,51.5,14.0,40.0,26.0,26.0,HOME_COVER,OVER
2022_13_NYJ_MIN,2022,13,2022-12-04,NYJ,MIN,59.2,66.6,81.6,75.2,15.0,16.0,1.0,3.0,44.0,22.0,27.0,5.0,5.0,HOME_COVER,OVER
2022_13_WAS_NYG,2022,13,2022-12-04,WAS,NYG,61.7,62.0,71.9,68.8,9.900000000000006,7.099999999999994,-2.8000000000000114,-2.5,40.0,20.0,20.0,0.0,0.0,HOME_COVER,UNDER
2022_13_TEN_PHI,2022,13,2022-12-04,TEN,PHI,52.4,84.9,71.8,90.1,-13.100000000000009,37.699999999999996,50.800000000000004,5.0,44.5,10.0,35.0,25.0,25.0,HOME_COVER,OVER
2022_13_SEA_LA,2022,13,2022-12-04,SEA,LA,64.2,62.0,65.1,67.1,3.0999999999999943,2.8999999999999915,-0.20000000000000284,-7.0,41.0,27.0,23.0,-4.0,-4.0,HOME_COVER,OVER
2022_13_MIA_SF,2022,13,2022-12-04,MIA,SF,59.2,74.4,80.4,76.4,6.0,17.200000000000003,11.200000000000003,4.5,46.0,17.0,33.0,16.0,16.0,HOME_COVER,OVER
2022_13_KC_CIN,2022,13,2022-12-04,KC,CIN,73.6,56.1,75.3,70.8,19.199999999999996,-2.799999999999997,-21.999999999999993,-2.5,53.0,24.0,27.0,3.0,3.0,HOME_COVER,UNDER
2022_13_LAC_LV,2022,13,2022-12-04,LAC,LV,67.0,73.0,68.2,69.4,-4.799999999999997,2.4000000000000057,7.200000000000003,2.5,49.0,20.0,27.0,7.0,7.0,HOME_COVER,UNDER
2022_13_IND_DAL,2022,13,2022-12-04,IND,DAL,62.9,69.6,62.5,84.5,-7.099999999999994,21.6,28.699999999999996,11.0,44.5,19.0,54.0,35.0,35.0,HOME_COVER,OVER
2022_13_NO_TB,2022,13,2022-12-05,NO,TB,61.7,75.0,67.0,64.3,-8.0,2.5999999999999943,10.599999999999994,3.5,41.0,16.0,17.0,1.0,1.0,AWAY_COVER,UNDER
2022_14_LV_LA,2022,14,2022-12-08,LV,LA,73.0,62.0,69.4,67.1,7.400000000000006,-5.900000000000006,-13.300000000000011,-6.5,42.5,16.0,17.0,1.0,1.0,HOME_COVER,UNDER
2022_14_NYJ_BUF,2022,14,2022-12-11,NYJ,BUF,59.2,64.1,81.6,78.8,17.5,19.599999999999994,2.0999999999999943,10.0,43.5,12.0,20.0,8.0,8.0,AWAY_COVER,UNDER
2022_14_MIN_DET,2022,14,2022-12-11,MIN,DET,66.6,63.4,75.2,71.2,11.800000000000004,4.6000000000000085,-7.199999999999996,2.5,51.5,23.0,34.0,11.0,11.0,HOME_COVER,OVER
2022_14_PHI_NYG,2022,14,2022-12-11,PHI,NYG,84.9,62.0,90.1,68.8,28.099999999999994,-16.10000000000001,-44.2,-7.5,44.5,48.0,22.0,-26.0,-26.0,AWAY_COVER,OVER
2022_14_JAX_TEN,2022,14,2022-12-11,JAX,TEN,72.8,52.4,76.5,71.8,24.1,-1.0,-25.1,3.0,42.0,36.0,22.0,-14.0,-14.0,AWAY_COVER,OVER
2022_14_KC_DEN,2022,14,2022-12-11,KC,DEN,73.6,66.9,75.3,66.4,8.399999999999991,-7.199999999999989,-15.59999999999998,-8.5,44.5,34.0,28.0,-6.0,-6.0,HOME_COVER,OVER
2022_14_CAR_SEA,2022,14,2022-12-11,CAR,SEA,72.8,64.2,68.2,65.1,4.0,-7.700000000000003,-11.700000000000003,3.5,44.5,30.0,24.0,-6.0,-6.0,AWAY_COVER,OVER
2022_14_TB_SF,2022,14,2022-12-11,TB,SF,75.0,74.4,64.3,76.4,-10.100000000000009,1.4000000000000057,11.500000000000014,3.5,38.0,7.0,35.0,28.0,28.0,HOME_COVER,OVER
2022_14_MIA_LAC,2022,14,2022-12-11,MIA,LAC,59.2,67.0,80.4,68.2,13.400000000000006,9.0,-4.400000000000006,-3.0,54.5,17.0,23.0,6.0,6.0,HOME_COVER,UNDER
2022_15_SF_SEA,2022,15,2022-12-15,SF,SEA,74.4,64.2,76.4,65.1,12.200000000000003,-9.300000000000011,-21.500000000000014,-3.0,43.0,21.0,13.0,-8.0,-8.0,AWAY_COVER,UNDER
2022_15_IND_MIN,2022,15,2022-12-17,IND,MIN,62.9,66.6,62.5,75.2,-4.099999999999994,12.300000000000004,16.4,3.5,46.5,36.0,39.0,3.0,3.0,AWAY_COVER,OVER
2022_15_MIA_BUF,2022,15,2022-12-17,MIA,BUF,59.2,64.1,80.4,78.8,16.30000000000001,19.599999999999994,3.299999999999983,7.0,44.0,29.0,32.0,3.0,3.0,AWAY_COVER,OVER
2022_15_PIT_CAR,2022,15,2022-12-18,PIT,CAR,69.5,72.8,67.6,68.2,-5.200000000000003,-1.2999999999999972,3.9000000000000057,2.5,36.5,24.0,16.0,-8.0,-8.0,AWAY_COVER,OVER
2022_15_PHI_CHI,2022,15,2022-12-18,PHI,CHI,84.9,68.2,90.1,52.2,21.89999999999999,-32.7,-54.599999999999994,-8.5,48.0,25.0,20.0,-5.0,-5.0,HOME_COVER,UNDER
2022_15_DAL_JAX,2022,15,2022-12-18,DAL,JAX,69.6,72.8,84.5,76.5,11.700000000000003,6.900000000000006,-4.799999999999997,-4.0,48.5,34.0,40.0,6.0,6.0,HOME_COVER,OVER
2022_15_ATL_NO,2022,15,2022-12-18,ATL,NO,73.2,61.7,54.1,67.0,-7.600000000000001,-6.200000000000003,1.3999999999999986,5.0,43.5,18.0,21.0,3.0,3.0,AWAY_COVER,UNDER
2022_15_DET_NYJ,2022,15,2022-12-18,DET,NYJ,63.4,59.2,71.2,81.6,12.0,18.199999999999996,6.199999999999996,2.0,44.0,20.0,17.0,-3.0,-3.0,AWAY_COVER,UNDER
2022_15_NE_LV,2022,15,2022-12-18,NE,LV,72.5,73.0,73.5,69.4,0.5,-3.0999999999999943,-3.5999999999999943,1.0,45.0,24.0,30.0,6.0,6.0,HOME_COVER,OVER
2022_15_TEN_LAC,2022,15,2022-12-18,TEN,LAC,52.4,67.0,71.8,68.2,4.799999999999997,15.800000000000004,11.000000000000007,3.0,46.5,14.0,17.0,3.0,3.0,AWAY_COVER,UNDER
2022_15_CIN_TB,2022,15,2022-12-18,CIN,TB,56.1,75.0,70.8,64.3,-4.200000000000003,8.199999999999996,12.399999999999999,-3.5,47.0,34.0,23.0,-11.0,-11.0,AWAY_COVER,OVER
2022_15_NYG_WAS,2022,15,2022-12-18,NYG,WAS,62.0,61.7,68.8,71.9,7.099999999999994,9.900000000000006,2.8000000000000114,4.5,40.5,20.0,12.0,-8.0,-8.0,AWAY_COVER,UNDER
2022_15_LA_GB,2022,15,2022-12-19,LA,GB,62.0,77.6,67.1,71.5,-10.5,9.5,20.0,8.0,39.5,12.0,24.0,12.0,12.0,HOME_COVER,UNDER
2022_16_JAX_NYJ,2022,16,2022-12-22,JAX,NYJ,72.8,59.2,76.5,81.6,17.299999999999997,8.799999999999997,-8.5,2.5,36.5,19.0,3.0,-16.0,-16.0,AWAY_COVER,UNDER
2022_16_DET_CAR,2022,16,2022-12-24,DET,CAR,63.4,72.8,71.2,68.2,-1.5999999999999943,4.800000000000004,6.399999999999999,-2.5,43.5,23.0,37.0,14.0,14.0,HOME_COVER,OVER
2022_16_BUF_CHI,2022,16,2022-12-24,BUF,CHI,64.1,68.2,78.8,52.2,10.599999999999994,-11.899999999999991,-22.499999999999986,-8.0,40.0,35.0,13.0,-22.0,-22.0,AWAY_COVER,OVER
2022_16_SEA_KC,2022,16,2022-12-24,SEA,KC,64.2,73.6,65.1,75.3,-8.5,11.099999999999994,19.599999999999994,10.5,50.5,10.0,24.0,14.0,14.0,HOME_COVER,UNDER
2022_16_NYG_MIN,2022,16,2022-12-24,NYG,MIN,62.0,66.6,68.8,75.2,2.200000000000003,13.200000000000003,11.0,4.5,48.0,24.0,27.0,3.0,3.0,AWAY_COVER,OVER
2022_16_CIN_NE,2022,16,2022-12-24,CIN,NE,56.1,72.5,70.8,73.5,-1.7000000000000028,17.4,19.1,-3.0,42.0,22.0,18.0,-4.0,-4.0,AWAY_COVER,UNDER
2022_16_WAS_SF,2022,16,2022-12-24,WAS,SF,61.7,74.4,71.9,76.4,-2.5,14.700000000000003,17.200000000000003,6.5,37.5,20.0,37.0,17.0,17.0,HOME_COVER,OVER
2022_16_PHI_DAL,2022,16,2022-12-24,PHI,DAL,84.9,69.6,90.1,84.5,20.5,-0.4000000000000057,-20.900000000000006,4.0,48.0,34.0,40.0,6.0,6.0,HOME_COVER,OVER
2022_16_LV_PIT,2022,16,2022-12-24,LV,PIT,73.0,69.5,69.4,67.6,-0.09999999999999432,-5.400000000000006,-5.300000000000011,2.5,38.5,10.0,13.0,3.0,3.0,HOME_COVER,UNDER
2022_16_GB_MIA,2022,16,2022-12-25,GB,MIA,77.6,59.2,71.5,80.4,12.299999999999997,2.8000000000000114,-9.499999999999986,3.5,49.0,26.0,20.0,-6.0,-6.0,AWAY_COVER,UNDER
2022_16_DEN_LA,2022,16,2022-12-25,DEN,LA,66.9,62.0,66.4,67.1,4.400000000000006,0.19999999999998863,-4.200000000000017,-3.0,36.5,14.0,51.0,37.0,37.0,HOME_COVER,OVER
2022_16_LAC_IND,2022,16,2022-12-26,LAC,IND,67.0,62.9,68.2,62.5,5.300000000000004,-4.5,-9.800000000000004,-3.5,44.5,20.0,3.0,-17.0,-17.0,AWAY_COVER,UNDER
2022_17_DAL_TEN,2022,17,2022-12-29,DAL,TEN,69.6,52.4,84.5,71.8,32.1,2.200000000000003,-29.9,-14.0,41.0,27.0,13.0,-14.0,-14.0,AWAY_COVER,UNDER
2022_17_CHI_DET,2022,17,2023-01-01,CHI,DET,68.2,63.4,52.2,71.2,-11.199999999999996,3.0,14.199999999999996,4.5,52.5,10.0,41.0,31.0,31.0,HOME_COVER,UNDER
2022_17_DEN_KC,2022,17,2023-01-01,DEN,KC,66.9,73.6,66.4,75.3,-7.199999999999989,8.399999999999991,15.59999999999998,13.5,46.0,24.0,27.0,3.0,3.0,AWAY_COVER,OVER
2022_17_MIA_NE,2022,17,2023-01-01,MIA,NE,59.2,72.5,80.4,73.5,7.900000000000006,14.299999999999997,6.3999999999999915,3.0,41.5,21.0,23.0,2.0,2.0,AWAY_COVER,OVER
2022_17_IND_NYG,2022,17,2023-01-01,IND,NYG,62.9,62.0,62.5,68.8,0.5,5.899999999999999,5.399999999999999,5.5,38.5,10.0,38.0,28.0,28.0,HOME_COVER,OVER
2022_17_NO_PHI,2022,17,2023-01-01,NO,PHI,61.7,84.9,67.0,90.1,-17.900000000000006,28.39999999999999,46.3,5.5,41.5,20.0,10.0,-10.0,-10.0,AWAY_COVER,UNDER
2022_17_CAR_TB,2022,17,2023-01-01,CAR,TB,72.8,75.0,68.2,64.3,-6.799999999999997,-8.5,-1.7000000000000028,3.5,40.5,24.0,30.0,6.0,6.0,HOME_COVER,OVER
2022_17_SF_LV,2022,17,2023-01-01,SF,LV,74.4,73.0,76.4,69.4,3.4000000000000057,-5.0,-8.400000000000006,-10.0,41.5,37.0,34.0,-3.0,-3.0,HOME_COVER,OVER
2022_17_NYJ_SEA,2022,17,2023-01-01,NYJ,SEA,59.2,64.2,81.6,65.1,17.39999999999999,5.8999999999999915,-11.5,-1.0,43.0,6.0,23.0,17.0,17.0,HOME_COVER,UNDER
2022_17_MIN_GB,2022,17,2023-01-01,MIN,GB,66.6,77.6,75.2,71.5,-2.3999999999999915,4.900000000000006,7.299999999999997,3.0,47.5,17.0,41.0,24.0,24.0,HOME_COVER,OVER
2022_17_LA_LAC,2022,17,2023-01-01,LA,LAC,62.0,67.0,67.1,68.2,0.09999999999999432,6.200000000000003,6.1000000000000085,6.5,41.5,10.0,31.0,21.0,21.0,HOME_COVER,UNDER
2022_18_KC_LV,2022,18,2023-01-07,KC,LV,73.6,73.0,75.3,69.4,2.299999999999997,-4.199999999999989,-6.499999999999986,-9.0,51.5,31.0,13.0,-18.0,-18.0,AWAY_COVER,UNDER
2022_18_TEN_JAX,2022,18,2023-01-07,TEN,JAX,52.4,72.8,71.8,76.5,-1.0,24.1,25.1,6.0,39.5,16.0,20.0,4.0,4.0,AWAY_COVER,UNDER
2022_18_TB_ATL,2022,18,2023-01-08,TB,ATL,75.0,73.2,64.3,54.1,-8.900000000000006,-20.9,-11.999999999999993,6.0,40.5,17.0,30.0,13.0,13.0,HOME_COVER,OVER
2022_18_NE_BUF,2022,18,2023-01-08,NE,BUF,72.5,64.1,73.5,78.8,9.400000000000006,6.299999999999997,-3.1000000000000085,8.0,44.0,23.0,35.0,12.0,12.0,HOME_COVER,OVER
2022_18_MIN_CHI,2022,18,2023-01-08,MIN,CHI,66.6,68.2,75.2,52.2,7.0,-14.399999999999991,-21.39999999999999,-6.5,42.5,29.0,13.0,-16.0,-16.0,AWAY_COVER,UNDER
2022_18_NYJ_MIA,2022,18,2023-01-08,NYJ,MIA,59.2,59.2,81.6,80.4,22.39999999999999,21.200000000000003,-1.1999999999999886,3.5,37.5,6.0,11.0,5.0,5.0,HOME_COVER,UNDER
2022_18_CAR_NO,2022,18,2023-01-08,CAR,NO,72.8,61.7,68.2,67.0,6.5,-5.799999999999997,-12.299999999999997,3.5,41.5,10.0,7.0,-3.0,-3.0,AWAY_COVER,UNDER
2022_18_LAC_DEN,2022,18,2023-01-08,LAC,DEN,67.0,66.9,68.2,66.4,1.2999999999999972,-0.5999999999999943,-1.8999999999999915,6.0,38.5,28.0,31.0,3.0,3.0,AWAY_COVER,OVER
2022_18_NYG_PHI,2022,18,2023-01-08,NYG,PHI,62.0,84.9,68.8,90.1,-16.10000000000001,28.099999999999994,44.2,16.5,42.5,16.0,22.0,6.0,6.0,AWAY_COVER,UNDER
2022_18_LA_SEA,2022,18,2023-01-08,LA,SEA,62.0,64.2,67.1,65.1,2.8999999999999915,3.0999999999999943,0.20000000000000284,5.5,41.5,16.0,19.0,3.0,3.0,AWAY_COVER,UNDER
2022_18_DAL_WAS,2022,18,2023-01-08,DAL,WAS,69.6,61.7,84.5,71.9,22.799999999999997,2.3000000000000114,-20.499999999999986,-7.5,40.5,6.0,26.0,20.0,20.0,HOME_COVER,UNDER
2022_18_DET_GB,2022,18,2023-01-08,DET,GB,63.4,77.6,71.2,71.5,-6.3999999999999915,8.100000000000001,14.499999999999993,5.5,49.0,20.0,16.0,-4.0,-4.0,AWAY_COVER,UNDER
2023_01_DET_KC,2023,1,2023-09-07,DET,KC,69.4,71.1,74.8,76.0,3.700000000000003,6.599999999999994,2.8999999999999915,4.0,53.0,21.0,20.0,-1.0,-1.0,AWAY_COVER,UNDER
2023_01_CAR_ATL,2023,1,2023-09-10,CAR,ATL,53.6,74.2,71.5,64.6,-2.700000000000003,10.999999999999993,13.699999999999996,3.5,40.5,10.0,24.0,14.0,14.0,HOME_COVER,UNDER
2023_01_JAX_IND,2023,1,2023-09-10,JAX,IND,59.6,71.7,64.5,79.4,-7.200000000000003,19.800000000000004,27.000000000000007,-4.0,45.5,31.0,21.0,-10.0,-10.0,AWAY_COVER,OVER
2023_01_TB_MIN,2023,1,2023-09-10,TB,MIN,70.6,74.4,74.9,59.9,0.5,-10.699999999999996,-11.199999999999996,4.0,45.0,20.0,17.0,-3.0,-3.0,AWAY_COVER,UNDER
2023_01_TEN_NO,2023,1,2023-09-10,TEN,NO,57.1,55.7,70.6,69.2,14.899999999999991,12.100000000000001,-2.79999999999999,3.0,41.0,15.0,16.0,1.0,1.0,AWAY_COVER,UNDER
2023_01_SF_PIT,2023,1,2023-09-10,SF,PIT,57.2,45.2,90.0,88.1,44.8,30.89999999999999,-13.900000000000006,-1.5,41.5,30.0,7.0,-23.0,-23.0,AWAY_COVER,UNDER
2023_01_GB_CHI,2023,1,2023-09-10,GB,CHI,70.1,57.3,75.5,59.1,18.200000000000003,-10.999999999999993,-29.199999999999996,1.0,41.0,38.0,20.0,-18.0,-18.0,AWAY_COVER,OVER
2023_01_LV_DEN,2023,1,2023-09-10,LV,DEN,68.5,72.7,75.3,69.8,2.5999999999999943,1.2999999999999972,-1.2999999999999972,3.0,43.0,17.0,16.0,-1.0,-1.0,AWAY_COVER,UNDER
2023_01_MIA_LAC,2023,1,2023-09-10,MIA,LAC,65.7,68.3,84.1,71.9,15.799999999999997,6.200000000000003,-9.599999999999994,3.0,50.5,36.0,34.0,-2.0,-2.0,AWAY_COVER,OVER
2023_01_PHI_NE,2023,1,2023-09-10,PHI,NE,76.6,50.9,80.0,62.2,29.1,-14.399999999999991,-43.49999999999999,-3.5,44.5,25.0,20.0,-5.0,-5.0,AWAY_COVER,OVER
2023_01_LA_SEA,2023,1,2023-09-10,LA,SEA,62.5,52.9,77.5,79.4,24.6,16.900000000000006,-7.699999999999996,4.5,45.0,30.0,13.0,-17.0,-17.0,AWAY_COVER,UNDER
2023_01_DAL_NYG,2023,1,2023-09-10,DAL,NYG,69.5,43.4,90.9,66.1,47.50000000000001,-3.4000000000000057,-50.90000000000001,-3.5,44.5,40.0,0.0,-40.0,-40.0,AWAY_COVER,UNDER
2023_01_BUF_NYJ,2023,1,2023-09-11,BUF,NYJ,70.5,48.4,76.4,81.8,28.000000000000007,11.299999999999997,-16.70000000000001,-2.5,44.5,16.0,22.0,6.0,6.0,HOME_COVER,UNDER
2023_02_MIN_PHI,2023,2,2023-09-14,MIN,PHI,74.4,76.6,59.9,80.0,-16.699999999999996,5.599999999999994,22.29999999999999,6.0,49.0,28.0,34.0,6.0,6.0,AWAY_COVER,OVER
2023_02_GB_ATL,2023,2,2023-09-17,GB,ATL,70.1,74.2,75.5,64.6,1.2999999999999972,-5.5,-6.799999999999997,3.0,40.5,24.0,25.0,1.0,1.0,AWAY_COVER,OVER
2023_02_LV_BUF,2023,2,2023-09-17,LV,BUF,68.5,70.5,75.3,76.4,4.799999999999997,7.900000000000006,3.1000000000000085,7.5,47.0,10.0,38.0,28.0,28.0,HOME_COVER,OVER
2023_02_SEA_DET,2023,2,2023-09-17,SEA,DET,52.9,69.4,79.4,74.8,10.0,21.9,11.899999999999999,4.5,47.5,37.0,31.0,-6.0,-6.0,AWAY_COVER,OVER
2023_02_KC_JAX,2023,2,2023-09-17,KC,JAX,71.1,59.6,76.0,64.5,16.4,-6.599999999999994,-22.999999999999993,-3.5,50.5,17.0,9.0,-8.0,-8.0,AWAY_COVER,UNDER
2023_02_CHI_TB,2023,2,2023-09-17,CHI,TB,57.3,70.6,59.1,74.9,-11.499999999999993,17.60000000000001,29.1,2.5,41.0,17.0,27.0,10.0,10.0,HOME_COVER,OVER
2023_02_LAC_TEN,2023,2,2023-09-17,LAC,TEN,68.3,57.1,71.9,70.6,14.800000000000004,2.299999999999997,-12.500000000000007,-2.5,45.5,24.0,27.0,3.0,3.0,HOME_COVER,OVER
2023_02_SF_LA,2023,2,2023-09-17,SF,LA,57.2,62.5,90.0,77.5,27.5,20.299999999999997,-7.200000000000003,-7.5,45.0,30.0,23.0,-7.0,-7.0,HOME_COVER,OVER
2023_02_NYJ_DAL,2023,2,2023-09-17,NYJ,DAL,48.4,69.5,81.8,90.9,12.299999999999997,42.50000000000001,30.20000000000001,8.5,38.5,10.0,30.0,20.0,20.0,HOME_COVER,OVER
2023_02_WAS_DEN,2023,2,2023-09-17,WAS,DEN,67.0,72.7,67.0,69.8,-5.700000000000003,2.799999999999997,8.5,4.0,38.5,35.0,33.0,-2.0,-2.0,AWAY_COVER,OVER
2023_02_MIA_NE,2023,2,2023-09-17,MIA,NE,65.7,50.9,84.1,62.2,33.199999999999996,-3.5,-36.699999999999996,-2.0,46.5,24.0,17.0,-7.0,-7.0,AWAY_COVER,UNDER
2023_02_NO_CAR,2023,2,2023-09-18,NO,CAR,55.7,53.6,69.2,71.5,15.600000000000001,15.799999999999997,0.19999999999999574,-3.0,39.5,20.0,17.0,-3.0,-3.0,AWAY_COVER,UNDER
2023_03_NYG_SF,2023,3,2023-09-21,NYG,SF,43.4,57.2,66.1,90.0,8.899999999999991,46.6,37.70000000000001,10.5,43.5,12.0,30.0,18.0,18.0,HOME_COVER,UNDER
2023_03_ATL_DET,2023,3,2023-09-24,ATL,DET,74.2,69.4,64.6,74.8,-4.800000000000011,0.5999999999999943,5.400000000000006,3.0,47.5,6.0,20.0,14.0,14.0,HOME_COVER,UNDER
2023_03_NO_GB,2023,3,2023-09-24,NO,GB,55.7,70.1,69.2,75.5,-0.8999999999999915,19.799999999999997,20.69999999999999,-1.5,41.5,17.0,18.0,1.0,1.0,HOME_COVER,UNDER
2023_03_DEN_MIA,2023,3,2023-09-24,DEN,MIA,72.7,65.7,69.8,84.1,4.099999999999994,11.399999999999991,7.299999999999997,6.0,47.5,20.0,70.0,50.0,50.0,HOME_COVER,OVER
2023_03_LAC_MIN,2023,3,2023-09-24,LAC,MIN,68.3,74.4,71.9,59.9,-2.5,-8.399999999999999,-5.899999999999999,1.0,54.0,28.0,24.0,-4.0,-4.0,AWAY_COVER,UNDER
2023_03_NE_NYJ,2023,3,2023-09-24,NE,NYJ,50.9,48.4,62.2,81.8,13.800000000000004,30.9,17.099999999999994,-2.5,35.5,15.0,10.0,-5.0,-5.0,AWAY_COVER,UNDER
2023_03_BUF_WAS,2023,3,2023-09-24,BUF,WAS,70.5,67.0,76.4,67.0,9.400000000000006,-3.5,-12.900000000000006,-5.5,44.0,37.0,3.0,-34.0,-34.0,AWAY_COVER,UNDER
2023_03_CAR_SEA,2023,3,2023-09-24,CAR,SEA,53.6,52.9,71.5,79.4,18.6,25.800000000000004,7.200000000000003,5.0,42.5,27.0,37.0,10.0,10.0,HOME_COVER,OVER
2023_03_CHI_KC,2023,3,2023-09-24,CHI,KC,57.3,71.1,59.1,76.0,-11.999999999999993,18.700000000000003,30.699999999999996,13.0,48.0,10.0,41.0,31.0,31.0,HOME_COVER,OVER
2023_03_PIT_LV,2023,3,2023-09-24,PIT,LV,45.2,68.5,88.1,75.3,19.599999999999994,30.099999999999994,10.5,3.0,43.5,23.0,18.0,-5.0,-5.0,AWAY_COVER,UNDER
2023_03_PHI_TB,2023,3,2023-09-25,PHI,TB,76.6,70.6,80.0,74.9,9.400000000000006,-1.6999999999999886,-11.099999999999994,-6.0,44.0,25.0,11.0,-14.0,-14.0,AWAY_COVER,UNDER
2023_03_LA_CIN,2023,3,2023-09-25,LA,CIN,62.5,58.8,77.5,76.2,18.700000000000003,13.700000000000003,-5.0,3.0,45.5,16.0,19.0,3.0,3.0,AWAY_COVER,UNDER
2023_04_DET_GB,2023,4,2023-09-28,DET,GB,69.4,70.1,74.8,75.5,4.700000000000003,6.099999999999994,1.3999999999999915,-2.5,45.0,34.0,20.0,-14.0,-14.0,AWAY_COVER,OVER
2023_04_ATL_JAX,2023,4,2023-10-01,ATL,JAX,74.2,59.6,64.6,64.5,4.999999999999993,-9.700000000000003,-14.699999999999996,3.5,42.5,7.0,23.0,16.0,16.0,HOME_COVER,UNDER
2023_04_MIA_BUF,2023,4,2023-10-01,MIA,BUF,65.7,70.5,84.1,76.4,13.599999999999994,10.700000000000003,-2.8999999999999915,2.5,53.0,20.0,48.0,28.0,28.0,HOME_COVER,OVER
2023_04_MIN_CAR,2023,4,2023-10-01,MIN,CAR,74.4,53.6,59.9,71.5,6.299999999999997,-2.9000000000000057,-9.200000000000003,-4.5,46.5,21.0,13.0,-8.0,-8.0,AWAY_COVER,UNDER
2023_04_DEN_CHI,2023,4,2023-10-01,DEN,CHI,72.7,57.3,69.8,59.1,12.5,-13.600000000000001,-26.1,-3.0,47.0,31.0,28.0,-3.0,-3.0,AWAY_COVER,OVER
2023_04_LA_IND,2023,4,2023-10-01,LA,IND,62.5,71.7,77.5,79.4,5.799999999999997,16.900000000000006,11.100000000000009,-1.0,44.5,29.0,23.0,-6.0,-6.0,AWAY_COVER,OVER
2023_04_TB_NO,2023,4,2023-10-01,TB,NO,70.6,55.7,74.9,69.2,19.200000000000003,-1.3999999999999915,-20.599999999999994,4.0,41.0,26.0,9.0,-17.0,-17.0,AWAY_COVER,UNDER
2023_04_WAS_PHI,2023,4,2023-10-01,WAS,PHI,67.0,76.6,67.0,80.0,-9.599999999999994,13.0,22.599999999999994,9.5,43.0,31.0,34.0,3.0,3.0,AWAY_COVER,OVER
2023_04_CIN_TEN,2023,4,2023-10-01,CIN,TEN,58.8,57.1,76.2,70.6,19.1,11.799999999999997,-7.300000000000004,-2.5,41.5,3.0,27.0,24.0,24.0,HOME_COVER,UNDER
2023_04_LV_LAC,2023,4,2023-10-01,LV,LAC,68.5,68.3,75.3,71.9,7.0,3.4000000000000057,-3.5999999999999943,7.0,49.0,17.0,24.0,7.0,7.0,AWAY_COVER,UNDER
2023_04_NE_DAL,2023,4,2023-10-01,NE,DAL,50.9,69.5,62.2,90.9,-7.299999999999997,40.00000000000001,47.300000000000004,6.5,43.0,3.0,38.0,35.0,35.0,HOME_COVER,UNDER
2023_04_KC_NYJ,2023,4,2023-10-01,KC,NYJ,71.1,48.4,76.0,81.8,27.6,10.700000000000003,-16.9,-9.5,41.5,23.0,20.0,-3.0,-3.0,HOME_COVER,OVER
2023_04_SEA_NYG,2023,4,2023-10-02,SEA,NYG,52.9,43.4,79.4,66.1,36.00000000000001,13.199999999999996,-22.80000000000001,-2.5,46.5,24.0,3.0,-21.0,-21.0,AWAY_COVER,UNDER
2023_05_CHI_WAS,2023,5,2023-10-05,CHI,WAS,57.3,67.0,59.1,67.0,-7.899999999999999,9.700000000000003,17.6,6.0,45.5,40.0,20.0,-20.0,-20.0,AWAY_COVER,OVER
2023_05_JAX_BUF,2023,5,2023-10-08,JAX,BUF,59.6,70.5,64.5,76.4,-6.0,16.800000000000004,22.800000000000004,5.5,48.5,25.0,20.0,-5.0,-5.0,AWAY_COVER,UNDER
2023_05_CAR_DET,2023,5,2023-10-08,CAR,DET,53.6,69.4,71.5,74.8,2.0999999999999943,21.199999999999996,19.1,9.5,43.5,24.0,42.0,18.0,18.0,HOME_COVER,OVER
2023_05_TEN_IND,2023,5,2023-10-08,TEN,IND,57.1,71.7,70.6,79.4,-1.1000000000000085,22.300000000000004,23.400000000000013,-2.5,43.5,16.0,23.0,7.0,7.0,HOME_COVER,UNDER
2023_05_NYG_MIA,2023,5,2023-10-08,NYG,MIA,43.4,65.7,66.1,84.1,0.3999999999999915,40.699999999999996,40.300000000000004,12.5,47.5,16.0,31.0,15.0,15.0,HOME_COVER,UNDER
2023_05_NO_NE,2023,5,2023-10-08,NO,NE,55.7,50.9,69.2,62.2,18.300000000000004,6.5,-11.800000000000004,2.5,38.5,34.0,0.0,-34.0,-34.0,AWAY_COVER,UNDER
2023_05_PHI_LA,2023,5,2023-10-08,PHI,LA,76.6,62.5,80.0,77.5,17.5,0.9000000000000057,-16.599999999999994,-3.5,50.5,23.0,14.0,-9.0,-9.0,AWAY_COVER,UNDER
2023_05_NYJ_DEN,2023,5,2023-10-08,NYJ,DEN,48.4,72.7,81.8,69.8,9.099999999999994,21.4,12.300000000000004,2.5,42.5,31.0,21.0,-10.0,-10.0,AWAY_COVER,OVER
2023_05_KC_MIN,2023,5,2023-10-08,KC,MIN,71.1,74.4,76.0,59.9,1.5999999999999943,-11.199999999999996,-12.79999999999999,-3.5,52.5,27.0,20.0,-7.0,-7.0,AWAY_COVER,UNDER
2023_05_DAL_SF,2023,5,2023-10-08,DAL,SF,69.5,57.2,90.9,90.0,33.7,20.5,-13.200000000000003,3.5,45.0,10.0,42.0,32.0,32.0,HOME_COVER,OVER
2023_05_GB_LV,2023,5,2023-10-09,GB,LV,70.1,68.5,75.5,75.3,7.0,5.200000000000003,-1.7999999999999972,1.0,45.0,13.0,17.0,4.0,4.0,HOME_COVER,UNDER
2023_06_DEN_KC,2023,6,2023-10-12,DEN,KC,72.7,71.1,69.8,76.0,-1.2999999999999972,3.299999999999997,4.599999999999994,10.5,47.5,8.0,19.0,11.0,11.0,HOME_COVER,UNDER
2023_06_WAS_ATL,2023,6,2023-10-15,WAS,ATL,67.0,74.2,67.0,64.6,-7.200000000000003,-2.4000000000000057,4.799999999999997,1.5,42.0,24.0,16.0,-8.0,-8.0,AWAY_COVER,UNDER
2023_06_MIN_CHI,2023,6,2023-10-15,MIN,CHI,74.4,57.3,59.9,59.1,2.6000000000000014,-15.300000000000004,-17.900000000000006,-3.0,44.5,19.0,13.0,-6.0,-6.0,AWAY_COVER,UNDER
2023_06_SEA_CIN,2023,6,2023-10-15,SEA,CIN,52.9,58.8,79.4,76.2,20.60000000000001,23.300000000000004,2.6999999999999957,3.0,45.5,13.0,17.0,4.0,4.0,HOME_COVER,UNDER
2023_06_IND_JAX,2023,6,2023-10-15,IND,JAX,71.7,59.6,79.4,64.5,19.800000000000004,-7.200000000000003,-27.000000000000007,4.0,44.0,20.0,37.0,17.0,17.0,HOME_COVER,OVER
2023_06_CAR_MIA,2023,6,2023-10-15,CAR,MIA,53.6,65.7,71.5,84.1,5.799999999999997,30.499999999999993,24.699999999999996,14.0,47.5,21.0,42.0,21.0,21.0,HOME_COVER,OVER
2023_06_NE_LV,2023,6,2023-10-15,NE,LV,50.9,68.5,62.2,75.3,-6.299999999999997,24.4,30.699999999999996,3.0,41.5,17.0,21.0,4.0,4.0,HOME_COVER,UNDER
2023_06_PHI_NYJ,2023,6,2023-10-15,PHI,NYJ,76.6,48.4,80.0,81.8,31.6,5.200000000000003,-26.4,-6.5,43.0,14.0,20.0,6.0,6.0,HOME_COVER,UNDER
2023_06_DET_TB,2023,6,2023-10-15,DET,TB,69.4,70.6,74.8,74.9,4.200000000000003,5.5,1.2999999999999972,-3.0,43.5,20.0,6.0,-14.0,-14.0,AWAY_COVER,UNDER
2023_06_NYG_BUF,2023,6,2023-10-15,NYG,BUF,43.4,70.5,66.1,76.4,-4.400000000000006,33.00000000000001,37.40000000000001,15.5,43.5,9.0,14.0,5.0,5.0,AWAY_COVER,UNDER
2023_06_DAL_LAC,2023,6,2023-10-16,DAL,LAC,69.5,68.3,90.9,71.9,22.60000000000001,2.4000000000000057,-20.200000000000003,-1.5,49.5,20.0,17.0,-3.0,-3.0,AWAY_COVER,UNDER
2023_07_JAX_NO,2023,7,2023-10-19,JAX,NO,59.6,55.7,64.5,69.2,8.799999999999997,9.600000000000001,0.8000000000000043,2.5,41.0,31.0,24.0,-7.0,-7.0,AWAY_COVER,OVER
2023_07_LV_CHI,2023,7,2023-10-22,LV,CHI,68.5,57.3,75.3,59.1,18.0,-9.399999999999999,-27.4,-2.5,38.5,12.0,30.0,18.0,18.0,HOME_COVER,OVER
2023_07_BUF_NE,2023,7,2023-10-22,BUF,NE,70.5,50.9,76.4,62.2,25.500000000000007,-8.299999999999997,-33.800000000000004,-7.5,41.0,25.0,29.0,4.0,4.0,HOME_COVER,OVER
2023_07_WAS_NYG,2023,7,2023-10-22,WAS,NYG,67.0,43.4,67.0,66.1,23.6,-0.9000000000000057,-24.500000000000007,-3.0,37.0,7.0,14.0,7.0,7.0,HOME_COVER,UNDER
2023_07_ATL_TB,2023,7,2023-10-22,ATL,TB,74.2,70.6,64.6,74.9,-6.0,0.7000000000000028,6.700000000000003,3.0,37.5,16.0,13.0,-3.0,-3.0,AWAY_COVER,UNDER
2023_07_PIT_LA,2023,7,2023-10-22,PIT,LA,45.2,62.5,88.1,77.5,25.599999999999994,32.3,6.700000000000003,3.5,44.0,24.0,17.0,-7.0,-7.0,AWAY_COVER,UNDER
2023_07_GB_DEN,2023,7,2023-10-22,GB,DEN,70.1,72.7,75.5,69.8,2.799999999999997,-0.29999999999999716,-3.0999999999999943,1.5,44.0,17.0,19.0,2.0,2.0,HOME_COVER,UNDER
2023_07_LAC_KC,2023,7,2023-10-22,LAC,KC,68.3,71.1,71.9,76.0,0.8000000000000114,7.700000000000003,6.8999999999999915,5.5,48.5,17.0,31.0,14.0,14.0,HOME_COVER,UNDER
2023_07_MIA_PHI,2023,7,2023-10-22,MIA,PHI,65.7,76.6,84.1,80.0,7.5,14.299999999999997,6.799999999999997,3.0,52.0,17.0,31.0,14.0,14.0,HOME_COVER,UNDER
2023_07_SF_MIN,2023,7,2023-10-23,SF,MIN,57.2,74.4,90.0,59.9,15.599999999999994,2.6999999999999957,-12.899999999999999,-7.0,44.5,17.0,22.0,5.0,5.0,HOME_COVER,UNDER
2023_08_TB_BUF,2023,8,2023-10-26,TB,BUF,70.6,70.5,74.9,76.4,4.400000000000006,5.800000000000011,1.4000000000000057,10.0,43.0,18.0,24.0,6.0,6.0,AWAY_COVER,UNDER
2023_08_LA_DAL,2023,8,2023-10-29,LA,DAL,62.5,69.5,77.5,90.9,8.0,28.400000000000006,20.400000000000006,6.5,44.5,20.0,43.0,23.0,23.0,HOME_COVER,OVER
2023_08_MIN_GB,2023,8,2023-10-29,MIN,GB,74.4,70.1,59.9,75.5,-10.199999999999996,1.0999999999999943,11.29999999999999,-1.0,41.5,24.0,10.0,-14.0,-14.0,AWAY_COVER,UNDER
2023_08_NO_IND,2023,8,2023-10-29,NO,IND,55.7,71.7,69.2,79.4,-2.5,23.700000000000003,26.200000000000003,-2.0,43.5,38.0,27.0,-11.0,-11.0,AWAY_COVER,OVER
2023_08_NE_MIA,2023,8,2023-10-29,NE,MIA,50.9,65.7,62.2,84.1,-3.5,33.199999999999996,36.699999999999996,7.5,46.5,17.0,31.0,14.0,14.0,HOME_COVER,OVER
2023_08_NYJ_NYG,2023,8,2023-10-29,NYJ,NYG,48.4,43.4,81.8,66.1,38.4,17.699999999999996,-20.700000000000003,-3.0,35.0,13.0,10.0,-3.0,-3.0,AWAY_COVER,UNDER
2023_08_JAX_PIT,2023,8,2023-10-29,JAX,PIT,59.6,45.2,64.5,88.1,19.299999999999997,28.499999999999993,9.199999999999996,-2.5,41.0,20.0,10.0,-10.0,-10.0,AWAY_COVER,UNDER
2023_08_ATL_TEN,2023,8,2023-10-29,ATL,TEN,74.2,57.1,64.6,70.6,7.499999999999993,-3.6000000000000085,-11.100000000000001,-2.5,35.0,23.0,28.0,5.0,5.0,HOME_COVER,OVER
2023_08_PHI_WAS,2023,8,2023-10-29,PHI,WAS,76.6,67.0,80.0,67.0,13.0,-9.599999999999994,-22.599999999999994,-7.0,42.5,38.0,31.0,-7.0,-7.0,AWAY_COVER,OVER
2023_08_KC_DEN,2023,8,2023-10-29,KC,DEN,71.1,72.7,76.0,69.8,3.299999999999997,-1.2999999999999972,-4.599999999999994,-7.0,45.5,9.0,24.0,15.0,15.0,HOME_COVER,UNDER
2023_08_CIN_SF,2023,8,2023-10-29,CIN,SF,58.8,57.2,76.2,90.0,19.0,31.200000000000003,12.200000000000003,4.0,44.0,31.0,17.0,-14.0,-14.0,AWAY_COVER,OVER
2023_08_CHI_LAC,2023,8,2023-10-29,CHI,LAC,57.3,68.3,59.1,71.9,-9.199999999999996,14.600000000000009,23.800000000000004,9.5,46.0,13.0,30.0,17.0,17.0,HOME_COVER,UNDER
2023_08_LV_DET,2023,8,2023-10-30,LV,DET,68.5,69.4,75.3,74.8,5.8999999999999915,6.299999999999997,0.4000000000000057,7.0,46.0,14.0,26.0,12.0,12.0,HOME_COVER,UNDER
2023_09_TEN_PIT,2023,9,2023-11-02,TEN,PIT,57.1,45.2,70.6,88.1,25.39999999999999,30.999999999999993,5.600000000000001,3.5,37.0,16.0,20.0,4.0,4.0,HOME_COVER,UNDER
2023_09_MIA_KC,2023,9,2023-11-05,MIA,KC,65.7,71.1,84.1,76.0,13.0,10.299999999999997,-2.700000000000003,1.0,51.0,14.0,21.0,7.0,7.0,HOME_COVER,UNDER
2023_09_MIN_ATL,2023,9,2023-11-05,MIN,ATL,74.4,74.2,59.9,64.6,-14.300000000000004,-9.800000000000011,4.499999999999993,3.5,38.5,31.0,28.0,-3.0,-3.0,AWAY_COVER,OVER
2023_09_LA_GB,2023,9,2023-11-05,LA,GB,62.5,70.1,77.5,75.5,7.400000000000006,13.0,5.599999999999994,3.5,38.0,3.0,20.0,17.0,17.0,HOME_COVER,UNDER
2023_09_WAS_NE,2023,9,2023-11-05,WAS,NE,67.0,50.9,67.0,62.2,16.1,-4.799999999999997,-20.9,2.5,40.5,20.0,17.0,-3.0,-3.0,AWAY_COVER,UNDER
2023_09_CHI_NO,2023,9,2023-11-05,CHI,NO,57.3,55.7,59.1,69.2,3.3999999999999986,11.900000000000006,8.500000000000007,9.0,42.0,17.0,24.0,7.0,7.0,AWAY_COVER,UNDER
2023_09_IND_CAR,2023,9,2023-11-05,IND,CAR,71.7,53.6,79.4,71.5,25.800000000000004,-0.20000000000000284,-26.000000000000007,-1.5,45.0,27.0,13.0,-14.0,-14.0,AWAY_COVER,UNDER
2023_09_NYG_LV,2023,9,2023-11-05,NYG,LV,43.4,68.5,66.1,75.3,-2.4000000000000057,31.9,34.300000000000004,1.0,38.5,6.0,30.0,24.0,24.0,HOME_COVER,UNDER
2023_09_DAL_PHI,2023,9,2023-11-05,DAL,PHI,69.5,76.6,90.9,80.0,14.300000000000011,10.5,-3.8000000000000114,3.5,46.5,23.0,28.0,5.0,5.0,HOME_COVER,OVER
2023_09_BUF_CIN,2023,9,2023-11-05,BUF,CIN,70.5,58.8,76.4,76.2,17.60000000000001,5.700000000000003,-11.900000000000006,1.5,51.0,18.0,24.0,6.0,6.0,HOME_COVER,UNDER
2023_09_LAC_NYJ,2023,9,2023-11-06,LAC,NYJ,68.3,48.4,71.9,81.8,23.500000000000007,13.5,-10.000000000000007,-3.0,41.0,27.0,6.0,-21.0,-21.0,AWAY_COVER,UNDER
2023_10_CAR_CHI,2023,10,2023-11-09,CAR,CHI,53.6,57.3,71.5,59.1,14.200000000000003,5.5,-8.700000000000003,3.0,38.0,13.0,16.0,3.0,3.0,AWAY_COVER,UNDER
2023_10_IND_NE,2023,10,2023-11-12,IND,NE,71.7,50.9,79.4,62.2,28.500000000000007,-9.5,-38.00000000000001,-1.0,42.0,10.0,6.0,-4.0,-4.0,AWAY_COVER,UNDER
2023_10_SF_JAX,2023,10,2023-11-12,SF,JAX,57.2,59.6,90.0,64.5,30.4,7.299999999999997,-23.1,-3.0,44.5,34.0,3.0,-31.0,-31.0,AWAY_COVER,UNDER
2023_10_NO_MIN,2023,10,2023-11-12,NO,MIN,55.7,74.4,69.2,59.9,-5.200000000000003,4.199999999999996,9.399999999999999,-3.0,41.0,19.0,27.0,8.0,8.0,HOME_COVER,OVER
2023_10_GB_PIT,2023,10,2023-11-12,GB,PIT,70.1,45.2,75.5,88.1,30.299999999999997,18.0,-12.299999999999997,3.0,38.5,19.0,23.0,4.0,4.0,HOME_COVER,OVER
2023_10_TEN_TB,2023,10,2023-11-12,TEN,TB,57.1,70.6,70.6,74.9,0.0,17.800000000000004,17.800000000000004,2.5,39.5,6.0,20.0,14.0,14.0,HOME_COVER,UNDER
2023_10_DET_LAC,2023,10,2023-11-12,DET,LAC,69.4,68.3,74.8,71.9,6.5,2.5,-4.0,-2.5,48.5,41.0,38.0,-3.0,-3.0,AWAY_COVER,OVER
2023_10_NYG_DAL,2023,10,2023-11-12,NYG,DAL,43.4,69.5,66.1,90.9,-3.4000000000000057,47.50000000000001,50.90000000000001,17.5,38.5,17.0,49.0,32.0,32.0,HOME_COVER,OVER
2023_10_WAS_SEA,2023,10,2023-11-12,WAS,SEA,67.0,52.9,67.0,79.4,14.100000000000001,12.400000000000006,-1.6999999999999957,6.0,44.0,26.0,29.0,3.0,3.0,AWAY_COVER,OVER
2023_10_NYJ_LV,2023,10,2023-11-12,NYJ,LV,48.4,68.5,81.8,75.3,13.299999999999997,26.9,13.600000000000001,-1.0,35.5,12.0,16.0,4.0,4.0,HOME_COVER,UNDER
2023_10_DEN_BUF,2023,10,2023-11-13,DEN,BUF,72.7,70.5,69.8,76.4,-0.7000000000000028,3.700000000000003,4.400000000000006,7.5,47.5,24.0,22.0,-2.0,-2.0,AWAY_COVER,UNDER
2023_11_DAL_CAR,2023,11,2023-11-19,DAL,CAR,69.5,53.6,90.9,71.5,37.300000000000004,2.0,-35.300000000000004,-11.0,43.0,33.0,10.0,-23.0,-23.0,AWAY_COVER,UNDER
2023_11_CHI_DET,2023,11,2023-11-19,CHI,DET,57.3,69.4,59.1,74.8,-10.300000000000004,17.5,27.800000000000004,8.0,48.0,26.0,31.0,5.0,5.0,AWAY_COVER,OVER
2023_11_LAC_GB,2023,11,2023-11-19,LAC,GB,68.3,70.1,71.9,75.5,1.8000000000000114,7.200000000000003,5.3999999999999915,-3.0,44.0,20.0,23.0,3.0,3.0,HOME_COVER,UNDER
2023_11_TEN_JAX,2023,11,2023-11-19,TEN,JAX,57.1,59.6,70.6,64.5,10.999999999999993,7.399999999999999,-3.5999999999999943,6.5,40.0,14.0,34.0,20.0,20.0,HOME_COVER,OVER
2023_11_LV_MIA,2023,11,2023-11-19,LV,MIA,68.5,65.7,75.3,84.1,9.599999999999994,15.599999999999994,6.0,14.0,44.5,13.0,20.0,7.0,7.0,AWAY_COVER,UNDER
2023_11_NYG_WAS,2023,11,2023-11-19,NYG,WAS,43.4,67.0,66.1,67.0,-0.9000000000000057,23.6,24.500000000000007,7.5,39.0,31.0,19.0,-12.0,-12.0,AWAY_COVER,OVER
2023_11_TB_SF,2023,11,2023-11-19,TB,SF,70.6,57.2,74.9,90.0,17.700000000000003,19.400000000000006,1.7000000000000028,13.5,41.5,14.0,27.0,13.0,13.0,AWAY_COVER,UNDER
2023_11_NYJ_BUF,2023,11,2023-11-19,NYJ,BUF,48.4,70.5,81.8,76.4,11.299999999999997,28.000000000000007,16.70000000000001,8.0,39.5,6.0,32.0,26.0,26.0,HOME_COVER,UNDER
2023_11_SEA_LA,2023,11,2023-11-19,SEA,LA,52.9,62.5,79.4,77.5,16.900000000000006,24.6,7.699999999999996,2.5,45.0,16.0,17.0,1.0,1.0,AWAY_COVER,UNDER
2023_11_MIN_DEN,2023,11,2023-11-19,MIN,DEN,74.4,72.7,59.9,69.8,-12.800000000000004,-4.6000000000000085,8.199999999999996,2.5,43.5,20.0,21.0,1.0,1.0,AWAY_COVER,UNDER
2023_11_PHI_KC,2023,11,2023-11-20,PHI,KC,76.6,71.1,80.0,76.0,8.900000000000006,-0.5999999999999943,-9.5,2.5,46.0,21.0,17.0,-4.0,-4.0,AWAY_COVER,UNDER
2023_12_GB_DET,2023,12,2023-11-23,GB,DET,70.1,69.4,75.5,74.8,6.099999999999994,4.700000000000003,-1.3999999999999915,8.5,47.0,29.0,22.0,-7.0,-7.0,AWAY_COVER,OVER
2023_12_WAS_DAL,2023,12,2023-11-23,WAS,DAL,67.0,69.5,67.0,90.9,-2.5,23.900000000000006,26.400000000000006,13.0,48.0,10.0,45.0,35.0,35.0,HOME_COVER,OVER
2023_12_SF_SEA,2023,12,2023-11-23,SF,SEA,57.2,52.9,90.0,79.4,37.1,22.200000000000003,-14.899999999999999,-7.0,43.5,31.0,13.0,-18.0,-18.0,AWAY_COVER,OVER
2023_12_MIA_NYJ,2023,12,2023-11-24,MIA,NYJ,65.7,48.4,84.1,81.8,35.699999999999996,16.099999999999994,-19.6,-9.5,40.0,34.0,13.0,-21.0,-21.0,AWAY_COVER,OVER
2023_12_NO_ATL,2023,12,2023-11-26,NO,ATL,55.7,74.2,69.2,64.6,-5.0,8.899999999999991,13.899999999999991,-2.0,42.0,15.0,24.0,9.0,9.0,HOME_COVER,UNDER
2023_12_PIT_CIN,2023,12,2023-11-26,PIT,CIN,45.2,58.8,88.1,76.2,29.299999999999997,31.0,1.7000000000000028,-2.0,36.0,16.0,10.0,-6.0,-6.0,AWAY_COVER,UNDER
2023_12_TB_IND,2023,12,2023-11-26,TB,IND,70.6,71.7,74.9,79.4,3.200000000000003,8.800000000000011,5.6000000000000085,2.5,45.0,20.0,27.0,7.0,7.0,HOME_COVER,OVER
2023_12_NE_NYG,2023,12,2023-11-26,NE,NYG,50.9,43.4,62.2,66.1,18.800000000000004,15.199999999999996,-3.6000000000000085,-4.5,36.5,7.0,10.0,3.0,3.0,HOME_COVER,UNDER
2023_12_CAR_TEN,2023,12,2023-11-26,CAR,TEN,53.6,57.1,71.5,70.6,14.399999999999999,16.999999999999993,2.5999999999999943,3.5,36.0,10.0,17.0,7.0,7.0,HOME_COVER,UNDER
2023_12_KC_LV,2023,12,2023-11-26,KC,LV,71.1,68.5,76.0,75.3,7.5,4.200000000000003,-3.299999999999997,-9.0,42.5,31.0,17.0,-14.0,-14.0,AWAY_COVER,OVER
2023_12_BUF_PHI,2023,12,2023-11-26,BUF,PHI,70.5,76.6,76.4,80.0,-0.19999999999998863,9.5,9.699999999999989,2.5,49.0,34.0,37.0,3.0,3.0,HOME_COVER,OVER
2023_12_CHI_MIN,2023,12,2023-11-27,CHI,MIN,57.3,74.4,59.1,59.9,-15.300000000000004,2.6000000000000014,17.900000000000006,3.0,43.5,12.0,10.0,-2.0,-2.0,AWAY_COVER,UNDER
2023_13_SEA_DAL,2023,13,2023-11-30,SEA,DAL,52.9,69.5,79.4,90.9,9.900000000000006,38.00000000000001,28.1,9.5,47.5,35.0,41.0,6.0,6.0,AWAY_COVER,OVER
2023_13_LAC_NE,2023,13,2023-12-03,LAC,NE,68.3,50.9,71.9,62.2,21.000000000000007,-6.099999999999994,-27.1,-4.5,38.5,6.0,0.0,-6.0,-6.0,AWAY_COVER,UNDER
2023_13_DET_NO,2023,13,2023-12-03,DET,NO,69.4,55.7,74.8,69.2,19.099999999999994,-0.20000000000000284,-19.299999999999997,-4.0,47.5,33.0,28.0,-5.0,-5.0,AWAY_COVER,OVER
2023_13_ATL_NYJ,2023,13,2023-12-03,ATL,NYJ,74.2,48.4,64.6,81.8,16.199999999999996,7.599999999999994,-8.600000000000001,-2.0,33.0,13.0,8.0,-5.0,-5.0,AWAY_COVER,UNDER
2023_13_IND_TEN,2023,13,2023-12-03,IND,TEN,71.7,57.1,79.4,70.6,22.300000000000004,-1.1000000000000085,-23.400000000000013,-1.5,42.0,31.0,28.0,-3.0,-3.0,AWAY_COVER,OVER
2023_13_MIA_WAS,2023,13,2023-12-03,MIA,WAS,65.7,67.0,84.1,67.0,17.099999999999994,1.2999999999999972,-15.799999999999997,-8.5,50.0,45.0,15.0,-30.0,-30.0,AWAY_COVER,OVER
2023_13_CAR_TB,2023,13,2023-12-03,CAR,TB,53.6,70.6,71.5,74.9,0.9000000000000057,21.300000000000004,20.4,4.0,37.0,18.0,21.0,3.0,3.0,AWAY_COVER,OVER
2023_13_SF_PHI,2023,13,2023-12-03,SF,PHI,57.2,76.6,90.0,80.0,13.400000000000006,22.799999999999997,9.399999999999991,-3.0,46.5,42.0,19.0,-23.0,-23.0,AWAY_COVER,OVER
2023_13_KC_GB,2023,13,2023-12-03,KC,GB,71.1,70.1,76.0,75.5,5.900000000000006,4.400000000000006,-1.5,-5.5,43.5,19.0,27.0,8.0,8.0,HOME_COVER,OVER
2023_13_CIN_JAX,2023,13,2023-12-04,CIN,JAX,58.8,59.6,76.2,64.5,16.6,5.700000000000003,-10.899999999999999,10.0,41.0,34.0,31.0,-3.0,-3.0,AWAY_COVER,OVER
2023_14_NE_PIT,2023,14,2023-12-07,NE,PIT,50.9,45.2,62.2,88.1,17.0,37.199999999999996,20.199999999999996,6.0,30.0,21.0,18.0,-3.0,-3.0,AWAY_COVER,OVER
2023_14_TB_ATL,2023,14,2023-12-10,TB,ATL,70.6,74.2,74.9,64.6,0.7000000000000028,-6.0,-6.700000000000003,1.5,41.5,29.0,25.0,-4.0,-4.0,AWAY_COVER,OVER
2023_14_DET_CHI,2023,14,2023-12-10,DET,CHI,69.4,57.3,74.8,59.1,17.5,-10.300000000000004,-27.800000000000004,-3.0,44.5,13.0,28.0,15.0,15.0,HOME_COVER,UNDER
2023_14_IND_CIN,2023,14,2023-12-10,IND,CIN,71.7,58.8,79.4,76.2,20.60000000000001,4.5,-16.10000000000001,3.0,45.0,14.0,34.0,20.0,20.0,HOME_COVER,OVER
2023_14_CAR_NO,2023,14,2023-12-10,CAR,NO,53.6,55.7,71.5,69.2,15.799999999999997,15.600000000000001,-0.19999999999999574,5.5,39.0,6.0,28.0,22.0,22.0,HOME_COVER,UNDER
2023_14_MIN_LV,2023,14,2023-12-10,MIN,LV,74.4,68.5,59.9,75.3,-8.600000000000001,0.8999999999999915,9.499999999999993,-3.0,40.5,3.0,0.0,-3.0,-3.0,AWAY_COVER,UNDER
2023_14_SEA_SF,2023,14,2023-12-10,SEA,SF,52.9,57.2,79.4,90.0,22.200000000000003,37.1,14.899999999999999,14.5,44.5,16.0,28.0,12.0,12.0,AWAY_COVER,UNDER
2023_14_BUF_KC,2023,14,2023-12-10,BUF,KC,70.5,71.1,76.4,76.0,5.300000000000011,5.5,0.19999999999998863,2.0,49.5,20.0,17.0,-3.0,-3.0,AWAY_COVER,UNDER
2023_14_DEN_LAC,2023,14,2023-12-10,DEN,LAC,72.7,68.3,69.8,71.9,1.5,-0.7999999999999972,-2.299999999999997,3.0,45.0,24.0,7.0,-17.0,-17.0,AWAY_COVER,UNDER
2023_14_PHI_DAL,2023,14,2023-12-10,PHI,DAL,76.6,69.5,80.0,90.9,10.5,14.300000000000011,3.8000000000000114,3.5,52.5,13.0,33.0,20.0,20.0,HOME_COVER,UNDER
2023_14_TEN_MIA,2023,14,2023-12-11,TEN,MIA,57.1,65.7,70.6,84.1,4.8999999999999915,26.999999999999993,22.1,14.0,45.0,28.0,27.0,-1.0,-1.0,AWAY_COVER,OVER
2023_14_GB_NYG,2023,14,2023-12-11,GB,NYG,70.1,43.4,75.5,66.1,32.1,-4.0,-36.1,-6.0,37.5,22.0,24.0,2.0,2.0,HOME_COVER,OVER
2023_15_LAC_LV,2023,15,2023-12-14,LAC,LV,68.3,68.5,71.9,75.3,3.4000000000000057,7.0,3.5999999999999943,3.0,36.0,21.0,63.0,42.0,42.0,HOME_COVER,OVER
2023_15_MIN_CIN,2023,15,2023-12-16,MIN,CIN,74.4,58.8,59.9,76.2,1.1000000000000014,1.7999999999999972,0.6999999999999957,3.0,41.5,24.0,27.0,3.0,3.0,AWAY_COVER,OVER
2023_15_PIT_IND,2023,15,2023-12-16,PIT,IND,45.2,71.7,88.1,79.4,16.39999999999999,34.2,17.80000000000001,1.5,41.5,13.0,30.0,17.0,17.0,HOME_COVER,OVER
2023_15_DEN_DET,2023,15,2023-12-16,DEN,DET,72.7,69.4,69.8,74.8,0.3999999999999915,2.0999999999999943,1.7000000000000028,5.5,49.0,17.0,42.0,25.0,25.0,HOME_COVER,OVER
2023_15_ATL_CAR,2023,15,2023-12-17,ATL,CAR,74.2,53.6,64.6,71.5,10.999999999999993,-2.700000000000003,-13.699999999999996,-3.0,32.0,7.0,9.0,2.0,2.0,HOME_COVER,UNDER
2023_15_TB_GB,2023,15,2023-12-17,TB,GB,70.6,70.1,74.9,75.5,4.800000000000011,4.900000000000006,0.09999999999999432,4.0,41.5,34.0,20.0,-14.0,-14.0,AWAY_COVER,OVER
2023_15_NYJ_MIA,2023,15,2023-12-17,NYJ,MIA,48.4,65.7,81.8,84.1,16.099999999999994,35.699999999999996,19.6,7.5,36.0,0.0,30.0,30.0,30.0,HOME_COVER,UNDER
2023_15_KC_NE,2023,15,2023-12-17,KC,NE,71.1,50.9,76.0,62.2,25.1,-8.899999999999991,-33.99999999999999,-10.0,39.5,27.0,17.0,-10.0,-10.0,AWAY_COVER,OVER
2023_15_NYG_NO,2023,15,2023-12-17,NYG,NO,43.4,55.7,66.1,69.2,10.399999999999991,25.800000000000004,15.400000000000013,6.0,39.5,6.0,24.0,18.0,18.0,HOME_COVER,UNDER
2023_15_WAS_LA,2023,15,2023-12-17,WAS,LA,67.0,62.5,67.0,77.5,4.5,10.5,6.0,6.5,48.5,20.0,28.0,8.0,8.0,HOME_COVER,UNDER
2023_15_DAL_BUF,2023,15,2023-12-17,DAL,BUF,69.5,70.5,90.9,76.4,20.400000000000006,6.900000000000006,-13.5,2.0,49.5,10.0,31.0,21.0,21.0,HOME_COVER,UNDER
2023_15_PHI_SEA,2023,15,2023-12-18,PHI,SEA,76.6,52.9,80.0,79.4,27.1,2.8000000000000114,-24.29999999999999,-5.0,46.0,17.0,20.0,3.0,3.0,HOME_COVER,UNDER
2023_16_NO_LA,2023,16,2023-12-21,NO,LA,55.7,62.5,69.2,77.5,6.700000000000003,21.799999999999997,15.099999999999994,4.0,45.5,22.0,30.0,8.0,8.0,HOME_COVER,OVER
2023_16_CIN_PIT,2023,16,2023-12-23,CIN,PIT,58.8,45.2,76.2,88.1,31.0,29.299999999999997,-1.7000000000000028,-3.0,39.5,11.0,34.0,23.0,23.0,HOME_COVER,OVER
2023_16_BUF_LAC,2023,16,2023-12-23,BUF,LAC,70.5,68.3,76.4,71.9,8.100000000000009,1.4000000000000057,-6.700000000000003,-13.0,44.5,24.0,22.0,-2.0,-2.0,HOME_COVER,OVER
2023_16_IND_ATL,2023,16,2023-12-24,IND,ATL,71.7,74.2,79.4,64.6,5.200000000000003,-7.1000000000000085,-12.300000000000011,3.0,44.0,10.0,29.0,19.0,19.0,HOME_COVER,UNDER
2023_16_GB_CAR,2023,16,2023-12-24,GB,CAR,70.1,53.6,75.5,71.5,21.9,1.4000000000000057,-20.499999999999993,-3.5,39.5,33.0,30.0,-3.0,-3.0,HOME_COVER,OVER
2023_16_DET_MIN,2023,16,2023-12-24,DET,MIN,69.4,74.4,74.8,59.9,0.3999999999999915,-9.500000000000007,-9.899999999999999,-2.5,47.5,30.0,24.0,-6.0,-6.0,AWAY_COVER,OVER
2023_16_WAS_NYJ,2023,16,2023-12-24,WAS,NYJ,67.0,48.4,67.0,81.8,18.6,14.799999999999997,-3.8000000000000043,3.0,36.5,28.0,30.0,2.0,2.0,AWAY_COVER,OVER
2023_16_SEA_TEN,2023,16,2023-12-24,SEA,TEN,52.9,57.1,79.4,70.6,22.300000000000004,17.699999999999996,-4.6000000000000085,-3.0,42.0,20.0,17.0,-3.0,-3.0,AWAY_COVER,UNDER
2023_16_JAX_TB,2023,16,2023-12-24,JAX,TB,59.6,70.6,64.5,74.9,-6.099999999999994,15.300000000000004,21.4,-2.0,43.0,12.0,30.0,18.0,18.0,HOME_COVER,UNDER
2023_16_DAL_MIA,2023,16,2023-12-24,DAL,MIA,69.5,65.7,90.9,84.1,25.200000000000003,14.599999999999994,-10.600000000000009,1.5,48.5,20.0,22.0,2.0,2.0,HOME_COVER,UNDER
2023_16_NE_DEN,2023,16,2023-12-24,NE,DEN,50.9,72.7,62.2,69.8,-10.5,18.9,29.4,7.0,37.5,26.0,23.0,-3.0,-3.0,AWAY_COVER,OVER
2023_16_LV_KC,2023,16,2023-12-25,LV,KC,68.5,71.1,75.3,76.0,4.200000000000003,7.5,3.299999999999997,11.0,40.5,20.0,14.0,-6.0,-6.0,AWAY_COVER,UNDER
2023_16_NYG_PHI,2023,16,2023-12-25,NYG,PHI,43.4,76.6,66.1,80.0,-10.5,36.6,47.1,14.0,41.0,25.0,33.0,8.0,8.0,AWAY_COVER,OVER
2023_17_DET_DAL,2023,17,2023-12-30,DET,DAL,69.4,69.5,74.8,90.9,5.299999999999997,21.5,16.200000000000003,5.5,53.0,19.0,20.0,1.0,1.0,AWAY_COVER,UNDER
2023_17_NE_BUF,2023,17,2023-12-31,NE,BUF,50.9,70.5,62.2,76.4,-8.299999999999997,25.500000000000007,33.800000000000004,15.0,40.0,21.0,27.0,6.0,6.0,AWAY_COVER,OVER
2023_17_ATL_CHI,2023,17,2023-12-31,ATL,CHI,74.2,57.3,64.6,59.1,7.299999999999997,-15.100000000000001,-22.4,3.0,39.0,17.0,37.0,20.0,20.0,HOME_COVER,OVER
2023_17_LV_IND,2023,17,2023-12-31,LV,IND,68.5,71.7,75.3,79.4,3.5999999999999943,10.900000000000006,7.300000000000011,3.5,42.5,20.0,23.0,3.0,3.0,AWAY_COVER,OVER
2023_17_CAR_JAX,2023,17,2023-12-31,CAR,JAX,53.6,59.6,71.5,64.5,11.899999999999999,10.899999999999999,-1.0,3.5,38.0,0.0,26.0,26.0,26.0,HOME_COVER,UNDER
2023_17_LA_NYG,2023,17,2023-12-31,LA,NYG,62.5,43.4,77.5,66.1,34.1,3.5999999999999943,-30.500000000000007,-6.0,43.5,26.0,25.0,-1.0,-1.0,HOME_COVER,OVER
2023_17_NO_TB,2023,17,2023-12-31,NO,TB,55.7,70.6,69.2,74.9,-1.3999999999999915,19.200000000000003,20.599999999999994,2.5,42.5,23.0,13.0,-10.0,-10.0,AWAY_COVER,UNDER
2023_17_SF_WAS,2023,17,2023-12-31,SF,WAS,57.2,67.0,90.0,67.0,23.0,9.799999999999997,-13.200000000000003,-14.0,49.0,27.0,10.0,-17.0,-17.0,AWAY_COVER,UNDER
2023_17_PIT_SEA,2023,17,2023-12-31,PIT,SEA,45.2,52.9,88.1,79.4,35.199999999999996,34.2,-0.9999999999999929,4.5,40.5,30.0,23.0,-7.0,-7.0,AWAY_COVER,OVER
2023_17_LAC_DEN,2023,17,2023-12-31,LAC,DEN,68.3,72.7,71.9,69.8,-0.7999999999999972,1.5,2.299999999999997,3.5,39.5,9.0,16.0,7.0,7.0,HOME_COVER,UNDER
2023_17_CIN_KC,2023,17,2023-12-31,CIN,KC,58.8,71.1,76.2,76.0,5.1000000000000085,17.200000000000003,12.099999999999994,7.5,46.0,17.0,25.0,8.0,8.0,HOME_COVER,UNDER
2023_17_GB_MIN,2023,17,2023-12-31,GB,MIN,70.1,74.4,75.5,59.9,1.0999999999999943,-10.199999999999996,-11.29999999999999,1.0,42.5,33.0,10.0,-23.0,-23.0,AWAY_COVER,OVER
2023_18_TB_CAR,2023,18,2024-01-07,TB,CAR,70.6,53.6,74.9,71.5,21.300000000000004,0.9000000000000057,-20.4,-5.0,36.5,9.0,0.0,-9.0,-9.0,AWAY_COVER,UNDER
2023_18_MIN_DET,2023,18,2024-01-07,MIN,DET,74.4,69.4,59.9,74.8,-9.500000000000007,0.3999999999999915,9.899999999999999,3.5,47.5,20.0,30.0,10.0,10.0,HOME_COVER,OVER
2023_18_NYJ_NE,2023,18,2024-01-07,NYJ,NE,48.4,50.9,81.8,62.2,30.9,13.800000000000004,-17.099999999999994,2.5,28.5,17.0,3.0,-14.0,-14.0,AWAY_COVER,UNDER
2023_18_ATL_NO,2023,18,2024-01-07,ATL,NO,74.2,55.7,64.6,69.2,8.899999999999991,-5.0,-13.899999999999991,3.5,41.5,17.0,48.0,31.0,31.0,HOME_COVER,OVER
2023_18_JAX_TEN,2023,18,2024-01-07,JAX,TEN,59.6,57.1,64.5,70.6,7.399999999999999,10.999999999999993,3.5999999999999943,-3.5,41.5,20.0,28.0,8.0,8.0,HOME_COVER,OVER
2023_18_CHI_GB,2023,18,2024-01-07,CHI,GB,57.3,70.1,59.1,75.5,-10.999999999999993,18.200000000000003,29.199999999999996,2.5,45.5,9.0,17.0,8.0,8.0,HOME_COVER,UNDER
2023_18_KC_LAC,2023,18,2024-01-07,KC,LAC,71.1,68.3,76.0,71.9,7.700000000000003,0.8000000000000114,-6.8999999999999915,3.5,35.0,13.0,12.0,-1.0,-1.0,AWAY_COVER,UNDER
2023_18_DEN_LV,2023,18,2024-01-07,DEN,LV,72.7,68.5,69.8,75.3,1.2999999999999972,2.5999999999999943,1.2999999999999972,3.5,37.5,14.0,27.0,13.0,13.0,HOME_COVER,OVER
2023_18_PHI_NYG,2023,18,2024-01-07,PHI,NYG,76.6,43.4,80.0,66.1,36.6,-10.5,-47.1,-4.5,43.0,10.0,27.0,17.0,17.0,HOME_COVER,UNDER
2023_18_LA_SF,2023,18,2024-01-07,LA,SF,62.5,57.2,77.5,90.0,20.299999999999997,27.5,7.200000000000003,5.5,40.0,21.0,20.0,-1.0,-1.0,AWAY_COVER,OVER
2023_18_DAL_WAS,2023,18,2024-01-07,DAL,WAS,69.5,67.0,90.9,67.0,23.900000000000006,-2.5,-26.400000000000006,-13.0,47.5,38.0,10.0,-28.0,-28.0,AWAY_COVER,OVER
2023_18_BUF_MIA,2023,18,2024-01-07,BUF,MIA,70.5,65.7,76.4,84.1,10.700000000000003,13.599999999999994,2.8999999999999915,-2.5,47.5,21.0,14.0,-7.0,-7.0,AWAY_COVER,UNDER
2024_01_GB_PHI,2024,1,2024-09-06,GB,PHI,79.6,73.6,68.3,90.0,-5.299999999999997,10.400000000000006,15.700000000000003,2.0,49.5,29.0,34.0,5.0,5.0,HOME_COVER,OVER
2024_01_PIT_ATL,2024,1,2024-09-08,PIT,ATL,61.6,72.8,90.5,59.0,17.700000000000003,-2.6000000000000014,-20.300000000000004,4.0,43.0,18.0,10.0,-8.0,-8.0,AWAY_COVER,UNDER
2024_01_TEN_CHI,2024,1,2024-09-08,TEN,CHI,60.1,72.8,62.1,69.0,-10.699999999999996,8.899999999999999,19.599999999999994,4.0,43.0,17.0,24.0,7.0,7.0,HOME_COVER,UNDER
2024_01_NE_CIN,2024,1,2024-09-08,NE,CIN,52.2,56.2,62.1,64.2,5.899999999999999,12.0,6.100000000000001,8.0,40.5,16.0,10.0,-6.0,-6.0,AWAY_COVER,UNDER
2024_01_JAX_MIA,2024,1,2024-09-08,JAX,MIA,66.7,66.1,65.1,67.7,-1.0,1.0,2.0,3.5,49.5,17.0,20.0,3.0,3.0,AWAY_COVER,UNDER
2024_01_CAR_NO,2024,1,2024-09-08,CAR,NO,69.4,51.6,51.9,65.6,0.29999999999999716,-3.8000000000000114,-4.1000000000000085,3.5,41.5,10.0,47.0,37.0,37.0,HOME_COVER,OVER
2024_01_MIN_NYG,2024,1,2024-09-08,MIN,NYG,67.9,57.6,65.3,76.3,7.699999999999996,8.399999999999991,0.6999999999999957,-1.0,42.5,28.0,6.0,-22.0,-22.0,AWAY_COVER,UNDER
2024_01_LV_LAC,2024,1,2024-09-08,LV,LAC,69.9,71.7,64.1,71.1,-7.6000000000000085,1.1999999999999886,8.799999999999997,3.0,41.0,10.0,22.0,12.0,12.0,HOME_COVER,UNDER
2024_01_DEN_SEA,2024,1,2024-09-08,DEN,SEA,83.5,60.1,76.7,70.3,16.6,-13.200000000000003,-29.800000000000004,6.5,42.0,20.0,26.0,6.0,6.0,AWAY_COVER,OVER
2024_01_WAS_TB,2024,1,2024-09-08,WAS,TB,62.0,83.3,69.2,67.5,-14.099999999999994,5.5,19.599999999999994,4.0,42.0,20.0,37.0,17.0,17.0,HOME_COVER,OVER
2024_01_LA_DET,2024,1,2024-09-08,LA,DET,53.7,69.3,76.6,73.3,7.299999999999997,19.599999999999994,12.299999999999997,5.0,54.0,20.0,26.0,6.0,6.0,HOME_COVER,UNDER
2024_01_NYJ_SF,2024,1,2024-09-09,NYJ,SF,68.9,72.0,66.5,68.3,-5.5,-0.6000000000000085,4.8999999999999915,3.5,43.0,19.0,32.0,13.0,13.0,HOME_COVER,OVER
2024_02_BUF_MIA,2024,2,2024-09-12,BUF,MIA,73.7,66.1,74.9,67.7,8.800000000000011,-6.0,-14.800000000000011,2.5,48.5,31.0,10.0,-21.0,-21.0,AWAY_COVER,UNDER
2024_02_LAC_CAR,2024,2,2024-09-15,LAC,CAR,71.7,69.4,71.1,51.9,1.6999999999999886,-19.800000000000004,-21.499999999999993,-5.0,39.0,26.0,3.0,-23.0,-23.0,AWAY_COVER,UNDER
2024_02_NO_DAL,2024,2,2024-09-15,NO,DAL,51.6,62.1,65.6,79.1,3.499999999999993,27.499999999999993,24.0,6.5,47.0,44.0,19.0,-25.0,-25.0,AWAY_COVER,OVER
2024_02_TB_DET,2024,2,2024-09-15,TB,DET,83.3,69.3,67.5,73.3,-1.7999999999999972,-10.0,-8.200000000000003,7.5,51.5,20.0,16.0,-4.0,-4.0,AWAY_COVER,UNDER
2024_02_IND_GB,2024,2,2024-09-15,IND,GB,72.5,79.6,67.9,68.3,-11.699999999999989,-4.200000000000003,7.499999999999986,-3.0,41.5,10.0,16.0,6.0,6.0,HOME_COVER,UNDER
2024_02_SF_MIN,2024,2,2024-09-15,SF,MIN,72.0,67.9,68.3,65.3,0.3999999999999915,-6.700000000000003,-7.099999999999994,-4.5,46.5,17.0,23.0,6.0,6.0,HOME_COVER,UNDER
2024_02_SEA_NE,2024,2,2024-09-15,SEA,NE,60.1,52.2,70.3,62.1,18.099999999999994,2.0,-16.099999999999994,-3.5,39.0,23.0,20.0,-3.0,-3.0,HOME_COVER,OVER
2024_02_NYJ_TEN,2024,2,2024-09-15,NYJ,TEN,68.9,60.1,66.5,62.1,6.399999999999999,-6.800000000000004,-13.200000000000003,-3.5,41.5,24.0,17.0,-7.0,-7.0,AWAY_COVER,UNDER
2024_02_NYG_WAS,2024,2,2024-09-15,NYG,WAS,57.6,62.0,76.3,69.2,14.299999999999997,11.600000000000001,-2.6999999999999957,1.5,42.5,18.0,21.0,3.0,3.0,HOME_COVER,UNDER
2024_02_PIT_DEN,2024,2,2024-09-15,PIT,DEN,61.6,83.5,90.5,76.7,7.0,15.100000000000001,8.100000000000001,-3.0,36.5,13.0,6.0,-7.0,-7.0,AWAY_COVER,UNDER
2024_02_CIN_KC,2024,2,2024-09-15,CIN,KC,56.2,68.6,64.2,75.7,-4.3999999999999915,19.5,23.89999999999999,6.5,47.5,25.0,26.0,1.0,1.0,AWAY_COVER,OVER
2024_02_ATL_PHI,2024,2,2024-09-16,ATL,PHI,72.8,73.6,59.0,90.0,-14.599999999999994,17.200000000000003,31.799999999999997,5.5,46.5,22.0,21.0,-1.0,-1.0,AWAY_COVER,UNDER
2024_03_NE_NYJ,2024,3,2024-09-19,NE,NYJ,52.2,68.9,62.1,66.5,-6.800000000000004,14.299999999999997,21.1,6.5,39.0,3.0,24.0,21.0,21.0,HOME_COVER,UNDER
2024_03_CHI_IND,2024,3,2024-09-22,CHI,IND,72.8,72.5,69.0,67.9,-3.5,-4.8999999999999915,-1.3999999999999915,1.5,43.0,16.0,21.0,5.0,5.0,HOME_COVER,UNDER
2024_03_PHI_NO,2024,3,2024-09-22,PHI,NO,73.6,51.6,90.0,65.6,38.4,-8.0,-46.4,2.5,49.0,15.0,12.0,-3.0,-3.0,AWAY_COVER,UNDER
2024_03_LAC_PIT,2024,3,2024-09-22,LAC,PIT,71.7,61.6,71.1,90.5,9.499999999999993,18.799999999999997,9.300000000000004,3.0,36.0,10.0,20.0,10.0,10.0,HOME_COVER,UNDER
2024_03_DEN_TB,2024,3,2024-09-22,DEN,TB,83.5,83.3,76.7,67.5,-6.599999999999994,-16.0,-9.400000000000006,6.0,40.5,26.0,7.0,-19.0,-19.0,AWAY_COVER,UNDER
2024_03_GB_TEN,2024,3,2024-09-22,GB,TEN,79.6,60.1,68.3,62.1,8.199999999999996,-17.499999999999993,-25.69999999999999,3.0,37.0,30.0,14.0,-16.0,-16.0,AWAY_COVER,OVER
2024_03_CAR_LV,2024,3,2024-09-22,CAR,LV,69.4,69.9,51.9,64.1,-18.000000000000007,-5.300000000000011,12.699999999999996,5.5,40.0,36.0,22.0,-14.0,-14.0,AWAY_COVER,OVER
2024_03_MIA_SEA,2024,3,2024-09-22,MIA,SEA,66.1,60.1,67.7,70.3,7.600000000000001,4.200000000000003,-3.3999999999999986,4.0,41.5,3.0,24.0,21.0,21.0,HOME_COVER,UNDER
2024_03_SF_LA,2024,3,2024-09-22,SF,LA,72.0,53.7,68.3,76.6,14.599999999999994,4.599999999999994,-10.0,-6.0,44.5,24.0,27.0,3.0,3.0,HOME_COVER,OVER
2024_03_KC_ATL,2024,3,2024-09-22,KC,ATL,68.6,72.8,75.7,59.0,2.9000000000000057,-9.599999999999994,-12.5,-3.0,46.0,22.0,17.0,-5.0,-5.0,AWAY_COVER,UNDER
2024_03_JAX_BUF,2024,3,2024-09-23,JAX,BUF,66.7,73.7,65.1,74.9,-8.600000000000009,8.200000000000003,16.80000000000001,4.0,46.5,10.0,47.0,37.0,37.0,HOME_COVER,OVER
2024_03_WAS_CIN,2024,3,2024-09-23,WAS,CIN,62.0,56.2,69.2,64.2,13.0,2.200000000000003,-10.799999999999997,7.5,46.0,38.0,33.0,-5.0,-5.0,AWAY_COVER,OVER
2024_04_DAL_NYG,2024,4,2024-09-26,DAL,NYG,62.1,57.6,79.1,76.3,21.499999999999993,14.199999999999996,-7.299999999999997,-5.5,45.0,20.0,15.0,-5.0,-5.0,HOME_COVER,UNDER
2024_04_NO_ATL,2024,4,2024-09-29,NO,ATL,51.6,72.8,65.6,59.0,-7.200000000000003,7.399999999999999,14.600000000000001,2.5,41.5,24.0,26.0,2.0,2.0,AWAY_COVER,OVER
2024_04_CIN_CAR,2024,4,2024-09-29,CIN,CAR,56.2,69.4,64.2,51.9,-5.200000000000003,-4.300000000000004,0.8999999999999986,-4.5,47.0,34.0,24.0,-10.0,-10.0,AWAY_COVER,OVER
2024_04_LA_CHI,2024,4,2024-09-29,LA,CHI,53.7,72.8,76.6,69.0,3.799999999999997,15.299999999999997,11.5,3.0,40.0,18.0,24.0,6.0,6.0,HOME_COVER,OVER
2024_04_MIN_GB,2024,4,2024-09-29,MIN,GB,67.9,79.6,65.3,68.3,-14.299999999999997,0.3999999999999915,14.699999999999989,2.5,44.0,31.0,29.0,-2.0,-2.0,AWAY_COVER,OVER
2024_04_PIT_IND,2024,4,2024-09-29,PIT,IND,61.6,72.5,90.5,67.9,18.0,6.300000000000004,-11.699999999999996,-2.5,40.0,24.0,27.0,3.0,3.0,HOME_COVER,OVER
2024_04_DEN_NYJ,2024,4,2024-09-29,DEN,NYJ,83.5,68.9,76.7,66.5,7.799999999999997,-17.0,-24.799999999999997,7.5,39.5,10.0,9.0,-1.0,-1.0,AWAY_COVER,UNDER
2024_04_PHI_TB,2024,4,2024-09-29,PHI,TB,73.6,83.3,90.0,67.5,6.700000000000003,-6.099999999999994,-12.799999999999997,-1.0,42.0,16.0,33.0,17.0,17.0,HOME_COVER,OVER
2024_04_NE_SF,2024,4,2024-09-29,NE,SF,52.2,72.0,62.1,68.3,-9.899999999999999,16.099999999999994,25.999999999999993,10.5,41.5,13.0,30.0,17.0,17.0,HOME_COVER,OVER
2024_04_KC_LAC,2024,4,2024-09-29,KC,LAC,68.6,71.7,75.7,71.1,4.0,2.5,-1.5,-7.5,41.5,17.0,10.0,-7.0,-7.0,HOME_COVER,UNDER
2024_04_TEN_MIA,2024,4,2024-09-30,TEN,MIA,60.1,66.1,62.1,67.7,-3.999999999999993,7.600000000000001,11.599999999999994,2.5,37.0,31.0,12.0,-19.0,-19.0,AWAY_COVER,OVER
2024_04_SEA_DET,2024,4,2024-09-30,SEA,DET,60.1,69.3,70.3,73.3,1.0,13.199999999999996,12.199999999999996,3.5,46.5,29.0,42.0,13.0,13.0,HOME_COVER,OVER
2024_05_TB_ATL,2024,5,2024-10-03,TB,ATL,83.3,72.8,67.5,59.0,-5.299999999999997,-24.299999999999997,-19.0,2.5,44.0,30.0,36.0,6.0,6.0,HOME_COVER,OVER
2024_05_NYJ_MIN,2024,5,2024-10-06,NYJ,MIN,68.9,67.9,66.5,65.3,-1.4000000000000057,-3.6000000000000085,-2.200000000000003,2.5,42.0,17.0,23.0,6.0,6.0,HOME_COVER,UNDER
2024_05_CAR_CHI,2024,5,2024-10-06,CAR,CHI,69.4,72.8,51.9,69.0,-20.9,-0.4000000000000057,20.499999999999993,4.0,40.0,10.0,36.0,26.0,26.0,HOME_COVER,OVER
2024_05_IND_JAX,2024,5,2024-10-06,IND,JAX,72.5,66.7,67.9,65.1,1.2000000000000028,-7.400000000000006,-8.600000000000009,3.5,45.0,34.0,37.0,3.0,3.0,AWAY_COVER,OVER
2024_05_MIA_NE,2024,5,2024-10-06,MIA,NE,66.1,52.2,67.7,62.1,15.5,-3.999999999999993,-19.499999999999993,-2.0,37.0,15.0,10.0,-5.0,-5.0,AWAY_COVER,UNDER
2024_05_LV_DEN,2024,5,2024-10-06,LV,DEN,69.9,83.5,64.1,76.7,-19.400000000000006,6.799999999999997,26.200000000000003,3.0,36.0,18.0,34.0,16.0,16.0,HOME_COVER,OVER
2024_05_GB_LA,2024,5,2024-10-06,GB,LA,79.6,53.7,68.3,76.6,14.599999999999994,-3.0,-17.599999999999994,-3.0,49.5,24.0,19.0,-5.0,-5.0,AWAY_COVER,UNDER
2024_05_NYG_SEA,2024,5,2024-10-06,NYG,SEA,57.6,60.1,76.3,70.3,16.199999999999996,12.699999999999996,-3.5,7.0,42.5,29.0,20.0,-9.0,-9.0,AWAY_COVER,OVER
2024_05_DAL_PIT,2024,5,2024-10-06,DAL,PIT,62.1,61.6,79.1,90.5,17.499999999999993,28.4,10.900000000000006,2.5,43.5,20.0,17.0,-3.0,-3.0,AWAY_COVER,UNDER
2024_05_NO_KC,2024,5,2024-10-07,NO,KC,51.6,68.6,65.6,75.7,-3.0,24.1,27.1,5.5,43.0,13.0,26.0,13.0,13.0,HOME_COVER,UNDER
2024_06_SF_SEA,2024,6,2024-10-10,SF,SEA,72.0,60.1,68.3,70.3,8.199999999999996,-1.7000000000000028,-9.899999999999999,-3.5,49.0,36.0,24.0,-12.0,-12.0,AWAY_COVER,OVER
2024_06_JAX_CHI,2024,6,2024-10-13,JAX,CHI,66.7,72.8,65.1,69.0,-7.700000000000003,2.299999999999997,10.0,-1.5,44.5,16.0,35.0,19.0,19.0,HOME_COVER,OVER
2024_06_TB_NO,2024,6,2024-10-13,TB,NO,83.3,51.6,67.5,65.6,15.899999999999999,-17.700000000000003,-33.6,-3.5,42.5,51.0,27.0,-24.0,-24.0,AWAY_COVER,OVER
2024_06_IND_TEN,2024,6,2024-10-13,IND,TEN,72.5,60.1,67.9,62.1,7.800000000000004,-10.399999999999999,-18.200000000000003,2.5,42.0,20.0,17.0,-3.0,-3.0,AWAY_COVER,UNDER
2024_06_LAC_DEN,2024,6,2024-10-13,LAC,DEN,71.7,83.5,71.1,76.7,-12.400000000000006,5.0,17.400000000000006,-3.0,37.0,23.0,16.0,-7.0,-7.0,AWAY_COVER,OVER
2024_06_PIT_LV,2024,6,2024-10-13,PIT,LV,61.6,69.9,90.5,64.1,20.599999999999994,2.499999999999993,-18.1,-3.5,36.5,32.0,13.0,-19.0,-19.0,AWAY_COVER,OVER
2024_06_ATL_CAR,2024,6,2024-10-13,ATL,CAR,72.8,69.4,59.0,51.9,-10.400000000000006,-20.9,-10.499999999999993,-6.0,45.5,38.0,20.0,-18.0,-18.0,AWAY_COVER,OVER
2024_06_DET_DAL,2024,6,2024-10-13,DET,DAL,69.3,62.1,73.3,79.1,11.199999999999996,9.799999999999997,-1.3999999999999986,-3.5,52.5,47.0,9.0,-38.0,-38.0,AWAY_COVER,OVER
2024_06_CIN_NYG,2024,6,2024-10-13,CIN,NYG,56.2,57.6,64.2,76.3,6.600000000000001,20.099999999999994,13.499999999999993,-4.5,46.0,17.0,7.0,-10.0,-10.0,AWAY_COVER,UNDER
2024_06_BUF_NYJ,2024,6,2024-10-14,BUF,NYJ,73.7,68.9,74.9,66.5,6.0,-7.200000000000003,-13.200000000000003,-1.0,42.0,23.0,20.0,-3.0,-3.0,AWAY_COVER,OVER
2024_07_DEN_NO,2024,7,2024-10-17,DEN,NO,83.5,51.6,76.7,65.6,25.1,-17.900000000000006,-43.00000000000001,-2.5,37.0,33.0,10.0,-23.0,-23.0,AWAY_COVER,OVER
2024_07_NE_JAX,2024,7,2024-10-20,NE,JAX,52.2,66.7,62.1,65.1,-4.600000000000001,12.899999999999991,17.499999999999993,6.5,42.0,16.0,32.0,16.0,16.0,HOME_COVER,OVER
2024_07_SEA_ATL,2024,7,2024-10-20,SEA,ATL,60.1,72.8,70.3,59.0,-2.5,-1.1000000000000014,1.3999999999999986,3.0,51.5,34.0,14.0,-20.0,-20.0,AWAY_COVER,UNDER
2024_07_TEN_BUF,2024,7,2024-10-20,TEN,BUF,60.1,73.7,62.1,74.9,-11.600000000000001,14.800000000000004,26.400000000000006,9.5,41.0,10.0,34.0,24.0,24.0,HOME_COVER,OVER
2024_07_MIA_IND,2024,7,2024-10-20,MIA,IND,66.1,72.5,67.7,67.9,-4.799999999999997,1.8000000000000114,6.6000000000000085,3.0,44.0,10.0,16.0,6.0,6.0,HOME_COVER,UNDER
2024_07_DET_MIN,2024,7,2024-10-20,DET,MIN,69.3,67.9,73.3,65.3,5.3999999999999915,-4.0,-9.399999999999991,1.0,50.5,31.0,29.0,-2.0,-2.0,AWAY_COVER,OVER
2024_07_PHI_NYG,2024,7,2024-10-20,PHI,NYG,73.6,57.6,90.0,76.3,32.4,2.700000000000003,-29.699999999999996,-3.0,42.0,28.0,3.0,-25.0,-25.0,AWAY_COVER,UNDER
2024_07_LV_LA,2024,7,2024-10-20,LV,LA,69.9,53.7,64.1,76.6,10.399999999999991,6.699999999999989,-3.700000000000003,7.0,43.0,15.0,20.0,5.0,5.0,AWAY_COVER,UNDER
2024_07_CAR_WAS,2024,7,2024-10-20,CAR,WAS,69.4,62.0,51.9,69.2,-10.100000000000001,-0.20000000000000284,9.899999999999999,10.0,51.0,7.0,40.0,33.0,33.0,HOME_COVER,UNDER
2024_07_KC_SF,2024,7,2024-10-20,KC,SF,68.6,72.0,75.7,68.3,3.700000000000003,-0.29999999999999716,-4.0,2.5,47.5,28.0,18.0,-10.0,-10.0,AWAY_COVER,UNDER
2024_07_NYJ_PIT,2024,7,2024-10-20,NYJ,PIT,68.9,61.6,66.5,90.5,4.899999999999999,21.599999999999994,16.699999999999996,-3.0,40.0,15.0,37.0,22.0,22.0,HOME_COVER,OVER
2024_08_MIN_LA,2024,8,2024-10-24,MIN,LA,67.9,53.7,65.3,76.6,11.599999999999994,8.699999999999989,-2.9000000000000057,-3.0,47.5,20.0,30.0,10.0,10.0,HOME_COVER,OVER
2024_08_PHI_CIN,2024,8,2024-10-27,PHI,CIN,73.6,56.2,90.0,64.2,33.8,-9.399999999999991,-43.19999999999999,2.5,47.5,37.0,17.0,-20.0,-20.0,AWAY_COVER,OVER
2024_08_TEN_DET,2024,8,2024-10-27,TEN,DET,60.1,69.3,62.1,73.3,-7.199999999999996,13.199999999999996,20.39999999999999,12.5,45.0,14.0,52.0,38.0,38.0,HOME_COVER,OVER
2024_08_GB_JAX,2024,8,2024-10-27,GB,JAX,79.6,66.7,68.3,65.1,1.5999999999999943,-14.5,-16.099999999999994,-3.5,49.0,30.0,27.0,-3.0,-3.0,HOME_COVER,OVER
2024_08_NYJ_NE,2024,8,2024-10-27,NYJ,NE,68.9,52.2,66.5,62.1,14.299999999999997,-6.800000000000004,-21.1,-7.0,41.0,22.0,25.0,3.0,3.0,HOME_COVER,OVER
2024_08_ATL_TB,2024,8,2024-10-27,ATL,TB,72.8,83.3,59.0,67.5,-24.299999999999997,-5.299999999999997,19.0,-1.5,47.0,31.0,26.0,-5.0,-5.0,AWAY_COVER,OVER
2024_08_NO_LAC,2024,8,2024-10-27,NO,LAC,51.6,71.7,65.6,71.1,-6.1000000000000085,19.499999999999993,25.6,7.0,41.5,8.0,26.0,18.0,18.0,HOME_COVER,UNDER
2024_08_BUF_SEA,2024,8,2024-10-27,BUF,SEA,73.7,60.1,74.9,70.3,14.800000000000004,-3.4000000000000057,-18.20000000000001,-3.0,45.5,31.0,10.0,-21.0,-21.0,AWAY_COVER,UNDER
2024_08_CAR_DEN,2024,8,2024-10-27,CAR,DEN,69.4,83.5,51.9,76.7,-31.6,7.299999999999997,38.9,13.0,40.5,14.0,28.0,14.0,14.0,HOME_COVER,OVER
2024_08_KC_LV,2024,8,2024-10-27,KC,LV,68.6,69.9,75.7,64.1,5.799999999999997,-4.5,-10.299999999999997,-9.0,42.0,27.0,20.0,-7.0,-7.0,HOME_COVER,OVER
2024_08_CHI_WAS,2024,8,2024-10-27,CHI,WAS,72.8,62.0,69.0,69.2,7.0,-3.5999999999999943,-10.599999999999994,1.5,46.5,15.0,18.0,3.0,3.0,HOME_COVER,UNDER
2024_08_DAL_SF,2024,8,2024-10-27,DAL,SF,62.1,72.0,79.1,68.3,7.099999999999994,6.199999999999996,-0.8999999999999986,5.5,48.0,24.0,30.0,6.0,6.0,HOME_COVER,OVER
2024_08_NYG_PIT,2024,8,2024-10-28,NYG,PIT,57.6,61.6,76.3,90.5,14.699999999999996,32.9,18.200000000000003,6.0,37.5,18.0,26.0,8.0,8.0,HOME_COVER,OVER
2024_09_DAL_ATL,2024,9,2024-11-03,DAL,ATL,62.1,72.8,79.1,59.0,6.299999999999997,-3.1000000000000014,-9.399999999999999,3.0,52.0,21.0,27.0,6.0,6.0,HOME_COVER,UNDER
2024_09_MIA_BUF,2024,9,2024-11-03,MIA,BUF,66.1,73.7,67.7,74.9,-6.0,8.800000000000011,14.800000000000011,6.5,49.0,27.0,30.0,3.0,3.0,AWAY_COVER,OVER
2024_09_NO_CAR,2024,9,2024-11-03,NO,CAR,51.6,69.4,65.6,51.9,-3.8000000000000114,0.29999999999999716,4.1000000000000085,-7.0,43.5,22.0,23.0,1.0,1.0,HOME_COVER,OVER
2024_09_LV_CIN,2024,9,2024-11-03,LV,CIN,69.9,56.2,64.1,64.2,7.8999999999999915,-5.700000000000003,-13.599999999999994,8.0,45.0,24.0,41.0,17.0,17.0,HOME_COVER,OVER
2024_09_WAS_NYG,2024,9,2024-11-03,WAS,NYG,62.0,57.6,69.2,76.3,11.600000000000001,14.299999999999997,2.6999999999999957,-4.5,44.5,27.0,22.0,-5.0,-5.0,AWAY_COVER,OVER
2024_09_NE_TEN,2024,9,2024-11-03,NE,TEN,52.2,60.1,62.1,62.1,2.0,9.899999999999999,7.899999999999999,3.0,38.5,17.0,20.0,3.0,3.0,AWAY_COVER,UNDER
2024_09_JAX_PHI,2024,9,2024-11-03,JAX,PHI,66.7,73.6,65.1,90.0,-8.5,23.299999999999997,31.799999999999997,7.5,46.0,23.0,28.0,5.0,5.0,AWAY_COVER,OVER
2024_09_DET_GB,2024,9,2024-11-03,DET,GB,69.3,79.6,73.3,68.3,-6.299999999999997,-1.0,5.299999999999997,-2.5,47.5,24.0,14.0,-10.0,-10.0,AWAY_COVER,UNDER
2024_09_LA_SEA,2024,9,2024-11-03,LA,SEA,53.7,60.1,76.6,70.3,16.499999999999993,16.599999999999994,0.10000000000000142,-1.5,48.5,26.0,20.0,-6.0,-6.0,AWAY_COVER,UNDER
2024_09_IND_MIN,2024,9,2024-11-03,IND,MIN,72.5,67.9,67.9,65.3,0.0,-7.200000000000003,-7.200000000000003,6.5,47.0,13.0,21.0,8.0,8.0,HOME_COVER,UNDER
2024_09_TB_KC,2024,9,2024-11-04,TB,KC,83.3,68.6,67.5,75.7,-1.0999999999999943,-7.599999999999994,-6.5,9.0,45.5,24.0,30.0,6.0,6.0,AWAY_COVER,OVER
2024_10_NYG_CAR,2024,10,2024-11-10,NYG,CAR,57.6,69.4,76.3,51.9,6.8999999999999915,-5.700000000000003,-12.599999999999994,-6.5,40.5,17.0,20.0,3.0,3.0,HOME_COVER,UNDER
2024_10_NE_CHI,2024,10,2024-11-10,NE,CHI,52.2,72.8,62.1,69.0,-10.699999999999996,16.799999999999997,27.499999999999993,6.5,37.5,19.0,3.0,-16.0,-16.0,AWAY_COVER,UNDER
2024_10_BUF_IND,2024,10,2024-11-10,BUF,IND,73.7,72.5,74.9,67.9,2.4000000000000057,-5.799999999999997,-8.200000000000003,-4.5,46.5,30.0,20.0,-10.0,-10.0,AWAY_COVER,OVER
2024_10_MIN_JAX,2024,10,2024-11-10,MIN,JAX,67.9,66.7,65.3,65.1,-1.4000000000000057,-2.8000000000000114,-1.4000000000000057,-7.0,42.5,12.0,7.0,-5.0,-5.0,HOME_COVER,UNDER
2024_10_DEN_KC,2024,10,2024-11-10,DEN,KC,83.5,68.6,76.7,75.7,8.100000000000009,-7.799999999999997,-15.900000000000006,7.5,42.5,14.0,16.0,2.0,2.0,AWAY_COVER,UNDER
2024_10_ATL_NO,2024,10,2024-11-10,ATL,NO,72.8,51.6,59.0,65.6,7.399999999999999,-7.200000000000003,-14.600000000000001,-3.5,46.5,17.0,20.0,3.0,3.0,HOME_COVER,UNDER
2024_10_SF_TB,2024,10,2024-11-10,SF,TB,72.0,83.3,68.3,67.5,-15.0,-4.5,10.5,-6.5,50.5,23.0,20.0,-3.0,-3.0,HOME_COVER,UNDER
2024_10_PIT_WAS,2024,10,2024-11-10,PIT,WAS,61.6,62.0,90.5,69.2,28.5,7.600000000000001,-20.9,1.5,45.0,28.0,27.0,-1.0,-1.0,AWAY_COVER,OVER
2024_10_TEN_LAC,2024,10,2024-11-10,TEN,LAC,60.1,71.7,62.1,71.1,-9.600000000000001,10.999999999999993,20.599999999999994,8.0,40.0,17.0,27.0,10.0,10.0,HOME_COVER,OVER
2024_10_PHI_DAL,2024,10,2024-11-10,PHI,DAL,73.6,62.1,90.0,79.1,27.9,5.5,-22.4,-7.5,44.5,34.0,6.0,-28.0,-28.0,AWAY_COVER,UNDER
2024_10_MIA_LA,2024,10,2024-11-11,MIA,LA,66.1,53.7,67.7,76.6,14.0,10.5,-3.5,2.5,49.5,23.0,15.0,-8.0,-8.0,AWAY_COVER,UNDER
2024_11_WAS_PHI,2024,11,2024-11-14,WAS,PHI,62.0,73.6,69.2,90.0,-4.3999999999999915,28.0,32.39999999999999,4.5,49.5,18.0,26.0,8.0,8.0,HOME_COVER,UNDER
2024_11_GB_CHI,2024,11,2024-11-17,GB,CHI,79.6,72.8,68.3,69.0,-4.5,-10.599999999999994,-6.099999999999994,-6.0,41.0,20.0,19.0,-1.0,-1.0,HOME_COVER,UNDER
2024_11_JAX_DET,2024,11,2024-11-17,JAX,DET,66.7,69.3,65.1,73.3,-4.200000000000003,6.599999999999994,10.799999999999997,14.0,47.5,6.0,52.0,46.0,46.0,HOME_COVER,OVER
2024_11_LV_MIA,2024,11,2024-11-17,LV,MIA,69.9,66.1,64.1,67.7,-2.0,-2.200000000000003,-0.20000000000000284,8.0,43.5,19.0,34.0,15.0,15.0,HOME_COVER,OVER
2024_11_LA_NE,2024,11,2024-11-17,LA,NE,53.7,52.2,76.6,62.1,24.39999999999999,8.399999999999999,-15.999999999999993,-4.0,42.5,28.0,22.0,-6.0,-6.0,AWAY_COVER,OVER
2024_11_IND_NYJ,2024,11,2024-11-17,IND,NYJ,72.5,68.9,67.9,66.5,-1.0,-6.0,-5.0,4.0,43.0,28.0,27.0,-1.0,-1.0,AWAY_COVER,OVER
2024_11_MIN_TEN,2024,11,2024-11-17,MIN,TEN,67.9,60.1,65.3,62.1,5.199999999999996,-5.800000000000004,-11.0,-6.0,40.0,23.0,13.0,-10.0,-10.0,AWAY_COVER,UNDER
2024_11_ATL_DEN,2024,11,2024-11-17,ATL,DEN,72.8,83.5,59.0,76.7,-24.5,3.9000000000000057,28.400000000000006,2.0,44.5,6.0,38.0,32.0,32.0,HOME_COVER,UNDER
2024_11_SEA_SF,2024,11,2024-11-17,SEA,SF,60.1,72.0,70.3,68.3,-1.7000000000000028,8.199999999999996,9.899999999999999,6.0,49.0,20.0,17.0,-3.0,-3.0,AWAY_COVER,UNDER
2024_11_KC_BUF,2024,11,2024-11-17,KC,BUF,68.6,73.7,75.7,74.9,2.0,6.300000000000011,4.300000000000011,2.5,46.5,21.0,30.0,9.0,9.0,HOME_COVER,OVER
2024_11_CIN_LAC,2024,11,2024-11-17,CIN,LAC,56.2,71.7,64.2,71.1,-7.5,14.899999999999991,22.39999999999999,1.0,48.0,27.0,34.0,7.0,7.0,HOME_COVER,OVER
2024_12_KC_CAR,2024,12,2024-11-24,KC,CAR,68.6,69.4,75.7,51.9,6.299999999999997,-16.699999999999996,-22.999999999999993,-11.0,43.0,30.0,27.0,-3.0,-3.0,HOME_COVER,OVER
2024_12_MIN_CHI,2024,12,2024-11-24,MIN,CHI,67.9,72.8,65.3,69.0,-7.5,1.0999999999999943,8.599999999999994,-3.0,39.5,30.0,27.0,-3.0,-3.0,AWAY_COVER,OVER
2024_12_DET_IND,2024,12,2024-11-24,DET,IND,69.3,72.5,73.3,67.9,0.7999999999999972,-1.3999999999999915,-2.1999999999999886,-7.0,50.5,24.0,6.0,-18.0,-18.0,AWAY_COVER,UNDER
2024_12_NE_MIA,2024,12,2024-11-24,NE,MIA,52.2,66.1,62.1,67.7,-3.999999999999993,15.5,19.499999999999993,7.5,46.0,15.0,34.0,19.0,19.0,HOME_COVER,OVER
2024_12_TB_NYG,2024,12,2024-11-24,TB,NYG,83.3,57.6,67.5,76.3,9.899999999999999,-7.0,-16.9,-6.5,40.5,30.0,7.0,-23.0,-23.0,AWAY_COVER,UNDER
2024_12_DAL_WAS,2024,12,2024-11-24,DAL,WAS,62.1,62.0,79.1,69.2,17.099999999999994,7.100000000000001,-9.999999999999993,10.5,45.0,34.0,26.0,-8.0,-8.0,AWAY_COVER,OVER
2024_12_DEN_LV,2024,12,2024-11-24,DEN,LV,83.5,69.9,76.7,64.1,6.799999999999997,-19.400000000000006,-26.200000000000003,-6.5,41.5,29.0,19.0,-10.0,-10.0,AWAY_COVER,OVER
2024_12_SF_GB,2024,12,2024-11-24,SF,GB,72.0,79.6,68.3,68.3,-11.299999999999997,-3.700000000000003,7.599999999999994,6.5,44.5,10.0,38.0,28.0,28.0,HOME_COVER,OVER
2024_12_PHI_LA,2024,12,2024-11-24,PHI,LA,73.6,53.7,90.0,76.6,36.3,3.0,-33.3,-3.0,49.0,37.0,20.0,-17.0,-17.0,AWAY_COVER,OVER
2024_13_CHI_DET,2024,13,2024-11-28,CHI,DET,72.8,69.3,69.0,73.3,-0.29999999999999716,0.5,0.7999999999999972,9.5,47.5,20.0,23.0,3.0,3.0,AWAY_COVER,UNDER
2024_13_NYG_DAL,2024,13,2024-11-28,NYG,DAL,57.6,62.1,76.3,79.1,14.199999999999996,21.499999999999993,7.299999999999997,4.5,39.0,20.0,27.0,7.0,7.0,HOME_COVER,OVER
2024_13_MIA_GB,2024,13,2024-11-28,MIA,GB,66.1,79.6,67.7,68.3,-11.899999999999991,2.200000000000003,14.099999999999994,3.5,47.5,17.0,30.0,13.0,13.0,HOME_COVER,UNDER
2024_13_LV_KC,2024,13,2024-11-29,LV,KC,69.9,68.6,64.1,75.7,-4.5,5.799999999999997,10.299999999999997,13.5,42.0,17.0,19.0,2.0,2.0,AWAY_COVER,UNDER
2024_13_LAC_ATL,2024,13,2024-12-01,LAC,ATL,71.7,72.8,71.1,59.0,-1.7000000000000028,-12.700000000000003,-11.0,-1.0,47.0,17.0,13.0,-4.0,-4.0,AWAY_COVER,UNDER
2024_13_PIT_CIN,2024,13,2024-12-01,PIT,CIN,61.6,56.2,90.5,64.2,34.3,2.6000000000000014,-31.699999999999996,3.0,46.0,44.0,38.0,-6.0,-6.0,AWAY_COVER,OVER
2024_13_IND_NE,2024,13,2024-12-01,IND,NE,72.5,52.2,67.9,62.1,15.700000000000003,-10.399999999999999,-26.1,-2.5,41.5,25.0,24.0,-1.0,-1.0,HOME_COVER,OVER
2024_13_SEA_NYJ,2024,13,2024-12-01,SEA,NYJ,60.1,68.9,70.3,66.5,1.3999999999999915,6.399999999999999,5.000000000000007,1.0,41.5,26.0,21.0,-5.0,-5.0,AWAY_COVER,OVER
2024_13_TEN_WAS,2024,13,2024-12-01,TEN,WAS,60.1,62.0,62.1,69.2,0.10000000000000142,9.100000000000001,9.0,6.0,45.0,19.0,42.0,23.0,23.0,HOME_COVER,OVER
2024_13_TB_CAR,2024,13,2024-12-01,TB,CAR,83.3,69.4,67.5,51.9,-1.9000000000000057,-31.4,-29.499999999999993,-6.5,46.0,26.0,23.0,-3.0,-3.0,HOME_COVER,OVER
2024_13_LA_NO,2024,13,2024-12-01,LA,NO,53.7,51.6,76.6,65.6,24.999999999999993,11.899999999999991,-13.100000000000001,-2.5,48.5,21.0,14.0,-7.0,-7.0,AWAY_COVER,UNDER
2024_13_SF_BUF,2024,13,2024-12-01,SF,BUF,72.0,73.7,68.3,74.9,-5.400000000000006,2.9000000000000057,8.300000000000011,6.5,45.0,10.0,35.0,25.0,25.0,HOME_COVER,UNDER
2024_14_GB_DET,2024,14,2024-12-05,GB,DET,79.6,69.3,68.3,73.3,-1.0,-6.299999999999997,-5.299999999999997,3.0,53.0,31.0,34.0,3.0,3.0,AWAY_COVER,OVER
2024_14_NYJ_MIA,2024,14,2024-12-08,NYJ,MIA,68.9,66.1,66.5,67.7,0.4000000000000057,-1.2000000000000028,-1.6000000000000085,6.5,45.0,26.0,32.0,6.0,6.0,AWAY_COVER,OVER
2024_14_ATL_MIN,2024,14,2024-12-08,ATL,MIN,72.8,67.9,59.0,65.3,-8.900000000000006,-7.5,1.4000000000000057,6.0,46.5,21.0,42.0,21.0,21.0,HOME_COVER,OVER
2024_14_NO_NYG,2024,14,2024-12-08,NO,NYG,51.6,57.6,65.6,76.3,7.999999999999993,24.699999999999996,16.700000000000003,-5.5,41.0,14.0,11.0,-3.0,-3.0,HOME_COVER,UNDER
2024_14_CAR_PHI,2024,14,2024-12-08,CAR,PHI,69.4,73.6,51.9,90.0,-21.699999999999996,20.599999999999994,42.29999999999999,14.0,44.5,16.0,22.0,6.0,6.0,AWAY_COVER,UNDER
2024_14_LV_TB,2024,14,2024-12-08,LV,TB,69.9,83.3,64.1,67.5,-19.200000000000003,-2.4000000000000057,16.799999999999997,7.0,47.0,13.0,28.0,15.0,15.0,HOME_COVER,UNDER
2024_14_JAX_TEN,2024,14,2024-12-08,JAX,TEN,66.7,60.1,65.1,62.1,4.999999999999993,-4.600000000000001,-9.599999999999994,3.0,40.0,10.0,6.0,-4.0,-4.0,AWAY_COVER,UNDER
2024_14_BUF_LA,2024,14,2024-12-08,BUF,LA,73.7,53.7,74.9,76.6,21.200000000000003,2.8999999999999915,-18.30000000000001,-3.5,49.5,42.0,44.0,2.0,2.0,HOME_COVER,OVER
2024_14_CHI_SF,2024,14,2024-12-08,CHI,SF,72.8,72.0,69.0,68.3,-3.0,-4.5,-1.5,3.0,43.5,13.0,38.0,25.0,25.0,HOME_COVER,OVER
2024_14_LAC_KC,2024,14,2024-12-08,LAC,KC,71.7,68.6,71.1,75.7,2.5,4.0,1.5,5.0,43.5,17.0,19.0,2.0,2.0,AWAY_COVER,UNDER
2024_14_CIN_DAL,2024,14,2024-12-09,CIN,DAL,56.2,62.1,64.2,79.1,2.1000000000000014,22.89999999999999,20.79999999999999,-5.0,51.0,27.0,20.0,-7.0,-7.0,AWAY_COVER,UNDER
2024_15_LA_SF,2024,15,2024-12-12,LA,SF,53.7,72.0,76.6,68.3,4.599999999999994,14.599999999999994,10.0,3.0,48.5,12.0,6.0,-6.0,-6.0,AWAY_COVER,UNDER
2024_15_DAL_CAR,2024,15,2024-12-15,DAL,CAR,62.1,69.4,79.1,51.9,9.699999999999989,-10.200000000000003,-19.89999999999999,2.5,42.0,30.0,14.0,-16.0,-16.0,AWAY_COVER,OVER
2024_15_NYJ_JAX,2024,15,2024-12-15,NYJ,JAX,68.9,66.7,66.5,65.1,-0.20000000000000284,-3.8000000000000114,-3.6000000000000085,-3.5,41.5,32.0,25.0,-7.0,-7.0,AWAY_COVER,OVER
2024_15_WAS_NO,2024,15,2024-12-15,WAS,NO,62.0,51.6,69.2,65.6,17.6,3.5999999999999943,-14.000000000000007,-7.5,44.5,20.0,19.0,-1.0,-1.0,HOME_COVER,UNDER
2024_15_CIN_TEN,2024,15,2024-12-15,CIN,TEN,56.2,60.1,64.2,62.1,4.100000000000001,5.899999999999999,1.7999999999999972,-6.0,46.5,37.0,27.0,-10.0,-10.0,AWAY_COVER,OVER
2024_15_IND_DEN,2024,15,2024-12-15,IND,DEN,72.5,83.5,67.9,76.7,-15.599999999999994,4.200000000000003,19.799999999999997,4.5,43.5,13.0,31.0,18.0,18.0,HOME_COVER,OVER
2024_15_BUF_DET,2024,15,2024-12-15,BUF,DET,73.7,69.3,74.9,73.3,5.6000000000000085,-0.4000000000000057,-6.000000000000014,2.5,55.5,48.0,42.0,-6.0,-6.0,AWAY_COVER,OVER
2024_15_TB_LAC,2024,15,2024-12-15,TB,LAC,83.3,71.7,67.5,71.1,-4.200000000000003,-12.200000000000003,-8.0,3.0,46.0,40.0,17.0,-23.0,-23.0,AWAY_COVER,OVER
2024_15_PIT_PHI,2024,15,2024-12-15,PIT,PHI,61.6,73.6,90.5,90.0,16.900000000000006,28.4,11.499999999999993,5.5,43.0,13.0,27.0,14.0,14.0,HOME_COVER,UNDER
2024_15_GB_SEA,2024,15,2024-12-15,GB,SEA,79.6,60.1,68.3,70.3,8.199999999999996,-9.299999999999997,-17.499999999999993,-3.0,48.0,30.0,13.0,-17.0,-17.0,AWAY_COVER,UNDER
2024_15_CHI_MIN,2024,15,2024-12-16,CHI,MIN,72.8,67.9,69.0,65.3,1.0999999999999943,-7.5,-8.599999999999994,7.0,43.5,12.0,30.0,18.0,18.0,HOME_COVER,UNDER
2024_15_ATL_LV,2024,15,2024-12-16,ATL,LV,72.8,69.9,59.0,64.1,-10.900000000000006,-8.700000000000003,2.200000000000003,-6.5,44.5,15.0,9.0,-6.0,-6.0,HOME_COVER,UNDER
2024_16_DEN_LAC,2024,16,2024-12-19,DEN,LAC,83.5,71.7,76.7,71.1,5.0,-12.400000000000006,-17.400000000000006,3.0,41.5,27.0,34.0,7.0,7.0,HOME_COVER,OVER
2024_16_NYG_ATL,2024,16,2024-12-22,NYG,ATL,57.6,72.8,76.3,59.0,3.5,1.3999999999999986,-2.1000000000000014,9.5,42.5,7.0,34.0,27.0,27.0,HOME_COVER,UNDER
2024_16_DET_CHI,2024,16,2024-12-22,DET,CHI,69.3,72.8,73.3,69.0,0.5,-0.29999999999999716,-0.7999999999999972,-7.0,47.5,34.0,17.0,-17.0,-17.0,AWAY_COVER,OVER
2024_16_TEN_IND,2024,16,2024-12-22,TEN,IND,60.1,72.5,62.1,67.9,-10.399999999999999,7.800000000000004,18.200000000000003,4.0,42.5,30.0,38.0,8.0,8.0,HOME_COVER,OVER
2024_16_LA_NYJ,2024,16,2024-12-22,LA,NYJ,53.7,68.9,76.6,66.5,7.699999999999989,12.799999999999997,5.1000000000000085,-3.0,47.0,19.0,9.0,-10.0,-10.0,AWAY_COVER,UNDER
2024_16_PHI_WAS,2024,16,2024-12-22,PHI,WAS,73.6,62.0,90.0,69.2,28.0,-4.3999999999999915,-32.39999999999999,-4.0,47.0,33.0,36.0,3.0,3.0,HOME_COVER,OVER
2024_16_MIN_SEA,2024,16,2024-12-22,MIN,SEA,67.9,60.1,65.3,70.3,5.199999999999996,2.3999999999999915,-2.8000000000000043,-2.5,43.0,27.0,24.0,-3.0,-3.0,AWAY_COVER,OVER
2024_16_NE_BUF,2024,16,2024-12-22,NE,BUF,52.2,73.7,62.1,74.9,-11.600000000000001,22.700000000000003,34.300000000000004,14.0,48.0,21.0,24.0,3.0,3.0,AWAY_COVER,UNDER
2024_16_JAX_LV,2024,16,2024-12-22,JAX,LV,66.7,69.9,65.1,64.1,-4.800000000000011,-2.6000000000000085,2.200000000000003,2.5,41.5,14.0,19.0,5.0,5.0,HOME_COVER,UNDER
2024_16_SF_MIA,2024,16,2024-12-22,SF,MIA,72.0,66.1,68.3,67.7,2.200000000000003,-4.299999999999997,-6.5,-2.0,44.0,17.0,29.0,12.0,12.0,HOME_COVER,OVER
2024_16_TB_DAL,2024,16,2024-12-22,TB,DAL,83.3,62.1,67.5,79.1,5.399999999999999,-4.200000000000003,-9.600000000000001,-4.5,47.5,24.0,26.0,2.0,2.0,HOME_COVER,OVER
2024_16_NO_GB,2024,16,2024-12-23,NO,GB,51.6,79.6,65.6,68.3,-14.0,16.699999999999996,30.699999999999996,14.0,44.0,0.0,34.0,34.0,34.0,HOME_COVER,UNDER
2024_17_KC_PIT,2024,17,2024-12-25,KC,PIT,68.6,61.6,75.7,90.5,14.100000000000001,21.900000000000006,7.800000000000004,-3.0,43.5,29.0,10.0,-19.0,-19.0,AWAY_COVER,UNDER
2024_17_SEA_CHI,2024,17,2024-12-26,SEA,CHI,60.1,72.8,70.3,69.0,-2.5,8.899999999999999,11.399999999999999,-3.5,43.5,6.0,3.0,-3.0,-3.0,HOME_COVER,UNDER
2024_17_LAC_NE,2024,17,2024-12-28,LAC,NE,71.7,52.2,71.1,62.1,18.89999999999999,-9.600000000000001,-28.499999999999993,-6.0,42.0,40.0,7.0,-33.0,-33.0,AWAY_COVER,OVER
2024_17_DEN_CIN,2024,17,2024-12-28,DEN,CIN,83.5,56.2,76.7,64.2,20.5,-19.299999999999997,-39.8,3.5,50.5,24.0,30.0,6.0,6.0,HOME_COVER,OVER
2024_17_NYJ_BUF,2024,17,2024-12-29,NYJ,BUF,68.9,73.7,66.5,74.9,-7.200000000000003,6.0,13.200000000000003,10.0,44.5,14.0,40.0,26.0,26.0,HOME_COVER,OVER
2024_17_TEN_JAX,2024,17,2024-12-29,TEN,JAX,60.1,66.7,62.1,65.1,-4.600000000000001,4.999999999999993,9.599999999999994,-1.0,38.0,13.0,20.0,7.0,7.0,HOME_COVER,UNDER
2024_17_LV_NO,2024,17,2024-12-29,LV,NO,69.9,51.6,64.1,65.6,12.499999999999993,-4.300000000000011,-16.800000000000004,-2.0,37.5,25.0,10.0,-15.0,-15.0,AWAY_COVER,UNDER
2024_17_IND_NYG,2024,17,2024-12-29,IND,NYG,72.5,57.6,67.9,76.3,10.300000000000004,3.799999999999997,-6.500000000000007,-7.5,40.5,33.0,45.0,12.0,12.0,HOME_COVER,OVER
2024_17_DAL_PHI,2024,17,2024-12-29,DAL,PHI,62.1,73.6,79.1,90.0,5.5,27.9,22.4,7.5,37.5,7.0,41.0,34.0,34.0,HOME_COVER,OVER
2024_17_CAR_TB,2024,17,2024-12-29,CAR,TB,69.4,83.3,51.9,67.5,-31.4,-1.9000000000000057,29.499999999999993,9.5,47.5,14.0,48.0,34.0,34.0,HOME_COVER,OVER
2024_17_GB_MIN,2024,17,2024-12-29,GB,MIN,79.6,67.9,68.3,65.3,0.3999999999999915,-14.299999999999997,-14.699999999999989,-1.0,49.0,25.0,27.0,2.0,2.0,HOME_COVER,OVER
2024_17_ATL_WAS,2024,17,2024-12-29,ATL,WAS,72.8,62.0,59.0,69.2,-3.0,-3.5999999999999943,-0.5999999999999943,3.5,46.5,24.0,30.0,6.0,6.0,HOME_COVER,OVER
2024_17_DET_SF,2024,17,2024-12-30,DET,SF,69.3,72.0,73.3,68.3,1.2999999999999972,-1.0,-2.299999999999997,-4.0,50.5,40.0,34.0,-6.0,-6.0,AWAY_COVER,OVER
2024_18_CIN_PIT,2024,18,2025-01-04,CIN,PIT,56.2,61.6,64.2,90.5,2.6000000000000014,34.3,31.699999999999996,-2.5,48.5,19.0,17.0,-2.0,-2.0,HOME_COVER,UNDER
2024_18_CAR_ATL,2024,18,2025-01-05,CAR,ATL,69.4,72.8,51.9,59.0,-20.9,-10.400000000000006,10.499999999999993,7.5,48.5,44.0,38.0,-6.0,-6.0,AWAY_COVER,OVER
2024_18_WAS_DAL,2024,18,2025-01-05,WAS,DAL,62.0,62.1,69.2,79.1,7.100000000000001,17.099999999999994,9.999999999999993,-7.0,43.5,23.0,19.0,-4.0,-4.0,HOME_COVER,UNDER
2024_18_CHI_GB,2024,18,2025-01-05,CHI,GB,72.8,79.6,69.0,68.3,-10.599999999999994,-4.5,6.099999999999994,10.0,41.5,24.0,22.0,-2.0,-2.0,AWAY_COVER,OVER
2024_18_JAX_IND,2024,18,2025-01-05,JAX,IND,66.7,72.5,65.1,67.9,-7.400000000000006,1.2000000000000028,8.600000000000009,3.5,45.5,23.0,26.0,3.0,3.0,AWAY_COVER,OVER
2024_18_BUF_NE,2024,18,2025-01-05,BUF,NE,73.7,52.2,74.9,62.1,22.700000000000003,-11.600000000000001,-34.300000000000004,-3.0,36.5,16.0,23.0,7.0,7.0,HOME_COVER,OVER
2024_18_NYG_PHI,2024,18,2025-01-05,NYG,PHI,57.6,73.6,76.3,90.0,2.700000000000003,32.4,29.699999999999996,3.0,36.5,13.0,20.0,7.0,7.0,HOME_COVER,UNDER
2024_18_NO_TB,2024,18,2025-01-05,NO,TB,51.6,83.3,65.6,67.5,-17.700000000000003,15.899999999999999,33.6,14.5,44.5,19.0,27.0,8.0,8.0,AWAY_COVER,OVER
2024_18_KC_DEN,2024,18,2025-01-05,KC,DEN,68.6,83.5,75.7,76.7,-7.799999999999997,8.100000000000009,15.900000000000006,10.5,40.5,0.0,38.0,38.0,38.0,HOME_COVER,UNDER
2024_18_SEA_LA,2024,18,2025-01-05,SEA,LA,60.1,53.7,70.3,76.6,16.599999999999994,16.499999999999993,-0.10000000000000142,-7.5,38.5,30.0,25.0,-5.0,-5.0,HOME_COVER,OVER
2024_18_LAC_LV,2024,18,2025-01-05,LAC,LV,71.7,69.9,71.1,64.1,1.1999999999999886,-7.6000000000000085,-8.799999999999997,-7.0,42.5,34.0,20.0,-14.0,-14.0,AWAY_COVER,OVER
2024_18_MIA_NYJ,2024,18,2025-01-05,MIA,NYJ,66.1,68.9,67.7,66.5,-1.2000000000000028,0.4000000000000057,1.6000000000000085,1.5,39.5,20.0,32.0,12.0,12.0,HOME_COVER,OVER
2024_18_MIN_DET,2024,18,2025-01-05,MIN,DET,67.9,69.3,65.3,73.3,-4.0,5.3999999999999915,9.399999999999991,3.0,56.5,9.0,31.0,22.0,22.0,HOME_COVER,UNDER
