game_id,season,week,away,home,ol_pass_stress_away,ol_pass_stress_home,ol_chaos_index_away,ol_chaos_index_home,stress_diff,away_ol_continuity_full,home_ol_continuity_full,away_ol_continuity_count,home_ol_continuity_count,away_center_missing,home_center_missing,away_left_tackle_missing,home_left_tackle_missing,stress_z_score,spread_home_first,spread_home_last,total_first,total_last,spread_movement,total_movement,days_tracked,away_score,home_score,actual_margin,actual_total,spread_direction,predicted_direction,predicted_spread_close,bet,bet_side,clv,result
2024_01_BAL_KC,2024,1,BAL,KC,-5.551115123125783e-17,-2.775557561562892e-17,1,1,-2.775557561562892e-17,0,0,0,0,0,0,0,0,-0.6475601116331906,-3.0,-3.0,46.5,47.0,0.0,0.5,4,20.0,27.0,-7.0,47.0,0,0,-4.5,True,HOME,0.0,WIN
2024_01_GB_PHI,2024,1,GB,PHI,-5.551115123125783e-17,0.0,1,1,-5.551115123125783e-17,0,0,0,0,0,1,0,0,-1.307547877511689,-2.5,-2.0,48.5,49.5,0.5,1.0,5,29.0,34.0,-5.0,63.0,1,0,-4.0,True,HOME,-0.5,WIN
2024_01_PIT_ATL,2024,1,PIT,ATL,0.0,0.0,1,1,0.0,0,0,0,0,0,0,0,0,0.0124276542453082,-3.0,-4.0,41.0,42.0,-1.0,1.0,7,18.0,10.0,8.0,28.0,0,0,-4.5,True,HOME,1.0,LOSS
2024_01_ARI_BUF,2024,1,ARI,BUF,-8.326672684688674e-17,0.0,1,1,-8.326672684688674e-17,0,0,0,0,0,0,0,0,-1.9675356433901885,-6.0,-6.5,48.0,46.5,-0.5,-1.5,7,28.0,34.0,-6.0,62.0,0,0,-7.5,True,HOME,0.5,PUSH
2024_01_TEN_CHI,2024,1,TEN,CHI,0.0,-2.775557561562892e-17,1,1,2.775557561562892e-17,0,0,0,0,0,0,0,0,0.6724154201238071,-4.5,-4.0,45.5,44.0,0.5,-1.5,7,17.0,24.0,-7.0,41.0,1,0,-6.0,True,HOME,-0.5,WIN
2024_01_NE_CIN,2024,1,NE,CIN,-5.551115123125783e-17,-5.551115123125783e-17,1,1,0.0,0,0,0,0,0,0,0,0,0.0124276542453082,-8.5,-7.5,40.5,41.0,1.0,0.5,7,16.0,10.0,6.0,26.0,1,0,-10.0,True,HOME,-1.0,LOSS
2024_01_HOU_IND,2024,1,HOU,IND,0.0,0.0,1,1,0.0,0,0,0,0,0,0,0,0,0.0124276542453082,2.5,3.0,48.5,49.0,0.5,0.5,7,29.0,27.0,2.0,56.0,1,0,1.0,True,HOME,-0.5,WIN
2024_01_JAX_MIA,2024,1,JAX,MIA,-5.551115123125783e-17,-5.551115123125783e-17,1,1,0.0,0,0,0,0,0,1,0,0,0.0124276542453082,-3.5,-3.5,49.5,49.5,0.0,0.0,7,17.0,20.0,-3.0,37.0,0,0,-5.0,True,HOME,0.0,LOSS
2024_01_CAR_NO,2024,1,CAR,NO,-8.326672684688674e-17,-2.775557561562892e-17,1,1,-5.551115123125783e-17,0,0,0,0,0,0,0,0,-1.307547877511689,-4.5,-3.5,40.0,41.5,1.0,1.5,7,10.0,47.0,-37.0,57.0,1,1,-3.0,True,AWAY,1.0,LOSS
2024_01_MIN_NYG,2024,1,MIN,NYG,-4.163336342344337e-17,0.0,1,1,-4.163336342344337e-17,0,0,0,0,0,0,0,0,-0.97755399457244,1.0,1.5,41.5,41.0,0.5,-0.5,7,28.0,6.0,22.0,34.0,1,0,-0.5,True,HOME,-0.5,LOSS
2024_01_LV_LAC,2024,1,LV,LAC,-2.775557561562892e-17,-2.775557561562892e-17,1,1,0.0,0,0,0,0,0,0,0,0,0.0124276542453082,-3.0,-2.5,41.5,40.0,0.5,-1.5,7,10.0,22.0,-12.0,32.0,1,0,-4.5,True,HOME,-0.5,WIN
2024_01_DEN_SEA,2024,1,DEN,SEA,-2.775557561562892e-17,0.0,1,1,-2.775557561562892e-17,0,0,0,0,0,0,0,0,-0.6475601116331906,-5.5,-6.0,42.0,42.0,-0.5,0.0,7,20.0,26.0,-6.0,46.0,0,0,-7.0,True,HOME,0.5,WIN
2024_01_DAL_CLE,2024,1,DAL,CLE,-5.551115123125783e-17,-5.551115123125783e-17,1,1,0.0,0,0,0,0,1,0,0,0,0.0124276542453082,-2.5,-2.5,42.0,41.0,0.0,-1.0,7,33.0,17.0,16.0,50.0,0,0,-4.0,True,HOME,0.0,LOSS
2024_01_WAS_TB,2024,1,WAS,TB,0.0,0.0,1,1,0.0,0,0,0,0,0,0,0,0,0.0124276542453082,-3.5,-4.0,44.0,42.5,-0.5,-1.5,7,20.0,37.0,-17.0,57.0,0,0,-5.0,True,HOME,0.5,WIN
2024_01_NYJ_SF,2024,1,NYJ,SF,0.0,0.0,1,1,0.0,0,0,0,0,0,0,0,0,0.0124276542453082,-3.5,-4.0,43.5,43.0,-0.5,-0.5,8,19.0,32.0,-13.0,51.0,0,0,-5.0,True,HOME,0.5,WIN
2024_02_BUF_MIA,2024,2,BUF,MIA,0.0,0.0,3,4,0.0,0,0,3,2,0,1,0,0,0.0124276542453082,-1.0,-2.5,51.0,48.5,-1.5,-2.5,11,31.0,10.0,21.0,41.0,0,0,-2.5,True,HOME,1.5,LOSS
2024_02_LV_BAL,2024,2,LV,BAL,-5.551115123125783e-17,-4.163336342344337e-17,5,0,-1.3877787807814457e-17,0,1,1,5,0,0,0,0,-0.3175662286939411,-7.5,-9.5,44.5,41.5,-2.0,-3.0,9,26.0,23.0,3.0,49.0,0,1,-6.0,True,AWAY,-2.0,WIN
2024_02_LAC_CAR,2024,2,LAC,CAR,0.0,-2.775557561562892e-17,3,3,2.775557561562892e-17,0,0,3,3,0,0,0,0,0.6724154201238071,3.5,6.5,41.5,39.0,3.0,-2.5,9,26.0,3.0,23.0,29.0,1,0,2.0,True,HOME,-3.0,LOSS
2024_02_NO_DAL,2024,2,NO,DAL,-4.163336342344337e-17,-1.3877787807814457e-17,2,4,-2.775557561562892e-17,0,0,3,2,0,1,0,0,-0.6475601116331906,-6.0,-6.5,44.5,45.5,-0.5,1.0,9,44.0,19.0,25.0,63.0,0,0,-7.5,True,HOME,0.5,LOSS
2024_02_TB_DET,2024,2,TB,DET,-5.551115123125783e-17,0.0,1,0,-5.551115123125783e-17,0,1,4,5,0,0,0,0,-1.307547877511689,-6.5,-7.0,48.5,51.0,-0.5,2.5,9,20.0,16.0,4.0,36.0,0,1,-5.0,True,AWAY,-0.5,WIN
2024_02_IND_GB,2024,2,IND,GB,-4.163336342344337e-17,0.0,0,0,-4.163336342344337e-17,1,1,5,5,0,0,0,0,-0.97755399457244,-4.5,2.5,47.0,40.5,7.0,-6.5,14,10.0,16.0,-6.0,26.0,1,0,-6.0,True,HOME,-7.0,WIN
2024_02_CLE_JAX,2024,2,CLE,JAX,-8.326672684688674e-17,0.0,3,3,-8.326672684688674e-17,0,0,3,3,0,0,0,0,-1.9675356433901885,-2.0,-3.5,44.5,41.5,-1.5,-3.0,9,18.0,13.0,5.0,31.0,0,0,-3.5,True,HOME,1.5,LOSS
2024_02_SF_MIN,2024,2,SF,MIN,-5.551115123125783e-17,0.0,3,3,-5.551115123125783e-17,0,0,3,3,0,0,0,0,-1.307547877511689,6.5,5.5,46.5,45.5,-1.0,-1.0,8,17.0,23.0,-6.0,40.0,0,0,5.0,True,HOME,1.0,WIN
2024_02_SEA_NE,2024,2,SEA,NE,0.0,-5.551115123125783e-17,3,3,5.551115123125783e-17,0,0,3,3,0,0,0,0,1.332403186002306,3.0,3.0,41.0,38.0,0.0,-3.0,9,23.0,20.0,3.0,43.0,0,0,1.5,True,HOME,0.0,PUSH
2024_02_NYJ_TEN,2024,2,NYJ,TEN,-8.326672684688674e-17,0.0,0,1,-8.326672684688674e-17,1,0,5,0,0,0,0,0,-1.9675356433901885,4.0,4.0,43.5,43.5,0.0,0.0,8,24.0,17.0,7.0,41.0,0,0,2.5,True,HOME,0.0,LOSS
2024_02_NYG_WAS,2024,2,NYG,WAS,-2.775557561562892e-17,0.0,0,0,-2.775557561562892e-17,1,1,5,5,0,0,0,0,-0.6475601116331906,-2.5,-2.5,42.0,44.0,0.0,2.0,9,18.0,21.0,-3.0,39.0,0,1,-1.0,True,AWAY,0.0,LOSS
2024_02_PIT_DEN,2024,2,PIT,DEN,-2.775557561562892e-17,-5.551115123125783e-17,3,3,2.775557561562892e-17,0,0,2,3,0,0,0,0,0.6724154201238071,3.0,3.0,40.5,36.5,0.0,-4.0,9,13.0,6.0,7.0,19.0,0,0,1.5,True,HOME,0.0,LOSS
2024_02_CIN_KC,2024,2,CIN,KC,-5.551115123125783e-17,-8.326672684688674e-17,0,0,2.775557561562892e-17,1,1,5,5,0,0,0,0,0.6724154201238071,-3.5,-4.0,48.5,48.5,-0.5,0.0,7,25.0,26.0,-1.0,51.0,0,0,-5.0,True,HOME,0.5,LOSS
2024_02_CHI_HOU,2024,2,CHI,HOU,0.0,0.0,3,5,0.0,0,0,3,0,0,0,0,0,0.0124276542453082,-3.5,-6.5,47.0,45.5,-3.0,-1.5,14,13.0,19.0,-6.0,32.0,0,0,-5.0,True,HOME,3.0,WIN
2024_02_ATL_PHI,2024,2,ATL,PHI,-6.938893903907227e-17,-5.551115123125783e-17,3,0,-1.3877787807814457e-17,0,1,3,5,0,1,0,0,-0.3175662286939411,-4.0,-5.5,48.5,46.0,-1.5,-2.5,15,22.0,21.0,1.0,43.0,0,1,-2.5,True,AWAY,-1.5,WIN
2024_03_NE_NYJ,2024,3,NE,NYJ,-5.551115123125783e-17,-2.775557561562892e-17,1,3,-2.775557561562892e-17,0,0,4,3,0,0,0,0,-0.6475601116331906,-7.5,-6.0,42.0,38.5,1.5,-3.5,18,3.0,24.0,-21.0,27.0,1,1,-6.0,True,AWAY,1.5,LOSS
2024_03_NYG_CLE,2024,3,NYG,CLE,0.0,-5.551115123125783e-17,0,3,5.551115123125783e-17,1,0,5,1,0,0,0,0,1.332403186002306,-6.5,-6.5,42.5,38.5,0.0,-4.0,21,21.0,15.0,6.0,36.0,0,0,-8.0,True,HOME,0.0,LOSS
2024_03_CHI_IND,2024,3,CHI,IND,0.0,-5.551115123125783e-17,3,0,5.551115123125783e-17,0,1,2,5,0,0,0,0,1.332403186002306,-2.0,-1.0,47.0,44.0,1.0,-3.0,21,16.0,21.0,-5.0,37.0,1,0,-3.5,True,HOME,-1.0,WIN
2024_03_HOU_MIN,2024,3,HOU,MIN,-5.551115123125783e-17,0.0,1,0,-5.551115123125783e-17,0,1,4,5,0,0,0,0,-1.307547877511689,4.5,1.5,46.5,46.5,-3.0,0.0,21,7.0,34.0,-27.0,41.0,0,0,3.0,True,HOME,3.0,WIN
2024_03_PHI_NO,2024,3,PHI,NO,0.0,-8.326672684688674e-17,4,1,8.326672684688674e-17,0,0,0,4,1,0,0,0,1.9923909518808047,3.0,-2.5,45.0,49.5,-5.5,4.5,17,15.0,12.0,3.0,27.0,0,0,1.5,True,HOME,5.5,PUSH
2024_03_LAC_PIT,2024,3,LAC,PIT,-5.551115123125783e-17,0.0,4,2,-5.551115123125783e-17,0,0,2,3,0,0,0,0,-1.307547877511689,-3.0,-1.5,42.5,35.5,1.5,-7.0,17,10.0,20.0,-10.0,30.0,1,1,-1.5,True,AWAY,1.5,LOSS
2024_03_DEN_TB,2024,3,DEN,TB,-4.163336342344337e-17,0.0,3,0,-4.163336342344337e-17,0,1,2,5,0,0,0,0,-0.97755399457244,-3.5,-6.5,43.0,40.0,-3.0,-3.0,17,26.0,7.0,19.0,33.0,0,1,-2.0,True,AWAY,-3.0,WIN
2024_03_GB_TEN,2024,3,GB,TEN,-8.326672684688674e-17,0.0,3,1,-8.326672684688674e-17,0,0,3,0,0,0,0,0,-1.9675356433901885,3.5,-3.0,44.0,37.5,-6.5,-6.5,21,30.0,14.0,16.0,44.0,0,0,2.0,True,HOME,6.5,LOSS
2024_03_CAR_LV,2024,3,CAR,LV,-2.775557561562892e-17,0.0,3,3,-2.775557561562892e-17,0,0,3,2,0,0,0,0,-0.6475601116331906,-4.0,-6.0,42.0,40.0,-2.0,-2.0,21,36.0,22.0,14.0,58.0,0,1,-2.5,True,AWAY,-2.0,WIN
2024_03_MIA_SEA,2024,3,MIA,SEA,-5.551115123125783e-17,0.0,4,3,-5.551115123125783e-17,0,0,1,3,1,0,0,0,-1.307547877511689,2.0,-4.5,49.0,41.5,-6.5,-7.5,21,3.0,24.0,-21.0,27.0,0,0,0.5,True,HOME,6.5,WIN
2024_03_DET_ARI,2024,3,DET,ARI,-5.551115123125783e-17,-4.163336342344337e-17,0,3,-1.3877787807814457e-17,1,0,5,2,0,0,0,0,-0.3175662286939411,4.0,2.5,50.0,52.5,-1.5,2.5,17,20.0,13.0,7.0,33.0,0,0,2.5,True,HOME,1.5,LOSS
2024_03_BAL_DAL,2024,3,BAL,DAL,-5.551115123125783e-17,0.0,0,5,-5.551115123125783e-17,1,0,5,1,0,0,0,0,-1.307547877511689,-1.0,1.0,48.0,47.5,2.0,-0.5,21,28.0,25.0,3.0,53.0,1,1,0.5,True,AWAY,2.0,WIN
2024_03_KC_ATL,2024,3,KC,ATL,-5.551115123125783e-17,0.0,2,1,-5.551115123125783e-17,0,0,3,3,0,0,0,0,-1.307547877511689,3.5,3.5,49.0,46.5,0.0,-2.5,17,22.0,17.0,5.0,39.0,0,0,2.0,True,HOME,0.0,LOSS
2024_03_JAX_BUF,2024,3,JAX,BUF,0.0,-4.163336342344337e-17,0,0,4.163336342344337e-17,1,1,5,5,0,0,0,0,1.0024093030630563,-5.0,-5.5,49.0,45.5,-0.5,-3.5,22,10.0,47.0,-37.0,57.0,0,0,-6.5,True,HOME,0.5,WIN
2024_03_WAS_CIN,2024,3,WAS,CIN,-5.551115123125783e-17,-2.775557561562892e-17,0,1,-2.775557561562892e-17,1,0,5,4,0,0,0,0,-0.6475601116331906,-7.0,-7.5,48.0,48.5,-0.5,0.5,17,38.0,33.0,5.0,71.0,0,1,-5.5,True,AWAY,-0.5,WIN
2024_04_DAL_NYG,2024,4,DAL,NYG,0.0,-1.3877787807814457e-17,0,0,1.3877787807814457e-17,1,1,5,5,0,0,0,0,0.3424215371845577,4.0,7.0,44.5,43.5,3.0,-1.0,17,20.0,15.0,5.0,35.0,1,0,2.5,True,HOME,-3.0,LOSS
2024_04_NO_ATL,2024,4,NO,ATL,0.0,0.0,2,0,0.0,0,1,2,5,1,0,0,0,0.0124276542453082,-3.5,-1.0,44.5,46.0,2.5,1.5,17,24.0,26.0,-2.0,50.0,1,0,-5.0,True,HOME,-2.5,LOSS
2024_04_CIN_CAR,2024,4,CIN,CAR,-5.551115123125783e-17,-5.551115123125783e-17,0,4,0.0,1,0,5,1,0,0,0,0,0.0124276542453082,6.5,7.0,46.0,43.0,0.5,-3.0,17,34.0,24.0,10.0,58.0,1,0,5.0,True,HOME,-0.5,LOSS
2024_04_MIN_GB,2024,4,MIN,GB,0.0,0.0,0,3,0.0,1,0,5,3,0,0,0,0,0.0124276542453082,-5.0,1.5,45.0,40.0,6.5,-5.0,17,31.0,29.0,2.0,60.0,1,0,-6.5,True,HOME,-6.5,LOSS
2024_04_JAX_HOU,2024,4,JAX,HOU,-8.326672684688674e-17,0.0,3,3,-8.326672684688674e-17,0,0,3,3,0,0,0,0,-1.9675356433901885,-3.5,-5.5,47.5,46.0,-2.0,-1.5,17,20.0,24.0,-4.0,44.0,0,0,-5.0,True,HOME,2.0,WIN
2024_04_PIT_IND,2024,4,PIT,IND,0.0,-5.551115123125783e-17,1,1,5.551115123125783e-17,0,0,4,4,0,0,0,0,1.332403186002306,-1.5,-1.0,44.5,41.0,0.5,-3.5,17,24.0,27.0,-3.0,51.0,1,0,-3.0,True,HOME,-0.5,WIN
2024_04_DEN_NYJ,2024,4,DEN,NYJ,-1.3877787807814457e-17,0.0,0,2,-1.3877787807814457e-17,1,0,5,3,0,0,0,0,-0.3175662286939411,-7.5,-7.5,42.5,38.0,0.0,-4.5,17,10.0,9.0,1.0,19.0,0,1,-6.0,True,AWAY,0.0,WIN
2024_04_PHI_TB,2024,4,PHI,TB,0.0,-2.775557561562892e-17,4,3,2.775557561562892e-17,0,0,1,3,1,0,0,0,0.6724154201238071,3.0,1.0,47.0,47.0,-2.0,0.0,17,16.0,33.0,-17.0,49.0,0,0,1.5,True,HOME,2.0,WIN
2024_04_WAS_ARI,2024,4,WAS,ARI,-4.163336342344337e-17,-5.551115123125783e-17,4,1,1.3877787807814457e-17,0,0,2,2,0,0,0,0,0.3424215371845577,-2.5,-4.5,45.0,49.5,-2.0,4.5,17,42.0,14.0,28.0,56.0,0,0,-4.0,True,HOME,2.0,LOSS
2024_04_NE_SF,2024,4,NE,SF,0.0,-5.551115123125783e-17,3,0,5.551115123125783e-17,0,1,1,5,0,0,0,0,1.332403186002306,-11.5,-9.5,45.0,41.0,2.0,-4.0,17,13.0,30.0,-17.0,43.0,1,0,-13.0,True,HOME,-2.0,WIN
2024_04_KC_LAC,2024,4,KC,LAC,-8.326672684688674e-17,0.0,3,2,-8.326672684688674e-17,0,0,3,1,0,0,0,0,-1.9675356433901885,3.5,4.0,46.0,43.5,0.5,-2.5,17,17.0,10.0,7.0,27.0,1,0,2.0,True,HOME,-0.5,LOSS
2024_04_CLE_LV,2024,4,CLE,LV,-5.551115123125783e-17,-2.775557561562892e-17,2,3,-2.775557561562892e-17,0,0,2,2,0,0,0,0,-0.6475601116331906,2.5,1.0,43.5,39.5,-1.5,-4.0,17,16.0,20.0,-4.0,36.0,0,0,1.0,True,HOME,1.5,WIN
2024_04_BUF_BAL,2024,4,BUF,BAL,-5.551115123125783e-17,-5.551115123125783e-17,3,3,0.0,0,0,3,2,0,0,0,0,0.0124276542453082,-3.0,-1.5,47.5,45.5,1.5,-2.0,17,10.0,35.0,-25.0,45.0,1,0,-4.5,True,HOME,-1.5,WIN
2024_04_TEN_MIA,2024,4,TEN,MIA,-5.551115123125783e-17,-2.775557561562892e-17,1,2,-2.775557561562892e-17,0,0,0,3,0,1,0,0,-0.6475601116331906,-6.5,-1.5,46.0,39.5,5.0,-6.5,17,31.0,12.0,19.0,43.0,1,0,-8.0,True,HOME,-5.0,LOSS
2024_04_SEA_DET,2024,4,SEA,DET,0.0,0.0,5,3,0.0,0,0,1,2,0,1,0,0,0.0124276542453082,-5.5,-4.0,49.0,48.5,1.5,-0.5,17,29.0,42.0,-13.0,71.0,1,0,-7.0,True,HOME,-1.5,WIN
2024_05_TB_ATL,2024,5,TB,ATL,-6.938893903907227e-17,-8.326672684688674e-17,3,4,1.3877787807814457e-17,0,0,3,1,0,0,0,0,0.3424215371845577,-3.0,-3.0,44.5,44.0,0.0,-0.5,24,30.0,36.0,-6.0,66.0,0,1,-1.5,True,AWAY,0.0,LOSS
2024_05_NYJ_MIN,2024,5,NYJ,MIN,0.0,0.0,0,0,0.0,1,1,5,5,0,0,0,0,0.0124276542453082,4.0,1.5,44.5,42.5,-2.5,-2.0,25,17.0,23.0,-6.0,40.0,0,0,2.5,True,HOME,2.5,WIN
2024_05_CAR_CHI,2024,5,CAR,CHI,0.0,-2.775557561562892e-17,2,3,2.775557561562892e-17,0,0,2,2,0,0,0,0,0.6724154201238071,-5.5,-4.0,42.0,42.0,1.5,0.0,25,10.0,36.0,-26.0,46.0,1,0,-7.0,True,HOME,-1.5,WIN
2024_05_BAL_CIN,2024,5,BAL,CIN,-5.551115123125783e-17,0.0,3,0,-5.551115123125783e-17,0,1,3,5,0,0,0,0,-1.307547877511689,-1.5,1.0,46.5,47.0,2.5,0.5,25,41.0,38.0,3.0,79.0,1,0,-3.0,True,HOME,-2.5,LOSS
2024_05_BUF_HOU,2024,5,BUF,HOU,0.0,-5.551115123125783e-17,3,4,5.551115123125783e-17,0,0,3,1,0,0,0,0,1.332403186002306,-1.5,-1.0,48.0,47.0,0.5,-1.0,25,20.0,23.0,-3.0,43.0,1,0,-3.0,True,HOME,-0.5,WIN
2024_05_IND_JAX,2024,5,IND,JAX,-2.775557561562892e-17,0.0,5,0,-2.775557561562892e-17,0,1,1,5,0,0,0,0,-0.6475601116331906,-2.5,-2.5,47.5,46.0,0.0,-1.5,25,34.0,37.0,-3.0,71.0,0,0,-4.0,True,HOME,0.0,WIN
2024_05_MIA_NE,2024,5,MIA,NE,0.0,0.0,2,2,0.0,0,0,3,1,1,1,0,0,0.0124276542453082,4.5,-2.0,45.0,36.5,-6.5,-8.5,25,15.0,10.0,5.0,25.0,0,0,3.0,True,HOME,6.5,LOSS
2024_05_CLE_WAS,2024,5,CLE,WAS,0.0,-8.326672684688674e-17,2,0,8.326672684688674e-17,0,1,2,5,0,0,0,0,1.9923909518808047,3.0,-1.0,43.5,42.5,-4.0,-1.0,25,13.0,34.0,-21.0,47.0,0,0,1.5,True,HOME,4.0,WIN
2024_05_LV_DEN,2024,5,LV,DEN,0.0,-2.775557561562892e-17,0,3,2.775557561562892e-17,1,0,5,2,0,0,0,0,0.6724154201238071,-1.0,-1.0,41.0,39.5,0.0,-1.5,25,18.0,34.0,-16.0,52.0,0,0,-2.5,True,HOME,0.0,WIN
2024_05_ARI_SF,2024,5,ARI,SF,-1.3877787807814457e-17,-8.326672684688674e-17,1,0,6.938893903907227e-17,0,1,4,5,0,0,0,0,1.6623970689415553,-9.5,-7.0,47.0,47.5,2.5,0.5,25,24.0,23.0,1.0,47.0,1,1,-8.0,True,AWAY,2.5,WIN
2024_05_NYG_SEA,2024,5,NYG,SEA,-2.775557561562892e-17,-5.551115123125783e-17,0,3,2.775557561562892e-17,1,0,5,3,0,0,0,0,0.6724154201238071,-3.5,-6.0,43.0,42.0,-2.5,-1.0,25,29.0,20.0,9.0,49.0,0,0,-5.0,True,HOME,2.5,LOSS
2024_05_DAL_PIT,2024,5,DAL,PIT,-5.551115123125783e-17,0.0,2,1,-5.551115123125783e-17,0,0,3,4,0,0,0,0,-1.307547877511689,1.5,1.0,43.0,42.0,-0.5,-1.0,25,20.0,17.0,3.0,37.0,0,1,3.0,True,AWAY,-0.5,WIN
2024_05_NO_KC,2024,5,NO,KC,0.0,0.0,1,0,0.0,0,1,4,5,1,0,0,0,0.0124276542453082,-8.0,-5.5,44.5,43.0,2.5,-1.5,29,13.0,26.0,-13.0,39.0,1,1,-6.5,True,AWAY,2.5,LOSS
2024_06_SF_SEA,2024,6,SF,SEA,-1.3877787807814457e-17,-4.163336342344337e-17,3,0,2.775557561562892e-17,0,1,3,5,0,0,0,0,0.6724154201238071,5.0,3.0,46.5,47.0,-2.0,0.5,31,36.0,24.0,12.0,60.0,0,0,3.5,True,HOME,2.0,LOSS
2024_06_JAX_CHI,2024,6,JAX,CHI,0.0,0.0,3,3,0.0,0,0,3,3,0,0,0,0,0.0124276542453082,1.0,1.0,47.0,42.0,0.0,-5.0,34,16.0,35.0,-19.0,51.0,0,1,2.5,True,AWAY,0.0,LOSS
2024_06_WAS_BAL,2024,6,WAS,BAL,-5.551115123125783e-17,-2.775557561562892e-17,4,3,-2.775557561562892e-17,0,0,1,3,0,0,0,0,-0.6475601116331906,-8.5,-6.5,46.5,49.5,2.0,3.0,34,23.0,30.0,-7.0,53.0,1,1,-7.0,True,AWAY,2.0,WIN
2024_06_ARI_GB,2024,6,ARI,GB,-4.163336342344337e-17,-5.551115123125783e-17,1,5,1.3877787807814457e-17,0,0,4,1,0,0,0,0,0.3424215371845577,-5.0,-5.0,46.5,49.5,0.0,3.0,34,13.0,34.0,-21.0,47.0,0,0,-6.5,True,HOME,0.0,WIN
2024_06_HOU_NE,2024,6,HOU,NE,-5.551115123125783e-17,-5.551115123125783e-17,2,2,0.0,0,0,3,2,0,1,0,0,0.0124276542453082,5.5,6.5,44.0,41.5,1.0,-2.5,34,41.0,21.0,20.0,62.0,1,0,4.0,True,HOME,-1.0,LOSS
2024_06_TB_NO,2024,6,TB,NO,-8.326672684688674e-17,-5.551115123125783e-17,3,2,-2.775557561562892e-17,0,0,1,3,0,0,0,0,-0.6475601116331906,-1.5,-3.0,43.0,44.5,-1.5,1.5,32,51.0,27.0,24.0,78.0,0,0,-3.0,True,HOME,1.5,LOSS
2024_06_CLE_PHI,2024,6,CLE,PHI,0.0,-9.714451465470121e-17,3,3,9.714451465470121e-17,0,0,1,2,1,1,0,0,2.322384834820054,-3.0,-6.5,45.5,44.0,-3.5,-1.5,34,16.0,20.0,-4.0,36.0,0,0,-4.5,True,HOME,3.5,WIN
2024_06_IND_TEN,2024,6,IND,TEN,-4.163336342344337e-17,0.0,2,1,-4.163336342344337e-17,0,0,2,0,0,0,0,0,-0.97755399457244,1.5,1.0,44.5,42.0,-0.5,-2.5,34,20.0,17.0,3.0,37.0,0,0,0.0,True,HOME,0.5,LOSS
2024_06_LAC_DEN,2024,6,LAC,DEN,-2.775557561562892e-17,0.0,1,3,-2.775557561562892e-17,0,0,2,2,0,0,0,0,-0.6475601116331906,3.0,2.5,43.0,37.5,-0.5,-5.5,34,23.0,16.0,7.0,39.0,0,0,1.5,True,HOME,0.5,LOSS
2024_06_PIT_LV,2024,6,PIT,LV,-5.551115123125783e-17,-1.3877787807814457e-17,0,1,-4.163336342344337e-17,1,0,5,4,0,0,0,0,-0.97755399457244,1.0,3.0,42.0,37.5,2.0,-4.5,34,32.0,13.0,19.0,45.0,1,1,2.5,True,AWAY,2.0,WIN
2024_06_ATL_CAR,2024,6,ATL,CAR,0.0,-8.326672684688674e-17,5,1,8.326672684688674e-17,0,0,1,4,0,1,0,0,1.9923909518808047,3.5,3.0,44.0,44.5,-0.5,0.5,32,38.0,20.0,18.0,58.0,0,0,2.0,True,HOME,0.5,LOSS
2024_06_DET_DAL,2024,6,DET,DAL,0.0,0.0,5,4,0.0,0,0,0,2,0,0,0,0,0.0124276542453082,-1.0,3.0,48.5,52.0,4.0,3.5,33,47.0,9.0,38.0,56.0,1,0,-2.5,True,HOME,-4.0,LOSS
2024_06_CIN_NYG,2024,6,CIN,NYG,0.0,-5.551115123125783e-17,3,0,5.551115123125783e-17,0,1,3,5,0,0,0,0,1.332403186002306,5.5,4.5,45.0,46.5,-1.0,1.5,34,17.0,7.0,10.0,24.0,0,0,4.0,True,HOME,1.0,LOSS
2024_06_BUF_NYJ,2024,6,BUF,NYJ,-1.3877787807814457e-17,0.0,3,1,-1.3877787807814457e-17,0,0,3,4,0,0,0,0,-0.3175662286939411,-1.5,1.5,47.5,44.5,3.0,-3.0,34,23.0,20.0,3.0,43.0,1,0,-3.0,True,HOME,-3.0,LOSS
2024_07_DEN_NO,2024,7,DEN,NO,0.0,0.0,2,1,0.0,0,0,3,4,0,0,0,0,0.0124276542453082,-3.5,3.0,42.5,37.0,6.5,-5.5,46,33.0,10.0,23.0,43.0,1,0,-5.0,True,HOME,-6.5,LOSS
2024_07_NE_JAX,2024,7,NE,JAX,-4.163336342344337e-17,0.0,3,4,-4.163336342344337e-17,0,0,3,1,1,0,0,0,-0.97755399457244,-6.5,-6.5,42.5,42.0,0.0,-0.5,49,16.0,32.0,-16.0,48.0,0,0,-8.0,True,HOME,0.0,WIN
2024_07_SEA_ATL,2024,7,SEA,ATL,-5.551115123125783e-17,0.0,1,3,-5.551115123125783e-17,0,0,4,2,0,0,0,0,-1.307547877511689,-3.5,-3.0,48.0,52.0,0.5,4.0,49,34.0,14.0,20.0,48.0,1,0,-5.0,True,HOME,-0.5,LOSS
2024_07_TEN_BUF,2024,7,TEN,BUF,0.0,-5.551115123125783e-17,1,3,5.551115123125783e-17,0,0,0,3,0,0,0,0,1.332403186002306,-7.5,-9.0,47.5,41.0,-1.5,-6.5,49,10.0,34.0,-24.0,44.0,0,0,-9.0,True,HOME,1.5,WIN
2024_07_CIN_CLE,2024,7,CIN,CLE,0.0,0.0,1,1,0.0,0,0,4,4,0,0,0,0,0.0124276542453082,1.0,5.5,46.5,41.5,4.5,-5.0,49,21.0,14.0,7.0,35.0,1,1,2.5,True,AWAY,4.5,WIN
2024_07_HOU_GB,2024,7,HOU,GB,0.0,-8.326672684688674e-17,5,0,8.326672684688674e-17,0,1,1,5,0,0,0,0,1.9923909518808047,-2.5,-3.0,48.5,48.5,-0.5,0.0,49,22.0,24.0,-2.0,46.0,0,0,-4.0,True,HOME,0.5,LOSS
2024_07_MIA_IND,2024,7,MIA,IND,0.0,-2.775557561562892e-17,0,0,2.775557561562892e-17,1,1,5,5,1,0,0,0,0.6724154201238071,1.0,-3.0,49.0,43.5,-4.0,-5.5,49,10.0,16.0,-6.0,26.0,0,1,2.5,True,AWAY,-4.0,LOSS
2024_07_DET_MIN,2024,7,DET,MIN,0.0,-8.326672684688674e-17,3,0,8.326672684688674e-17,0,1,2,5,0,0,0,0,1.9923909518808047,3.5,-1.0,48.0,50.5,-4.5,2.5,49,31.0,29.0,2.0,60.0,0,0,2.0,True,HOME,4.5,WIN
2024_07_PHI_NYG,2024,7,PHI,NYG,0.0,0.0,3,1,0.0,0,0,1,4,1,0,0,0,0.0124276542453082,4.5,3.0,44.0,42.5,-1.5,-1.5,49,28.0,3.0,25.0,31.0,0,0,3.0,True,HOME,1.5,LOSS
2024_07_CAR_WAS,2024,7,CAR,WAS,-5.551115123125783e-17,0.0,4,1,-5.551115123125783e-17,0,0,2,4,1,0,0,0,-1.307547877511689,-3.0,-9.5,42.0,51.5,-6.5,9.5,49,7.0,40.0,-33.0,47.0,0,1,-1.5,True,AWAY,-6.5,LOSS
2024_07_KC_SF,2024,7,KC,SF,-2.775557561562892e-17,-5.551115123125783e-17,0,3,2.775557561562892e-17,1,0,5,3,0,0,0,0,0.6724154201238071,-1.0,-2.0,48.0,47.0,-1.0,-1.0,49,28.0,18.0,10.0,46.0,0,0,-2.5,True,HOME,1.0,LOSS
2024_07_NYJ_PIT,2024,7,NYJ,PIT,-2.775557561562892e-17,-2.775557561562892e-17,0,3,0.0,1,0,5,2,0,0,0,0,0.0124276542453082,1.0,2.0,43.0,39.0,1.0,-4.0,49,15.0,37.0,-22.0,52.0,1,1,2.5,True,AWAY,1.0,LOSS
2024_07_BAL_TB,2024,7,BAL,TB,-2.775557561562892e-17,0.0,0,4,-2.775557561562892e-17,1,0,5,1,0,0,0,0,-0.6475601116331906,5.0,3.5,46.0,50.0,-1.5,4.0,50,41.0,31.0,10.0,72.0,0,0,3.5,True,HOME,1.5,LOSS
2024_07_LAC_ARI,2024,7,LAC,ARI,0.0,-3.4694469519536136e-17,1,1,3.4694469519536136e-17,0,0,4,3,0,0,0,0,0.8374123615934318,-1.0,1.5,45.0,44.0,2.5,-1.0,50,15.0,17.0,-2.0,32.0,1,0,-2.5,True,HOME,-2.5,WIN
2024_08_PHI_CIN,2024,8,PHI,CIN,-1.3877787807814457e-17,0.0,3,0,-1.3877787807814457e-17,0,1,3,5,1,0,0,0,-0.3175662286939411,-2.5,-2.5,48.5,48.5,0.0,0.0,-1,37.0,17.0,20.0,54.0,0,0,-4.0,True,HOME,0.0,LOSS
2024_08_BAL_CLE,2024,8,BAL,CLE,-8.326672684688674e-17,0.0,0,1,-8.326672684688674e-17,1,0,5,3,0,0,0,0,-1.9675356433901885,1.0,8.5,45.5,45.0,7.5,-0.5,56,24.0,29.0,-5.0,53.0,1,0,-0.5,True,HOME,-7.5,WIN
2024_08_TEN_DET,2024,8,TEN,DET,0.0,0.0,4,3,0.0,0,0,1,2,0,0,0,0,0.0124276542453082,-7.5,-11.5,47.5,44.5,-4.0,-3.0,56,14.0,52.0,-38.0,66.0,0,0,-9.0,True,HOME,4.0,WIN
2024_08_IND_HOU,2024,8,IND,HOU,0.0,0.0,0,0,0.0,1,1,5,5,0,0,0,0,0.0124276542453082,-4.0,-5.0,48.0,45.0,-1.0,-3.0,56,20.0,23.0,-3.0,43.0,0,1,-2.5,True,AWAY,-1.0,WIN
2024_08_GB_JAX,2024,8,GB,JAX,0.0,-5.551115123125783e-17,3,3,5.551115123125783e-17,0,0,3,3,0,0,0,0,1.332403186002306,1.0,4.0,46.0,49.0,3.0,3.0,56,30.0,27.0,3.0,57.0,1,1,2.5,True,AWAY,3.0,WIN
2024_08_ARI_MIA,2024,8,ARI,MIA,-4.163336342344337e-17,0.0,1,0,-4.163336342344337e-17,0,1,3,5,0,1,0,0,-0.97755399457244,-6.0,-4.5,48.5,45.5,1.5,-3.0,56,28.0,27.0,1.0,55.0,1,1,-4.5,True,AWAY,1.5,WIN
2024_08_NYJ_NE,2024,8,NYJ,NE,-2.775557561562892e-17,0.0,1,1,-2.775557561562892e-17,0,0,3,4,0,1,0,0,-0.6475601116331906,4.5,6.5,41.5,40.0,2.0,-1.5,48,22.0,25.0,-3.0,47.0,1,0,3.0,True,HOME,-2.0,WIN
2024_08_ATL_TB,2024,8,ATL,TB,-2.775557561562892e-17,0.0,2,3,-2.775557561562892e-17,0,0,3,3,0,0,0,0,-0.6475601116331906,-1.0,2.5,44.0,46.0,3.5,2.0,56,31.0,26.0,5.0,57.0,1,0,-2.5,True,HOME,-3.5,LOSS
2024_08_NO_LAC,2024,8,NO,LAC,-8.326672684688674e-17,-2.775557561562892e-17,2,0,-5.551115123125783e-17,0,1,1,5,0,0,0,0,-1.307547877511689,-3.0,-6.5,44.0,39.0,-3.5,-5.0,46,8.0,26.0,-18.0,34.0,0,0,-4.5,True,HOME,3.5,WIN
2024_08_BUF_SEA,2024,8,BUF,SEA,-2.4286128663675302e-17,-5.551115123125783e-17,3,0,3.122502256758253e-17,0,1,3,5,0,0,0,0,0.7549138908586195,3.0,3.0,46.5,48.0,0.0,1.5,48,31.0,10.0,21.0,41.0,0,0,1.5,True,HOME,0.0,LOSS
2024_08_CAR_DEN,2024,8,CAR,DEN,0.0,-2.775557561562892e-17,5,5,2.775557561562892e-17,0,0,0,1,1,0,0,0,0.6724154201238071,-2.5,-4.0,41.0,43.0,-1.5,2.0,46,14.0,28.0,-14.0,42.0,0,0,-4.0,True,HOME,1.5,WIN
2024_08_KC_LV,2024,8,KC,LV,-8.326672684688674e-17,0.0,0,0,-8.326672684688674e-17,1,1,5,5,0,0,0,0,-1.9675356433901885,5.5,9.5,47.0,41.0,4.0,-6.0,56,27.0,20.0,7.0,47.0,1,0,4.0,True,HOME,-4.0,LOSS
2024_08_CHI_WAS,2024,8,CHI,WAS,0.0,0.0,1,3,0.0,0,0,4,3,0,0,0,0,0.0124276542453082,2.0,1.0,44.5,45.5,-1.0,1.0,56,15.0,18.0,-3.0,33.0,0,0,0.5,True,HOME,1.0,WIN
2024_08_DAL_SF,2024,8,DAL,SF,-2.775557561562892e-17,-1.3877787807814457e-17,3,0,-1.3877787807814457e-17,0,1,2,5,0,0,0,0,-0.3175662286939411,-5.5,-7.0,47.5,49.0,-1.5,1.5,48,24.0,30.0,-6.0,54.0,0,0,-7.0,True,HOME,1.5,WIN
2024_08_NYG_PIT,2024,8,NYG,PIT,0.0,-5.551115123125783e-17,1,3,5.551115123125783e-17,0,0,4,3,0,0,0,0,1.332403186002306,-6.0,-4.0,36.5,42.5,2.0,6.0,-44,18.0,26.0,-8.0,44.0,1,0,-7.5,True,HOME,-2.0,WIN
2024_09_HOU_NYJ,2024,9,HOU,NYJ,0.0,-5.551115123125783e-17,3,3,5.551115123125783e-17,0,0,3,1,0,0,0,0,1.332403186002306,-2.5,-1.0,45.0,43.5,1.5,-1.5,52,13.0,21.0,-8.0,34.0,1,0,-4.0,True,HOME,-1.5,WIN
2024_09_DAL_ATL,2024,9,DAL,ATL,-5.551115123125783e-17,0.0,0,0,-5.551115123125783e-17,1,1,5,5,0,0,0,0,-1.307547877511689,1.0,-2.0,48.0,48.5,-3.0,0.5,55,21.0,27.0,-6.0,48.0,0,1,2.5,True,AWAY,-3.0,LOSS
2024_09_DEN_BAL,2024,9,DEN,BAL,0.0,-2.775557561562892e-17,5,0,2.775557561562892e-17,0,1,1,5,0,0,0,0,0.6724154201238071,-10.5,-8.5,43.0,44.0,2.0,1.0,55,10.0,41.0,-31.0,51.0,1,0,-12.0,True,HOME,-2.0,WIN
2024_09_MIA_BUF,2024,9,MIA,BUF,0.0,0.0,0,0,0.0,1,1,5,5,1,0,0,0,0.0124276542453082,-3.0,-5.5,51.0,48.0,-2.5,-3.0,55,27.0,30.0,-3.0,57.0,0,0,-4.5,True,HOME,2.5,PUSH
2024_09_NO_CAR,2024,9,NO,CAR,-5.551115123125783e-17,0.0,1,3,-5.551115123125783e-17,0,0,4,2,0,1,0,0,-1.307547877511689,1.0,4.5,40.5,46.5,3.5,6.0,55,22.0,23.0,-1.0,45.0,1,1,2.5,True,AWAY,3.5,LOSS
2024_09_LV_CIN,2024,9,LV,CIN,-5.551115123125783e-17,-2.775557561562892e-17,2,3,-2.775557561562892e-17,0,0,2,3,1,0,0,0,-0.6475601116331906,-7.0,-8.5,45.0,45.5,-1.5,0.5,55,24.0,41.0,-17.0,65.0,0,0,-8.5,True,HOME,1.5,WIN
2024_09_LAC_CLE,2024,9,LAC,CLE,-5.551115123125783e-17,-5.551115123125783e-17,0,3,0.0,1,0,5,3,0,0,0,0,0.0124276542453082,-3.5,3.5,43.5,39.0,7.0,-4.5,55,27.0,10.0,17.0,37.0,1,0,-5.0,True,HOME,-7.0,LOSS
2024_09_WAS_NYG,2024,9,WAS,NYG,-6.938893903907227e-17,-2.775557561562892e-17,3,3,-4.163336342344337e-17,0,0,2,3,0,0,0,0,-0.97755399457244,-1.5,3.0,42.0,44.0,4.5,2.0,53,27.0,22.0,5.0,49.0,1,1,0.0,True,AWAY,4.5,WIN
2024_09_NE_TEN,2024,9,NE,TEN,0.0,-5.551115123125783e-17,3,2,5.551115123125783e-17,0,0,3,2,1,0,0,0,1.332403186002306,-3.0,-3.0,41.0,39.0,0.0,-2.0,55,17.0,20.0,-3.0,37.0,0,0,-4.5,True,HOME,0.0,PUSH
2024_09_CHI_ARI,2024,9,CHI,ARI,0.0,0.0,1,0,0.0,0,1,0,5,0,0,0,0,0.0124276542453082,1.5,1.0,46.5,45.5,-0.5,-1.0,55,9.0,29.0,-20.0,38.0,0,0,0.0,True,HOME,0.5,WIN
2024_09_JAX_PHI,2024,9,JAX,PHI,-5.551115123125783e-17,-5.551115123125783e-17,1,4,0.0,0,0,4,1,0,1,0,0,0.0124276542453082,-6.5,-6.5,47.0,47.0,0.0,0.0,-1,23.0,28.0,-5.0,51.0,0,0,-8.0,True,HOME,0.0,LOSS
2024_09_JAX_PHI,2024,9,JAX,PHI,-5.551115123125783e-17,-5.551115123125783e-17,1,4,0.0,0,0,4,1,0,1,0,0,0.0124276542453082,-3.5,-3.5,47.0,47.0,0.0,0.0,5,23.0,28.0,-5.0,51.0,0,0,-5.0,True,HOME,0.0,WIN
2024_09_DET_GB,2024,9,DET,GB,-5.551115123125783e-17,-1.3877787807814457e-17,3,3,-4.163336342344337e-17,0,0,3,2,0,1,0,0,-0.97755399457244,-1.5,-1.0,49.0,50.0,0.5,1.0,55,24.0,14.0,10.0,38.0,1,0,-3.0,True,HOME,-0.5,LOSS
2024_09_IND_MIN,2024,9,IND,MIN,0.0,0.0,1,4,0.0,0,0,4,1,0,0,0,0,0.0124276542453082,-7.0,-1.0,46.5,46.5,6.0,0.0,-45,13.0,21.0,-8.0,34.0,1,0,-8.5,True,HOME,-6.0,WIN
2024_09_IND_MIN,2024,9,IND,MIN,0.0,0.0,1,4,0.0,0,0,4,1,0,0,0,0,0.0124276542453082,-7.0,-5.0,46.0,46.5,2.0,0.5,6,13.0,21.0,-8.0,34.0,1,0,-8.5,True,HOME,-2.0,WIN
2024_09_TB_KC,2024,9,TB,KC,-5.551115123125783e-17,-2.775557561562892e-17,0,0,-2.775557561562892e-17,1,1,5,5,0,0,0,0,-0.6475601116331906,-7.5,-8.5,47.0,44.0,-1.0,-3.0,53,24.0,30.0,-6.0,54.0,0,1,-6.0,True,AWAY,-1.0,WIN
2024_10_CIN_BAL,2024,10,CIN,BAL,-2.775557561562892e-17,-4.163336342344337e-17,0,3,1.3877787807814457e-17,1,0,5,3,0,0,0,0,0.3424215371845577,-3.0,-6.0,46.0,53.0,-3.0,7.0,67,34.0,35.0,-1.0,69.0,0,0,-4.5,True,HOME,3.0,LOSS
2024_10_NYG_CAR,2024,10,NYG,CAR,-8.326672684688674e-17,0.0,1,3,-8.326672684688674e-17,0,0,4,2,0,1,0,0,-1.9675356433901885,1.0,6.5,42.5,40.0,5.5,-2.5,70,17.0,20.0,-3.0,37.0,1,0,-0.5,True,HOME,-5.5,WIN
2024_10_NE_CHI,2024,10,NE,CHI,-5.551115123125783e-17,0.0,5,1,-5.551115123125783e-17,0,0,1,0,1,0,0,0,-1.307547877511689,-5.5,-6.0,43.0,38.5,-0.5,-4.5,70,19.0,3.0,16.0,22.0,0,1,-4.0,True,AWAY,-0.5,WIN
2024_10_BUF_IND,2024,10,BUF,IND,-2.775557561562892e-17,-8.326672684688674e-17,3,3,5.551115123125783e-17,0,0,3,2,0,0,0,0,1.332403186002306,2.0,4.0,46.5,46.5,2.0,0.0,70,30.0,20.0,10.0,50.0,1,0,0.5,True,HOME,-2.0,LOSS
2024_10_MIN_JAX,2024,10,MIN,JAX,-1.3877787807814457e-17,0.0,3,4,-1.3877787807814457e-17,0,0,3,1,0,0,0,0,-0.3175662286939411,-3.5,7.0,44.5,43.5,10.5,-1.0,70,12.0,7.0,5.0,19.0,1,0,-5.0,True,HOME,-10.5,LOSS
2024_10_DEN_KC,2024,10,DEN,KC,-5.551115123125783e-17,0.0,3,1,-5.551115123125783e-17,0,0,2,4,0,0,0,0,-1.307547877511689,-9.0,-7.5,46.0,42.0,1.5,-4.0,70,14.0,16.0,-2.0,30.0,1,1,-7.5,True,AWAY,1.5,WIN
2024_10_ATL_NO,2024,10,ATL,NO,0.0,-3.4694469519536136e-17,0,4,3.4694469519536136e-17,1,0,5,1,0,0,0,0,0.8374123615934318,1.0,3.5,44.5,46.5,2.5,2.0,70,17.0,20.0,-3.0,37.0,1,0,-0.5,True,HOME,-2.5,WIN
2024_10_SF_TB,2024,10,SF,TB,-5.551115123125783e-17,-1.3877787807814457e-17,0,4,-4.163336342344337e-17,1,0,5,1,0,0,0,0,-0.97755399457244,7.0,6.5,46.5,50.5,-0.5,4.0,70,23.0,20.0,3.0,43.0,0,0,5.5,True,HOME,0.5,WIN
2024_10_PIT_WAS,2024,10,PIT,WAS,0.0,-2.775557561562892e-17,3,4,2.775557561562892e-17,0,0,2,1,0,0,0,0,0.6724154201238071,1.5,-2.5,43.5,45.0,-4.0,1.5,70,28.0,27.0,1.0,55.0,0,0,0.0,True,HOME,4.0,WIN
2024_10_TEN_LAC,2024,10,TEN,LAC,-5.551115123125783e-17,-2.775557561562892e-17,2,1,-2.775557561562892e-17,0,0,3,4,0,0,0,0,-0.6475601116331906,-4.0,-8.0,43.5,39.5,-4.0,-4.0,70,17.0,27.0,-10.0,44.0,0,1,-2.5,True,AWAY,-4.0,LOSS
2024_10_NYJ_ARI,2024,10,NYJ,ARI,0.0,0.0,2,3,0.0,0,0,2,1,0,0,0,0,0.0124276542453082,3.0,1.5,46.5,46.0,-1.5,-0.5,70,6.0,31.0,-25.0,37.0,0,0,1.5,True,HOME,1.5,WIN
2024_10_PHI_DAL,2024,10,PHI,DAL,-5.551115123125783e-17,-5.551115123125783e-17,3,2,0.0,0,0,3,3,1,0,0,0,0.0124276542453082,-2.0,7.0,48.0,43.5,9.0,-4.5,70,34.0,6.0,28.0,40.0,1,0,-3.5,True,HOME,-9.0,LOSS
2024_10_DET_HOU,2024,10,DET,HOU,-2.775557561562892e-17,-5.551115123125783e-17,2,1,2.775557561562892e-17,0,0,3,4,0,0,0,0,0.6724154201238071,-1.0,3.5,50.0,49.5,4.5,-0.5,70,26.0,23.0,3.0,49.0,1,0,-2.5,True,HOME,-4.5,LOSS
2024_11_WAS_PHI,2024,11,WAS,PHI,-5.551115123125783e-17,-2.775557561562892e-17,4,3,-2.775557561562892e-17,0,0,1,2,0,1,0,0,-0.6475601116331906,-7.0,-3.0,45.5,49.0,4.0,3.5,66,18.0,26.0,-8.0,44.0,1,0,-8.5,True,HOME,-4.0,WIN
2024_11_GB_CHI,2024,11,GB,CHI,-5.551115123125783e-17,-8.326672684688674e-17,3,1,2.775557561562892e-17,0,0,2,0,0,0,0,0,0.6724154201238071,1.0,3.0,44.5,44.5,2.0,0.0,70,20.0,19.0,1.0,39.0,1,0,-0.5,True,HOME,-2.0,PUSH
2024_11_JAX_DET,2024,11,JAX,DET,0.0,-2.0816681711721685e-17,2,4,2.0816681711721685e-17,0,0,3,1,0,0,0,0,0.5074184786541824,-4.0,-10.0,50.0,51.0,-6.0,1.0,67,6.0,52.0,-46.0,58.0,0,1,-2.5,True,AWAY,-6.0,LOSS
2024_11_LV_MIA,2024,11,LV,MIA,0.0,0.0,4,6,0.0,0,0,1,0,1,1,0,0,0.0124276542453082,-6.5,-7.0,47.0,46.0,-0.5,-1.0,70,19.0,34.0,-15.0,53.0,0,0,-8.0,True,HOME,0.5,WIN
2024_11_CLE_NO,2024,11,CLE,NO,0.0,0.0,3,1,0.0,0,0,2,4,0,0,0,0,0.0124276542453082,2.0,-2.0,42.0,42.5,-4.0,0.5,70,14.0,35.0,-21.0,49.0,0,0,0.5,True,HOME,4.0,WIN
2024_11_IND_NYJ,2024,11,IND,NYJ,-2.775557561562892e-17,-2.775557561562892e-17,3,5,0.0,0,0,3,1,0,0,0,0,0.0124276542453082,-4.5,-4.5,43.0,43.0,0.0,0.0,4,28.0,27.0,1.0,55.0,0,0,-6.0,True,HOME,0.0,LOSS
2024_11_IND_NYJ,2024,11,IND,NYJ,-2.775557561562892e-17,-2.775557561562892e-17,3,5,0.0,0,0,3,1,0,0,0,0,0.0124276542453082,-4.0,-4.0,46.0,46.0,0.0,0.0,7,28.0,27.0,1.0,55.0,0,0,-5.5,True,HOME,0.0,LOSS
2024_11_BAL_PIT,2024,11,BAL,PIT,-2.775557561562892e-17,0.0,3,3,-2.775557561562892e-17,0,0,3,3,0,0,0,0,-0.6475601116331906,3.0,3.0,43.0,45.0,0.0,2.0,67,16.0,18.0,-2.0,34.0,0,0,1.5,True,HOME,0.0,WIN
2024_11_MIN_TEN,2024,11,MIN,TEN,-2.775557561562892e-17,-5.551115123125783e-17,3,1,2.775557561562892e-17,0,0,2,4,0,0,0,0,0.6724154201238071,1.0,6.0,43.5,42.0,5.0,-1.5,70,23.0,13.0,10.0,36.0,1,0,-0.5,True,HOME,-5.0,LOSS
2024_11_ATL_DEN,2024,11,ATL,DEN,0.0,0.0,0,3,0.0,1,0,5,3,0,0,0,0,0.0124276542453082,3.5,1.0,44.5,43.5,-2.5,-1.0,70,6.0,38.0,-32.0,44.0,0,0,2.0,True,HOME,2.5,WIN
2024_11_SEA_SF,2024,11,SEA,SF,0.0,-5.551115123125783e-17,1,0,5.551115123125783e-17,0,1,3,5,0,0,0,0,1.332403186002306,-9.0,-7.0,46.5,49.0,2.0,2.5,70,20.0,17.0,3.0,37.0,1,1,-7.5,True,AWAY,2.0,WIN
2024_11_KC_BUF,2024,11,KC,BUF,-8.326672684688674e-17,0.0,1,2,-8.326672684688674e-17,0,0,4,3,0,0,0,0,-1.9675356433901885,1.0,1.0,48.5,47.0,0.0,-1.5,70,21.0,30.0,-9.0,51.0,0,0,-0.5,True,HOME,0.0,WIN
2024_11_CIN_LAC,2024,11,CIN,LAC,0.0,-5.551115123125783e-17,0,1,5.551115123125783e-17,1,0,5,4,0,0,0,0,1.332403186002306,2.0,2.0,45.0,45.0,0.0,0.0,7,27.0,34.0,-7.0,61.0,0,0,0.5,True,HOME,0.0,WIN
2024_11_CIN_LAC,2024,11,CIN,LAC,0.0,-5.551115123125783e-17,0,1,5.551115123125783e-17,1,0,5,4,0,0,0,0,1.332403186002306,-1.5,-1.5,44.0,44.0,0.0,0.0,1,27.0,34.0,-7.0,61.0,0,0,-3.0,True,HOME,0.0,WIN
2024_11_HOU_DAL,2024,11,HOU,DAL,0.0,-5.551115123125783e-17,3,2,5.551115123125783e-17,0,0,2,3,0,0,0,0,1.332403186002306,-3.0,6.5,49.0,43.0,9.5,-6.0,70,34.0,10.0,24.0,44.0,1,0,-4.5,True,HOME,-9.5,LOSS
2024_12_PIT_CLE,2024,12,PIT,CLE,0.0,-2.775557561562892e-17,0,0,2.775557561562892e-17,1,1,5,5,0,0,0,0,0.6724154201238071,-2.5,-2.5,43.5,43.5,0.0,0.0,7,19.0,24.0,-5.0,43.0,0,0,-4.0,True,HOME,0.0,WIN
2024_12_KC_CAR,2024,12,KC,CAR,-8.326672684688674e-17,-8.326672684688674e-17,0,3,0.0,1,0,5,1,0,1,0,0,0.0124276542453082,7.5,7.5,45.5,45.5,0.0,0.0,7,30.0,27.0,3.0,57.0,0,0,6.0,True,HOME,0.0,WIN
2024_12_MIN_CHI,2024,12,MIN,CHI,-5.551115123125783e-17,0.0,1,1,-5.551115123125783e-17,0,0,4,0,0,0,0,0,-1.307547877511689,-3.5,-3.5,45.0,45.0,0.0,0.0,7,30.0,27.0,3.0,57.0,0,0,-5.0,True,HOME,0.0,LOSS
2024_12_TEN_HOU,2024,12,TEN,HOU,0.0,-8.326672684688674e-17,3,1,8.326672684688674e-17,0,0,3,4,0,0,0,0,1.9923909518808047,-6.0,-6.0,46.5,46.5,0.0,0.0,7,32.0,27.0,5.0,59.0,0,1,-4.5,True,AWAY,0.0,WIN
2024_12_DET_IND,2024,12,DET,IND,0.0,-2.775557561562892e-17,3,0,2.775557561562892e-17,0,1,3,5,0,0,0,0,0.6724154201238071,2.5,2.5,48.5,48.5,0.0,0.0,7,24.0,6.0,18.0,30.0,0,0,1.0,True,HOME,0.0,LOSS
2024_12_NE_MIA,2024,12,NE,MIA,-2.775557561562892e-17,-8.326672684688674e-17,3,3,5.551115123125783e-17,0,0,3,3,1,1,0,0,1.332403186002306,-7.5,-7.5,45.0,45.0,0.0,0.0,7,15.0,34.0,-19.0,49.0,0,0,-9.0,True,HOME,0.0,WIN
2024_12_TB_NYG,2024,12,TB,NYG,-4.163336342344337e-17,0.0,3,4,-4.163336342344337e-17,0,0,3,1,0,0,0,0,-0.97755399457244,1.0,1.0,44.0,44.0,0.0,0.0,7,30.0,7.0,23.0,37.0,0,1,2.5,True,AWAY,0.0,WIN
2024_12_DAL_WAS,2024,12,DAL,WAS,-2.775557561562892e-17,0.0,1,0,-2.775557561562892e-17,0,1,3,5,0,0,0,0,-0.6475601116331906,3.5,3.5,46.0,46.0,0.0,0.0,7,34.0,26.0,8.0,60.0,0,0,2.0,True,HOME,0.0,LOSS
2024_12_DEN_LV,2024,12,DEN,LV,-6.938893903907227e-17,-2.775557561562892e-17,5,3,-4.163336342344337e-17,0,0,1,3,0,1,0,0,-0.97755399457244,-3.0,-3.0,42.0,42.0,0.0,0.0,7,29.0,19.0,10.0,48.0,0,1,-1.5,True,AWAY,0.0,WIN
2024_12_SF_GB,2024,12,SF,GB,0.0,-8.326672684688674e-17,4,0,8.326672684688674e-17,0,1,1,5,0,0,0,0,1.9923909518808047,2.5,2.5,47.0,47.0,0.0,0.0,5,10.0,38.0,-28.0,48.0,0,1,4.0,True,AWAY,0.0,LOSS
2024_12_ARI_SEA,2024,12,ARI,SEA,0.0,-5.551115123125783e-17,3,4,5.551115123125783e-17,0,0,1,1,0,0,0,0,1.332403186002306,-3.0,-3.0,46.0,46.0,0.0,0.0,7,6.0,16.0,-10.0,22.0,0,0,-4.5,True,HOME,0.0,WIN
2024_12_BAL_LAC,2024,12,BAL,LAC,-9.714451465470121e-17,-2.775557561562892e-17,3,0,-6.938893903907227e-17,0,1,3,5,0,0,0,0,-1.6375417604509388,3.0,3.0,47.0,47.0,0.0,0.0,4,30.0,23.0,7.0,53.0,0,0,1.5,True,HOME,0.0,LOSS
2024_13_CHI_DET,2024,13,CHI,DET,0.0,0.0,1,1,0.0,0,0,0,4,0,0,0,0,0.0124276542453082,-4.0,-4.0,50.0,50.0,0.0,0.0,7,20.0,23.0,-3.0,43.0,0,1,-2.5,True,AWAY,0.0,WIN
2024_13_NYG_DAL,2024,13,NYG,DAL,0.0,-2.775557561562892e-17,5,2,2.775557561562892e-17,0,0,1,2,0,0,0,0,0.6724154201238071,-8.0,-8.0,45.5,45.5,0.0,0.0,7,20.0,27.0,-7.0,47.0,0,0,-9.5,True,HOME,0.0,LOSS
2024_13_MIA_GB,2024,13,MIA,GB,-2.775557561562892e-17,-6.938893903907227e-17,5,3,4.163336342344337e-17,0,0,1,3,1,0,0,0,1.0024093030630563,-3.0,-3.0,48.5,48.5,0.0,0.0,5,17.0,30.0,-13.0,47.0,0,0,-4.5,True,HOME,0.0,WIN
2024_13_LV_KC,2024,13,LV,KC,-8.326672684688674e-17,0.0,4,0,-8.326672684688674e-17,0,1,2,5,1,0,0,0,-1.9675356433901885,-7.5,-7.5,45.5,45.5,0.0,0.0,7,17.0,19.0,-2.0,36.0,0,1,-6.0,True,AWAY,0.0,WIN
2024_13_LAC_ATL,2024,13,LAC,ATL,-5.551115123125783e-17,-5.551115123125783e-17,0,1,0.0,1,0,5,4,0,0,0,0,0.0124276542453082,-2.5,-2.5,47.5,47.5,0.0,0.0,7,17.0,13.0,4.0,30.0,0,0,-4.0,True,HOME,0.0,LOSS
2024_13_PIT_CIN,2024,13,PIT,CIN,0.0,-5.551115123125783e-17,0,3,5.551115123125783e-17,1,0,5,2,0,0,0,0,1.332403186002306,-5.0,-5.0,44.5,44.5,0.0,0.0,7,44.0,38.0,6.0,82.0,0,0,-6.5,True,HOME,0.0,LOSS
2024_13_HOU_JAX,2024,13,HOU,JAX,0.0,-4.163336342344337e-17,1,5,4.163336342344337e-17,0,0,4,1,0,0,0,0,1.0024093030630563,-1.0,-1.0,47.0,47.0,0.0,0.0,7,23.0,20.0,3.0,43.0,0,0,-2.5,True,HOME,0.0,LOSS
2024_13_ARI_MIN,2024,13,ARI,MIN,-6.938893903907227e-17,0.0,1,1,-6.938893903907227e-17,0,0,3,4,0,0,0,0,-1.6375417604509388,-2.0,-2.0,45.5,45.5,0.0,0.0,7,22.0,23.0,-1.0,45.0,0,1,-0.5,True,AWAY,0.0,WIN
2024_13_IND_NE,2024,13,IND,NE,-2.775557561562892e-17,-2.775557561562892e-17,2,5,0.0,0,0,1,0,0,1,0,0,0.0124276542453082,3.0,3.0,44.0,44.0,0.0,0.0,7,25.0,24.0,1.0,49.0,0,0,1.5,True,HOME,0.0,WIN
2024_13_SEA_NYJ,2024,13,SEA,NYJ,-8.326672684688674e-17,-8.326672684688674e-17,3,3,0.0,0,0,2,2,0,0,0,0,0.0124276542453082,-4.5,-4.5,46.5,46.5,0.0,0.0,7,26.0,21.0,5.0,47.0,0,0,-6.0,True,HOME,0.0,LOSS
2024_13_TEN_WAS,2024,13,TEN,WAS,-2.775557561562892e-17,-2.775557561562892e-17,0,2,0.0,1,0,5,3,0,0,0,0,0.0124276542453082,-1.5,-1.5,46.5,46.5,0.0,0.0,7,19.0,42.0,-23.0,61.0,0,0,-3.0,True,HOME,0.0,WIN
2024_13_TB_CAR,2024,13,TB,CAR,-2.775557561562892e-17,-8.326672684688674e-17,3,5,5.551115123125783e-17,0,0,2,1,0,1,0,0,1.332403186002306,2.0,2.0,43.0,43.0,0.0,0.0,7,26.0,23.0,3.0,49.0,0,0,0.5,True,HOME,0.0,LOSS
2024_13_PHI_BAL,2024,13,PHI,BAL,-5.551115123125783e-17,-8.326672684688674e-17,3,0,2.775557561562892e-17,0,1,3,5,1,0,0,0,0.6724154201238071,-3.5,-3.5,46.5,46.5,0.0,0.0,4,24.0,19.0,5.0,43.0,0,0,-5.0,True,HOME,0.0,LOSS
2024_13_SF_BUF,2024,13,SF,BUF,-5.551115123125783e-17,0.0,2,1,-5.551115123125783e-17,0,0,3,4,0,0,0,0,-1.307547877511689,2.0,2.0,47.0,47.0,0.0,0.0,7,10.0,35.0,-25.0,45.0,0,0,0.5,True,HOME,0.0,WIN
2024_13_CLE_DEN,2024,13,CLE,DEN,0.0,0.0,0,5,0.0,1,0,5,1,0,0,0,0,0.0124276542453082,3.5,3.5,43.0,43.0,0.0,0.0,7,32.0,41.0,-9.0,73.0,0,0,2.0,True,HOME,0.0,WIN
2024_14_GB_DET,2024,14,GB,DET,0.0,-9.714451465470121e-17,5,5,9.714451465470121e-17,0,0,1,1,0,0,0,0,2.322384834820054,-3.0,-3.0,48.0,48.0,0.0,0.0,5,31.0,34.0,-3.0,65.0,0,0,-4.5,True,HOME,0.0,PUSH
2024_14_NYJ_MIA,2024,14,NYJ,MIA,0.0,0.0,1,2,0.0,0,0,3,3,0,1,0,0,0.0124276542453082,-2.0,-2.0,47.5,47.5,0.0,0.0,7,26.0,32.0,-6.0,58.0,0,0,-3.5,True,HOME,0.0,WIN
2024_14_ATL_MIN,2024,14,ATL,MIN,0.0,0.0,0,0,0.0,1,1,5,5,0,0,0,0,0.0124276542453082,1.0,1.0,45.0,45.0,0.0,0.0,7,21.0,42.0,-21.0,63.0,0,1,2.5,True,AWAY,0.0,LOSS
2024_14_NO_NYG,2024,14,NO,NYG,-5.551115123125783e-17,0.0,1,3,-5.551115123125783e-17,0,0,2,1,0,0,0,0,-1.307547877511689,-1.0,-1.0,41.0,41.0,0.0,0.0,7,14.0,11.0,3.0,25.0,0,0,-2.5,True,HOME,0.0,LOSS
2024_14_CAR_PHI,2024,14,CAR,PHI,-5.551115123125783e-17,-5.551115123125783e-17,5,3,0.0,0,0,1,3,1,1,0,0,0.0124276542453082,-7.5,-7.5,45.0,45.0,0.0,0.0,5,16.0,22.0,-6.0,38.0,0,0,-9.0,True,HOME,0.0,LOSS
2024_14_CLE_PIT,2024,14,CLE,PIT,-5.551115123125783e-17,-5.551115123125783e-17,3,0,0.0,0,1,3,5,0,0,0,0,0.0124276542453082,1.0,1.0,43.5,43.5,0.0,0.0,7,14.0,27.0,-13.0,41.0,0,1,2.5,True,AWAY,0.0,LOSS
2024_14_LV_TB,2024,14,LV,TB,-8.326672684688674e-17,0.0,3,0,-8.326672684688674e-17,0,1,3,5,1,0,0,0,-1.9675356433901885,-3.0,-3.0,44.0,44.0,0.0,0.0,7,13.0,28.0,-15.0,41.0,0,0,-4.5,True,HOME,0.0,WIN
2024_14_JAX_TEN,2024,14,JAX,TEN,0.0,-5.551115123125783e-17,2,0,5.551115123125783e-17,0,1,3,5,0,0,0,0,1.332403186002306,1.5,1.5,45.0,45.0,0.0,0.0,7,10.0,6.0,4.0,16.0,0,1,3.0,True,AWAY,0.0,WIN
2024_14_SEA_ARI,2024,14,SEA,ARI,-6.938893903907227e-17,-5.551115123125783e-17,0,1,-1.3877787807814457e-17,1,0,5,4,0,0,0,0,-0.3175662286939411,-1.0,-1.0,46.0,46.0,0.0,0.0,7,30.0,18.0,12.0,48.0,0,1,0.5,True,AWAY,0.0,WIN
2024_14_CHI_SF,2024,14,CHI,SF,0.0,-5.551115123125783e-17,1,2,5.551115123125783e-17,0,0,0,3,0,0,0,0,1.332403186002306,-5.5,-5.5,47.5,47.5,0.0,0.0,7,13.0,38.0,-25.0,51.0,0,0,-7.0,True,HOME,0.0,WIN
2024_14_LAC_KC,2024,14,LAC,KC,0.0,-5.551115123125783e-17,0,3,5.551115123125783e-17,1,0,5,2,0,0,0,0,1.332403186002306,-6.5,-6.5,44.5,44.5,0.0,0.0,7,17.0,19.0,-2.0,36.0,0,0,-8.0,True,HOME,0.0,LOSS
2024_14_CIN_DAL,2024,14,CIN,DAL,-2.775557561562892e-17,0.0,3,1,-2.775557561562892e-17,0,0,2,3,0,0,0,0,-0.6475601116331906,-1.0,-1.0,48.5,48.5,0.0,0.0,7,27.0,20.0,7.0,47.0,0,0,-2.5,True,HOME,0.0,LOSS
2024_15_DAL_CAR,2024,15,DAL,CAR,-2.775557561562892e-17,-5.551115123125783e-17,1,3,2.775557561562892e-17,0,0,4,3,0,1,0,0,0.6724154201238071,6.5,6.5,44.0,44.0,0.0,0.0,7,30.0,14.0,16.0,44.0,0,0,5.0,True,HOME,0.0,LOSS
2024_15_KC_CLE,2024,15,KC,CLE,0.0,0.0,3,4,0.0,0,0,2,2,0,0,0,0,0.0124276542453082,2.5,2.5,46.5,46.5,0.0,0.0,7,21.0,7.0,14.0,28.0,0,0,1.0,True,HOME,0.0,LOSS
2024_15_MIA_HOU,2024,15,MIA,HOU,-2.775557561562892e-17,0.0,2,1,-2.775557561562892e-17,0,0,3,4,1,0,0,0,-0.6475601116331906,-2.5,-2.5,49.5,49.5,0.0,0.0,7,12.0,20.0,-8.0,32.0,0,0,-4.0,True,HOME,0.0,WIN
2024_15_NYJ_JAX,2024,15,NYJ,JAX,0.0,-1.3877787807814457e-17,1,1,1.3877787807814457e-17,0,0,3,4,0,0,0,0,0.3424215371845577,1.0,1.0,46.0,46.0,0.0,0.0,7,32.0,25.0,7.0,57.0,0,1,2.5,True,AWAY,0.0,WIN
2024_15_WAS_NO,2024,15,WAS,NO,0.0,0.0,2,3,0.0,0,0,2,2,0,0,0,0,0.0124276542453082,-3.0,-3.0,42.0,42.0,0.0,0.0,7,20.0,19.0,1.0,39.0,0,0,-4.5,True,HOME,0.0,LOSS
2024_15_BAL_NYG,2024,15,BAL,NYG,0.0,-5.551115123125783e-17,3,3,5.551115123125783e-17,0,0,3,2,0,0,0,0,1.332403186002306,6.5,6.5,44.0,44.0,0.0,0.0,4,35.0,14.0,21.0,49.0,0,0,5.0,True,HOME,0.0,LOSS
2024_15_CIN_TEN,2024,15,CIN,TEN,-8.326672684688674e-17,-5.551115123125783e-17,2,4,-2.775557561562892e-17,0,0,3,2,0,0,0,0,-0.6475601116331906,4.5,4.5,46.0,46.0,0.0,0.0,7,37.0,27.0,10.0,64.0,0,0,3.0,True,HOME,0.0,LOSS
2024_15_NE_ARI,2024,15,NE,ARI,-2.775557561562892e-17,0.0,3,3,-2.775557561562892e-17,0,0,3,2,1,0,0,0,-0.6475601116331906,-3.5,-3.5,44.0,44.0,0.0,0.0,7,17.0,30.0,-13.0,47.0,0,0,-5.0,True,HOME,0.0,WIN
2024_15_IND_DEN,2024,15,IND,DEN,0.0,-8.326672684688674e-17,3,0,8.326672684688674e-17,0,1,3,5,0,0,0,0,1.9923909518808047,2.5,2.5,44.5,44.5,0.0,0.0,7,13.0,31.0,-18.0,44.0,0,1,4.0,True,AWAY,0.0,LOSS
2024_15_BUF_DET,2024,15,BUF,DET,-2.775557561562892e-17,0.0,3,4,-2.775557561562892e-17,0,0,3,1,0,0,0,0,-0.6475601116331906,-2.0,-2.0,50.5,50.5,0.0,0.0,7,48.0,42.0,6.0,90.0,0,1,-0.5,True,AWAY,0.0,WIN
2024_15_TB_LAC,2024,15,TB,LAC,-1.3877787807814457e-17,0.0,3,0,-1.3877787807814457e-17,0,1,3,5,0,0,0,0,-0.3175662286939411,-3.0,-3.0,42.5,42.5,0.0,0.0,7,40.0,17.0,23.0,57.0,0,0,-4.5,True,HOME,0.0,LOSS
2024_15_PIT_PHI,2024,15,PIT,PHI,0.0,0.0,0,4,0.0,1,0,5,1,0,1,0,0,0.0124276542453082,-4.5,-4.5,45.0,45.0,0.0,0.0,5,13.0,27.0,-14.0,40.0,0,0,-6.0,True,HOME,0.0,WIN
2024_15_GB_SEA,2024,15,GB,SEA,0.0,0.0,5,4,0.0,0,0,1,2,0,0,0,0,0.0124276542453082,1.0,1.0,47.0,47.0,0.0,0.0,5,30.0,13.0,17.0,43.0,0,0,-0.5,True,HOME,0.0,LOSS
2024_15_CHI_MIN,2024,15,CHI,MIN,0.0,0.0,1,5,0.0,0,0,0,1,0,0,0,0,0.0124276542453082,1.0,1.0,46.0,46.0,0.0,0.0,7,12.0,30.0,-18.0,42.0,0,0,-0.5,True,HOME,0.0,WIN
2024_15_ATL_LV,2024,15,ATL,LV,0.0,0.0,0,6,0.0,1,0,5,0,0,1,0,0,0.0124276542453082,1.0,1.0,45.5,45.5,0.0,0.0,7,15.0,9.0,6.0,24.0,0,0,-0.5,True,HOME,0.0,LOSS
2024_16_DEN_LAC,2024,16,DEN,LAC,-2.775557561562892e-17,0.0,0,0,-2.775557561562892e-17,1,1,5,5,0,0,0,0,-0.6475601116331906,-4.0,-4.0,43.0,43.0,0.0,0.0,7,27.0,34.0,-7.0,61.0,0,1,-2.5,True,AWAY,0.0,LOSS
2024_16_HOU_KC,2024,16,HOU,KC,-5.551115123125783e-17,-1.3877787807814457e-17,3,0,-4.163336342344337e-17,0,1,3,5,0,0,0,0,-0.97755399457244,-4.5,-4.0,47.0,48.0,0.5,1.0,7,19.0,27.0,-8.0,46.0,1,0,-6.0,True,HOME,-0.5,WIN
2024_16_PIT_BAL,2024,16,PIT,BAL,-2.775557561562892e-17,0.0,0,3,-2.775557561562892e-17,1,0,5,3,0,0,0,0,-0.6475601116331906,-5.5,-5.5,42.5,42.5,0.0,0.0,4,17.0,34.0,-17.0,51.0,0,1,-4.0,True,AWAY,0.0,LOSS
2024_16_NYG_ATL,2024,16,NYG,ATL,-5.551115123125783e-17,-6.938893903907227e-17,4,0,1.3877787807814457e-17,0,1,1,5,0,0,0,0,0.3424215371845577,-4.5,-4.5,44.5,44.5,0.0,0.0,7,7.0,34.0,-27.0,41.0,0,1,-3.0,True,AWAY,0.0,LOSS
2024_16_ARI_CAR,2024,16,ARI,CAR,-2.775557561562892e-17,-2.775557561562892e-17,3,1,0.0,0,0,2,4,0,1,0,0,0.0124276542453082,1.0,1.0,45.5,45.5,0.0,0.0,7,30.0,36.0,-6.0,66.0,0,0,-0.5,True,HOME,0.0,WIN
2024_16_DET_CHI,2024,16,DET,CHI,-1.3877787807814457e-17,-5.551115123125783e-17,1,3,4.163336342344337e-17,0,0,4,1,0,0,0,0,1.0024093030630563,1.0,1.0,47.0,47.0,0.0,0.0,7,34.0,17.0,17.0,51.0,0,0,-0.5,True,HOME,0.0,LOSS
2024_16_CLE_CIN,2024,16,CLE,CIN,0.0,0.0,3,2,0.0,0,0,3,3,0,0,0,0,0.0124276542453082,-3.5,-3.5,45.5,45.5,0.0,0.0,7,6.0,24.0,-18.0,30.0,0,0,-5.0,True,HOME,0.0,WIN
2024_16_TEN_IND,2024,16,TEN,IND,0.0,-5.551115123125783e-17,3,5,5.551115123125783e-17,0,0,2,0,0,0,0,0,1.332403186002306,-4.0,-4.0,45.5,45.5,0.0,0.0,7,30.0,38.0,-8.0,68.0,0,0,-5.5,True,HOME,0.0,WIN
2024_16_PHI_WAS,2024,16,PHI,WAS,0.0,-4.163336342344337e-17,2,1,4.163336342344337e-17,0,0,3,4,1,0,0,0,1.0024093030630563,3.5,3.5,45.0,45.0,0.0,0.0,5,33.0,36.0,-3.0,69.0,0,0,2.0,True,HOME,0.0,WIN
2024_16_MIN_SEA,2024,16,MIN,SEA,-8.326672684688674e-17,-5.551115123125783e-17,3,3,-2.775557561562892e-17,0,0,3,3,0,0,0,0,-0.6475601116331906,-3.0,-3.0,45.5,45.5,0.0,0.0,7,27.0,24.0,3.0,51.0,0,0,-4.5,True,HOME,0.0,LOSS
2024_16_NE_BUF,2024,16,NE,BUF,-2.775557561562892e-17,-1.3877787807814457e-17,4,3,-1.3877787807814457e-17,0,0,2,3,1,0,0,0,-0.3175662286939411,-8.5,-8.5,44.5,44.5,0.0,0.0,7,21.0,24.0,-3.0,45.0,0,0,-10.0,True,HOME,0.0,LOSS
2024_16_JAX_LV,2024,16,JAX,LV,0.0,-5.551115123125783e-17,3,1,5.551115123125783e-17,0,0,2,4,0,0,0,0,1.332403186002306,1.0,1.0,45.5,45.5,0.0,0.0,7,14.0,19.0,-5.0,33.0,0,0,-0.5,True,HOME,0.0,WIN
2024_16_SF_MIA,2024,16,SF,MIA,0.0,-6.938893903907227e-17,5,2,6.938893903907227e-17,0,0,1,1,0,1,0,0,1.6623970689415553,1.0,1.0,49.0,49.0,0.0,0.0,7,17.0,29.0,-12.0,46.0,0,0,-0.5,True,HOME,0.0,WIN
2024_16_TB_DAL,2024,16,TB,DAL,-5.551115123125783e-17,-5.551115123125783e-17,4,2,0.0,0,0,2,3,0,0,0,0,0.0124276542453082,-4.5,-4.5,46.5,46.5,0.0,0.0,7,24.0,26.0,-2.0,50.0,0,0,-6.0,True,HOME,0.0,LOSS
2024_16_NO_GB,2024,16,NO,GB,-8.326672684688674e-17,0.0,3,3,-8.326672684688674e-17,0,0,2,3,0,0,0,0,-1.9675356433901885,-5.0,-5.0,45.0,45.0,0.0,0.0,5,0.0,34.0,-34.0,34.0,0,0,-6.5,True,HOME,0.0,WIN
2024_17_KC_PIT,2024,17,KC,PIT,-4.163336342344337e-17,0.0,0,0,-4.163336342344337e-17,1,1,5,5,0,0,0,0,-0.97755399457244,5.5,6.0,42.5,42.0,0.5,-0.5,7,29.0,10.0,19.0,39.0,1,0,4.0,True,HOME,-0.5,LOSS
2024_17_BAL_HOU,2024,17,BAL,HOU,-8.326672684688674e-17,0.0,4,4,-8.326672684688674e-17,0,0,2,1,0,0,0,0,-1.9675356433901885,1.5,1.5,46.5,46.5,0.0,0.0,4,31.0,2.0,29.0,33.0,0,0,0.0,True,HOME,0.0,LOSS
2024_17_SEA_CHI,2024,17,SEA,CHI,-5.551115123125783e-17,0.0,3,0,-5.551115123125783e-17,0,1,3,5,0,0,0,0,-1.307547877511689,-3.5,-3.5,45.5,45.5,0.0,0.0,7,6.0,3.0,3.0,9.0,0,0,-5.0,True,HOME,0.0,LOSS
2024_17_LAC_NE,2024,17,LAC,NE,-9.714451465470121e-17,-8.326672684688674e-17,1,4,-1.3877787807814457e-17,0,0,4,1,0,1,0,0,-0.3175662286939411,2.5,2.5,41.0,41.0,0.0,0.0,7,40.0,7.0,33.0,47.0,0,0,1.0,True,HOME,0.0,LOSS
2024_17_DEN_CIN,2024,17,DEN,CIN,-5.551115123125783e-17,0.0,0,3,-5.551115123125783e-17,1,0,5,1,0,0,0,0,-1.307547877511689,-8.0,-8.0,45.5,45.5,0.0,0.0,7,24.0,30.0,-6.0,54.0,0,0,-9.5,True,HOME,0.0,LOSS
2024_17_NYJ_BUF,2024,17,NYJ,BUF,-2.775557561562892e-17,-8.326672684688674e-17,1,0,5.551115123125783e-17,0,1,3,5,0,0,0,0,1.332403186002306,-2.5,-2.5,45.5,45.5,0.0,0.0,7,14.0,40.0,-26.0,54.0,0,0,-4.0,True,HOME,0.0,WIN
2024_17_TEN_JAX,2024,17,TEN,JAX,0.0,-2.775557561562892e-17,1,3,2.775557561562892e-17,0,0,3,3,0,0,0,0,0.6724154201238071,-4.0,-4.0,46.0,46.0,0.0,0.0,7,13.0,20.0,-7.0,33.0,0,1,-2.5,True,AWAY,0.0,LOSS
2024_17_LV_NO,2024,17,LV,NO,-8.326672684688674e-17,-5.551115123125783e-17,3,4,-2.775557561562892e-17,0,0,3,1,0,0,0,0,-0.6475601116331906,-3.0,-3.0,43.0,43.0,0.0,0.0,7,25.0,10.0,15.0,35.0,0,0,-4.5,True,HOME,0.0,LOSS
2024_17_IND_NYG,2024,17,IND,NYG,-5.551115123125783e-17,-6.245004513516506e-17,5,4,6.938893903907228e-18,0,0,1,1,0,1,0,0,0.1774245957149329,2.0,2.0,43.5,43.5,0.0,0.0,7,33.0,45.0,-12.0,78.0,0,0,0.5,True,HOME,0.0,WIN
2024_17_DAL_PHI,2024,17,DAL,PHI,0.0,-5.551115123125783e-17,3,5,5.551115123125783e-17,0,0,3,1,0,1,0,0,1.332403186002306,-2.5,-2.5,47.0,47.0,0.0,0.0,5,7.0,41.0,-34.0,48.0,0,0,-4.0,True,HOME,0.0,WIN
2024_17_CAR_TB,2024,17,CAR,TB,0.0,-5.551115123125783e-17,1,3,5.551115123125783e-17,0,0,3,3,1,0,0,0,1.332403186002306,-5.0,-5.0,43.0,43.0,0.0,0.0,7,14.0,48.0,-34.0,62.0,0,0,-6.5,True,HOME,0.0,WIN
2024_17_MIA_CLE,2024,17,MIA,CLE,-5.551115123125783e-17,-2.775557561562892e-17,1,3,-2.775557561562892e-17,0,0,4,3,1,0,0,0,-0.6475601116331906,-2.0,-2.0,44.5,44.5,0.0,0.0,7,20.0,3.0,17.0,23.0,0,0,-3.5,True,HOME,0.0,LOSS
2024_17_GB_MIN,2024,17,GB,MIN,0.0,-4.163336342344337e-17,3,3,4.163336342344337e-17,0,0,3,3,0,0,0,0,1.0024093030630563,2.0,2.0,45.5,45.5,0.0,0.0,5,25.0,27.0,-2.0,52.0,0,0,0.5,True,HOME,0.0,WIN
2024_17_ATL_WAS,2024,17,ATL,WAS,-2.775557561562892e-17,-2.775557561562892e-17,0,1,0.0,1,0,5,3,0,0,0,0,0.0124276542453082,2.5,2.5,46.0,46.0,0.0,0.0,7,24.0,30.0,-6.0,54.0,0,0,1.0,True,HOME,0.0,WIN
2024_17_DET_SF,2024,17,DET,SF,-5.551115123125783e-17,0.0,3,2,-5.551115123125783e-17,0,0,2,2,0,0,0,0,-1.307547877511689,-4.5,-4.5,49.5,49.5,0.0,0.0,7,40.0,34.0,6.0,74.0,0,0,-6.0,True,HOME,0.0,LOSS
2024_18_CLE_BAL,2024,18,CLE,BAL,-1.3877787807814457e-17,-5.551115123125783e-17,4,1,4.163336342344337e-17,0,0,2,4,0,0,0,0,1.0024093030630563,-4.5,-4.5,44.5,44.5,0.0,0.0,4,10.0,35.0,-25.0,45.0,0,0,-6.0,True,HOME,0.0,WIN
2024_18_CIN_PIT,2024,18,CIN,PIT,-8.326672684688674e-17,0.0,2,3,-8.326672684688674e-17,0,0,3,3,0,0,0,0,-1.9675356433901885,1.0,1.0,43.5,43.5,0.0,0.0,7,19.0,17.0,2.0,36.0,0,0,-0.5,True,HOME,0.0,LOSS
2024_18_CAR_ATL,2024,18,CAR,ATL,0.0,-2.775557561562892e-17,2,0,2.775557561562892e-17,0,1,2,5,1,0,0,0,0.6724154201238071,-6.5,-6.5,45.5,45.5,0.0,0.0,7,44.0,38.0,6.0,82.0,0,1,-5.0,True,AWAY,0.0,WIN
2024_18_WAS_DAL,2024,18,WAS,DAL,0.0,0.0,2,2,0.0,0,0,3,3,0,0,0,0,0.0124276542453082,-5.5,-5.5,46.5,46.5,0.0,0.0,7,23.0,19.0,4.0,42.0,0,0,-7.0,True,HOME,0.0,LOSS
2024_18_CHI_GB,2024,18,CHI,GB,-1.3877787807814457e-17,0.0,0,3,-1.3877787807814457e-17,1,0,5,3,0,0,0,0,-0.3175662286939411,-3.5,-3.5,46.0,46.0,0.0,0.0,5,24.0,22.0,2.0,46.0,0,0,-5.0,True,HOME,0.0,LOSS
2024_18_JAX_IND,2024,18,JAX,IND,0.0,-2.775557561562892e-17,3,0,2.775557561562892e-17,0,1,3,5,0,0,0,0,0.6724154201238071,-2.0,-2.0,46.5,46.5,0.0,0.0,7,23.0,26.0,-3.0,49.0,0,0,-3.5,True,HOME,0.0,WIN
2024_18_BUF_NE,2024,18,BUF,NE,-6.938893903907228e-18,0.0,2,2,-6.938893903907228e-18,0,0,0,2,0,1,0,0,-0.1525692872243164,3.5,3.5,44.5,44.5,0.0,0.0,7,16.0,23.0,-7.0,39.0,0,0,2.0,True,HOME,0.0,WIN
2024_18_NYG_PHI,2024,18,NYG,PHI,-1.3877787807814457e-17,-5.551115123125783e-17,2,1,4.163336342344337e-17,0,0,2,0,1,0,0,0,1.0024093030630563,-5.0,-5.0,43.0,43.0,0.0,0.0,5,13.0,20.0,-7.0,33.0,0,0,-6.5,True,HOME,0.0,WIN
2024_18_NO_TB,2024,18,NO,TB,-5.551115123125783e-17,0.0,2,3,-5.551115123125783e-17,0,0,3,3,0,0,0,0,-1.307547877511689,-2.5,-2.5,43.0,43.0,0.0,0.0,7,19.0,27.0,-8.0,46.0,0,0,-4.0,True,HOME,0.0,WIN
2024_18_HOU_TEN,2024,18,HOU,TEN,0.0,0.0,1,3,0.0,0,0,4,1,0,0,0,0,0.0124276542453082,3.0,3.0,45.0,45.0,0.0,0.0,7,23.0,14.0,9.0,37.0,0,0,1.5,True,HOME,0.0,LOSS
2024_18_SF_ARI,2024,18,SF,ARI,0.0,-8.326672684688674e-17,1,3,8.326672684688674e-17,0,0,4,1,0,0,0,0,1.9923909518808047,4.0,4.0,43.0,43.0,0.0,0.0,7,24.0,47.0,-23.0,71.0,0,0,2.5,True,HOME,0.0,WIN
2024_18_KC_DEN,2024,18,KC,DEN,0.0,0.0,1,3,0.0,0,0,0,3,0,0,0,0,0.0124276542453082,4.0,4.0,42.5,42.5,0.0,0.0,7,0.0,38.0,-38.0,38.0,0,0,2.5,True,HOME,0.0,WIN
2024_18_LAC_LV,2024,18,LAC,LV,0.0,0.0,1,3,0.0,0,0,4,3,0,0,0,0,0.0124276542453082,1.0,1.0,43.5,43.5,0.0,0.0,7,34.0,20.0,14.0,54.0,0,1,2.5,True,AWAY,0.0,WIN
2024_18_MIA_NYJ,2024,18,MIA,NYJ,0.0,-8.326672684688674e-17,2,0,8.326672684688674e-17,0,1,3,5,1,0,0,0,1.9923909518808047,-3.0,-3.0,45.0,45.0,0.0,0.0,7,20.0,32.0,-12.0,52.0,0,0,-4.5,True,HOME,0.0,WIN
2024_18_MIN_DET,2024,18,MIN,DET,0.0,0.0,3,5,0.0,0,0,3,1,0,0,0,0,0.0124276542453082,-5.5,-5.5,47.0,47.0,0.0,0.0,7,9.0,31.0,-22.0,40.0,0,0,-7.0,True,HOME,0.0,WIN
