game_id,season,week,away,home,ol_pass_stress_away,ol_pass_stress_home,ol_chaos_index_away,ol_chaos_index_home,stress_diff,away_ol_continuity_full,home_ol_continuity_full,away_ol_continuity_count,home_ol_continuity_count,away_center_missing,home_center_missing,away_left_tackle_missing,home_left_tackle_missing,stress_z_score,away_score,home_score,margin,total,spread_close,spread_open,total_close,total_open
2024_01_BAL_KC,2024,1,BAL,KC,-5.551115123125783e-17,-2.775557561562892e-17,1,1,-2.775557561562892e-17,0,0,0,0,0,0,0,0,-0.6475601116331906,20,27,-7,47,,-1.5,,48.5
2024_01_GB_PHI,2024,1,GB,PHI,-5.551115123125783e-17,0.0,1,1,-5.551115123125783e-17,0,0,0,0,0,1,0,0,-1.307547877511689,29,34,-5,63,,,,
2024_01_PIT_ATL,2024,1,PIT,ATL,0.0,0.0,1,1,0.0,0,0,0,0,0,0,0,0,0.0124276542453082,18,10,8,28,,,,
2024_01_ARI_BUF,2024,1,ARI,BUF,-8.326672684688674e-17,0.0,1,1,-8.326672684688674e-17,0,0,0,0,0,0,0,0,-1.9675356433901885,28,34,-6,62,,,,
2024_01_TEN_CHI,2024,1,TEN,CHI,0.0,-2.775557561562892e-17,1,1,2.775557561562892e-17,0,0,0,0,0,0,0,0,0.6724154201238071,17,24,-7,41,,,,
2024_01_NE_CIN,2024,1,NE,CIN,-5.551115123125783e-17,-5.551115123125783e-17,1,1,0.0,0,0,0,0,0,0,0,0,0.0124276542453082,16,10,6,26,,-4.5,,47.5
2024_01_HOU_IND,2024,1,HOU,IND,0.0,0.0,1,1,0.0,0,0,0,0,0,0,0,0,0.0124276542453082,29,27,2,56,,1.5,,44.5
2024_01_JAX_MIA,2024,1,JAX,MIA,-5.551115123125783e-17,-5.551115123125783e-17,1,1,0.0,0,0,0,0,0,1,0,0,0.0124276542453082,17,20,-3,37,,,,
2024_01_CAR_NO,2024,1,CAR,NO,-8.326672684688674e-17,-2.775557561562892e-17,1,1,-5.551115123125783e-17,0,0,0,0,0,0,0,0,-1.307547877511689,10,47,-37,57,,1.5,,43.5
2024_01_MIN_NYG,2024,1,MIN,NYG,-4.163336342344337e-17,0.0,1,1,-4.163336342344337e-17,0,0,0,0,0,0,0,0,-0.97755399457244,28,6,22,34,,2.5,,42.5
2024_01_LV_LAC,2024,1,LV,LAC,-2.775557561562892e-17,-2.775557561562892e-17,1,1,0.0,0,0,0,0,0,0,0,0,0.0124276542453082,10,22,-12,32,,-6.5,,44.5
2024_01_DEN_SEA,2024,1,DEN,SEA,-2.775557561562892e-17,0.0,1,1,-2.775557561562892e-17,0,0,0,0,0,0,0,0,-0.6475601116331906,20,26,-6,46,,,,
2024_01_DAL_CLE,2024,1,DAL,CLE,-5.551115123125783e-17,-5.551115123125783e-17,1,1,0.0,0,0,0,0,1,0,0,0,0.0124276542453082,33,17,16,50,,,,
2024_01_WAS_TB,2024,1,WAS,TB,0.0,0.0,1,1,0.0,0,0,0,0,0,0,0,0,0.0124276542453082,20,37,-17,57,,,,
2024_01_NYJ_SF,2024,1,NYJ,SF,0.0,0.0,1,1,0.0,0,0,0,0,0,0,0,0,0.0124276542453082,19,32,-13,51,,,,
2024_02_BUF_MIA,2024,2,BUF,MIA,0.0,0.0,3,4,0.0,0,0,3,2,0,1,0,0,0.0124276542453082,31,10,21,41,,,,
2024_02_LV_BAL,2024,2,LV,BAL,-5.551115123125783e-17,-4.163336342344337e-17,5,0,-1.3877787807814457e-17,0,1,1,5,0,0,0,0,-0.3175662286939411,26,23,3,49,,,,
2024_02_LAC_CAR,2024,2,LAC,CAR,0.0,-2.775557561562892e-17,3,3,2.775557561562892e-17,0,0,3,3,0,0,0,0,0.6724154201238071,26,3,23,29,,,,
2024_02_NO_DAL,2024,2,NO,DAL,-4.163336342344337e-17,-1.3877787807814457e-17,2,4,-2.775557561562892e-17,0,0,3,2,0,1,0,0,-0.6475601116331906,44,19,25,63,,,,
2024_02_TB_DET,2024,2,TB,DET,-5.551115123125783e-17,0.0,1,0,-5.551115123125783e-17,0,1,4,5,0,0,0,0,-1.307547877511689,20,16,4,36,,,,
2024_02_IND_GB,2024,2,IND,GB,-4.163336342344337e-17,0.0,0,0,-4.163336342344337e-17,1,1,5,5,0,0,0,0,-0.97755399457244,10,16,-6,26,,,,
2024_02_CLE_JAX,2024,2,CLE,JAX,-8.326672684688674e-17,0.0,3,3,-8.326672684688674e-17,0,0,3,3,0,0,0,0,-1.9675356433901885,18,13,5,31,,,,
2024_02_SF_MIN,2024,2,SF,MIN,-5.551115123125783e-17,0.0,3,3,-5.551115123125783e-17,0,0,3,3,0,0,0,0,-1.307547877511689,17,23,-6,40,,,,
2024_02_SEA_NE,2024,2,SEA,NE,0.0,-5.551115123125783e-17,3,3,5.551115123125783e-17,0,0,3,3,0,0,0,0,1.332403186002306,23,20,3,43,,,,
2024_02_NYJ_TEN,2024,2,NYJ,TEN,-8.326672684688674e-17,0.0,0,1,-8.326672684688674e-17,1,0,5,0,0,0,0,0,-1.9675356433901885,24,17,7,41,,,,
2024_02_NYG_WAS,2024,2,NYG,WAS,-2.775557561562892e-17,0.0,0,0,-2.775557561562892e-17,1,1,5,5,0,0,0,0,-0.6475601116331906,18,21,-3,39,,,,
2024_02_PIT_DEN,2024,2,PIT,DEN,-2.775557561562892e-17,-5.551115123125783e-17,3,3,2.775557561562892e-17,0,0,2,3,0,0,0,0,0.6724154201238071,13,6,7,19,,,,
2024_02_CIN_KC,2024,2,CIN,KC,-5.551115123125783e-17,-8.326672684688674e-17,0,0,2.775557561562892e-17,1,1,5,5,0,0,0,0,0.6724154201238071,25,26,-1,51,,,,
2024_02_CHI_HOU,2024,2,CHI,HOU,0.0,0.0,3,5,0.0,0,0,3,0,0,0,0,0,0.0124276542453082,13,19,-6,32,,,,
2024_02_ATL_PHI,2024,2,ATL,PHI,-6.938893903907227e-17,-5.551115123125783e-17,3,0,-1.3877787807814457e-17,0,1,3,5,0,1,0,0,-0.3175662286939411,22,21,1,43,,,,
2024_03_NE_NYJ,2024,3,NE,NYJ,-5.551115123125783e-17,-2.775557561562892e-17,1,3,-2.775557561562892e-17,0,0,4,3,0,0,0,0,-0.6475601116331906,3,24,-21,27,,,,
2024_03_NYG_CLE,2024,3,NYG,CLE,0.0,-5.551115123125783e-17,0,3,5.551115123125783e-17,1,0,5,1,0,0,0,0,1.332403186002306,21,15,6,36,,,,
2024_03_CHI_IND,2024,3,CHI,IND,0.0,-5.551115123125783e-17,3,0,5.551115123125783e-17,0,1,2,5,0,0,0,0,1.332403186002306,16,21,-5,37,,,,
2024_03_HOU_MIN,2024,3,HOU,MIN,-5.551115123125783e-17,0.0,1,0,-5.551115123125783e-17,0,1,4,5,0,0,0,0,-1.307547877511689,7,34,-27,41,,,,
2024_03_PHI_NO,2024,3,PHI,NO,0.0,-8.326672684688674e-17,4,1,8.326672684688674e-17,0,0,0,4,1,0,0,0,1.9923909518808047,15,12,3,27,,,,
2024_03_LAC_PIT,2024,3,LAC,PIT,-5.551115123125783e-17,0.0,4,2,-5.551115123125783e-17,0,0,2,3,0,0,0,0,-1.307547877511689,10,20,-10,30,,,,
2024_03_DEN_TB,2024,3,DEN,TB,-4.163336342344337e-17,0.0,3,0,-4.163336342344337e-17,0,1,2,5,0,0,0,0,-0.97755399457244,26,7,19,33,,,,
2024_03_GB_TEN,2024,3,GB,TEN,-8.326672684688674e-17,0.0,3,1,-8.326672684688674e-17,0,0,3,0,0,0,0,0,-1.9675356433901885,30,14,16,44,,,,
2024_03_CAR_LV,2024,3,CAR,LV,-2.775557561562892e-17,0.0,3,3,-2.775557561562892e-17,0,0,3,2,0,0,0,0,-0.6475601116331906,36,22,14,58,,,,
2024_03_MIA_SEA,2024,3,MIA,SEA,-5.551115123125783e-17,0.0,4,3,-5.551115123125783e-17,0,0,1,3,1,0,0,0,-1.307547877511689,3,24,-21,27,,,,
2024_03_DET_ARI,2024,3,DET,ARI,-5.551115123125783e-17,-4.163336342344337e-17,0,3,-1.3877787807814457e-17,1,0,5,2,0,0,0,0,-0.3175662286939411,20,13,7,33,,,,
2024_03_BAL_DAL,2024,3,BAL,DAL,-5.551115123125783e-17,0.0,0,5,-5.551115123125783e-17,1,0,5,1,0,0,0,0,-1.307547877511689,28,25,3,53,,,,
2024_03_KC_ATL,2024,3,KC,ATL,-5.551115123125783e-17,0.0,2,1,-5.551115123125783e-17,0,0,3,3,0,0,0,0,-1.307547877511689,22,17,5,39,,,,
2024_03_JAX_BUF,2024,3,JAX,BUF,0.0,-4.163336342344337e-17,0,0,4.163336342344337e-17,1,1,5,5,0,0,0,0,1.0024093030630563,10,47,-37,57,,,,
2024_03_WAS_CIN,2024,3,WAS,CIN,-5.551115123125783e-17,-2.775557561562892e-17,0,1,-2.775557561562892e-17,1,0,5,4,0,0,0,0,-0.6475601116331906,38,33,5,71,,,,
2024_04_DAL_NYG,2024,4,DAL,NYG,0.0,-1.3877787807814457e-17,0,0,1.3877787807814457e-17,1,1,5,5,0,0,0,0,0.3424215371845577,20,15,5,35,,,,
2024_04_NO_ATL,2024,4,NO,ATL,0.0,0.0,2,0,0.0,0,1,2,5,1,0,0,0,0.0124276542453082,24,26,-2,50,,,,
2024_04_CIN_CAR,2024,4,CIN,CAR,-5.551115123125783e-17,-5.551115123125783e-17,0,4,0.0,1,0,5,1,0,0,0,0,0.0124276542453082,34,24,10,58,,,,
2024_04_MIN_GB,2024,4,MIN,GB,0.0,0.0,0,3,0.0,1,0,5,3,0,0,0,0,0.0124276542453082,31,29,2,60,,,,
2024_04_JAX_HOU,2024,4,JAX,HOU,-8.326672684688674e-17,0.0,3,3,-8.326672684688674e-17,0,0,3,3,0,0,0,0,-1.9675356433901885,20,24,-4,44,,,,
2024_04_PIT_IND,2024,4,PIT,IND,0.0,-5.551115123125783e-17,1,1,5.551115123125783e-17,0,0,4,4,0,0,0,0,1.332403186002306,24,27,-3,51,,,,
2024_04_DEN_NYJ,2024,4,DEN,NYJ,-1.3877787807814457e-17,0.0,0,2,-1.3877787807814457e-17,1,0,5,3,0,0,0,0,-0.3175662286939411,10,9,1,19,,,,
2024_04_PHI_TB,2024,4,PHI,TB,0.0,-2.775557561562892e-17,4,3,2.775557561562892e-17,0,0,1,3,1,0,0,0,0.6724154201238071,16,33,-17,49,,3.5,,43.5
2024_04_WAS_ARI,2024,4,WAS,ARI,-4.163336342344337e-17,-5.551115123125783e-17,4,1,1.3877787807814457e-17,0,0,2,2,0,0,0,0,0.3424215371845577,42,14,28,56,,,,
2024_04_NE_SF,2024,4,NE,SF,0.0,-5.551115123125783e-17,3,0,5.551115123125783e-17,0,1,1,5,0,0,0,0,1.332403186002306,13,30,-17,43,,,,
2024_04_KC_LAC,2024,4,KC,LAC,-8.326672684688674e-17,0.0,3,2,-8.326672684688674e-17,0,0,3,1,0,0,0,0,-1.9675356433901885,17,10,7,27,,,,
2024_04_CLE_LV,2024,4,CLE,LV,-5.551115123125783e-17,-2.775557561562892e-17,2,3,-2.775557561562892e-17,0,0,2,2,0,0,0,0,-0.6475601116331906,16,20,-4,36,,,,
2024_04_BUF_BAL,2024,4,BUF,BAL,-5.551115123125783e-17,-5.551115123125783e-17,3,3,0.0,0,0,3,2,0,0,0,0,0.0124276542453082,10,35,-25,45,,,,
2024_04_TEN_MIA,2024,4,TEN,MIA,-5.551115123125783e-17,-2.775557561562892e-17,1,2,-2.775557561562892e-17,0,0,0,3,0,1,0,0,-0.6475601116331906,31,12,19,43,,,,
2024_04_SEA_DET,2024,4,SEA,DET,0.0,0.0,5,3,0.0,0,0,1,2,0,1,0,0,0.0124276542453082,29,42,-13,71,,,,
2024_05_TB_ATL,2024,5,TB,ATL,-6.938893903907227e-17,-8.326672684688674e-17,3,4,1.3877787807814457e-17,0,0,3,1,0,0,0,0,0.3424215371845577,30,36,-6,66,,,,
2024_05_NYJ_MIN,2024,5,NYJ,MIN,0.0,0.0,0,0,0.0,1,1,5,5,0,0,0,0,0.0124276542453082,17,23,-6,40,,,,
2024_05_CAR_CHI,2024,5,CAR,CHI,0.0,-2.775557561562892e-17,2,3,2.775557561562892e-17,0,0,2,2,0,0,0,0,0.6724154201238071,10,36,-26,46,,,,
2024_05_BAL_CIN,2024,5,BAL,CIN,-5.551115123125783e-17,0.0,3,0,-5.551115123125783e-17,0,1,3,5,0,0,0,0,-1.307547877511689,41,38,3,79,,,,
2024_05_BUF_HOU,2024,5,BUF,HOU,0.0,-5.551115123125783e-17,3,4,5.551115123125783e-17,0,0,3,1,0,0,0,0,1.332403186002306,20,23,-3,43,,,,
2024_05_IND_JAX,2024,5,IND,JAX,-2.775557561562892e-17,0.0,5,0,-2.775557561562892e-17,0,1,1,5,0,0,0,0,-0.6475601116331906,34,37,-3,71,,,,
2024_05_MIA_NE,2024,5,MIA,NE,0.0,0.0,2,2,0.0,0,0,3,1,1,1,0,0,0.0124276542453082,15,10,5,25,,,,
2024_05_CLE_WAS,2024,5,CLE,WAS,0.0,-8.326672684688674e-17,2,0,8.326672684688674e-17,0,1,2,5,0,0,0,0,1.9923909518808047,13,34,-21,47,,,,
2024_05_LV_DEN,2024,5,LV,DEN,0.0,-2.775557561562892e-17,0,3,2.775557561562892e-17,1,0,5,2,0,0,0,0,0.6724154201238071,18,34,-16,52,,,,
2024_05_ARI_SF,2024,5,ARI,SF,-1.3877787807814457e-17,-8.326672684688674e-17,1,0,6.938893903907227e-17,0,1,4,5,0,0,0,0,1.6623970689415553,24,23,1,47,,,,
2024_05_NYG_SEA,2024,5,NYG,SEA,-2.775557561562892e-17,-5.551115123125783e-17,0,3,2.775557561562892e-17,1,0,5,3,0,0,0,0,0.6724154201238071,29,20,9,49,,,,
2024_05_DAL_PIT,2024,5,DAL,PIT,-5.551115123125783e-17,0.0,2,1,-5.551115123125783e-17,0,0,3,4,0,0,0,0,-1.307547877511689,20,17,3,37,,,,
2024_05_NO_KC,2024,5,NO,KC,0.0,0.0,1,0,0.0,0,1,4,5,1,0,0,0,0.0124276542453082,13,26,-13,39,,,,
2024_06_SF_SEA,2024,6,SF,SEA,-1.3877787807814457e-17,-4.163336342344337e-17,3,0,2.775557561562892e-17,0,1,3,5,0,0,0,0,0.6724154201238071,36,24,12,60,,,,
2024_06_JAX_CHI,2024,6,JAX,CHI,0.0,0.0,3,3,0.0,0,0,3,3,0,0,0,0,0.0124276542453082,16,35,-19,51,,,,
2024_06_WAS_BAL,2024,6,WAS,BAL,-5.551115123125783e-17,-2.775557561562892e-17,4,3,-2.775557561562892e-17,0,0,1,3,0,0,0,0,-0.6475601116331906,23,30,-7,53,,,,
2024_06_ARI_GB,2024,6,ARI,GB,-4.163336342344337e-17,-5.551115123125783e-17,1,5,1.3877787807814457e-17,0,0,4,1,0,0,0,0,0.3424215371845577,13,34,-21,47,,,,
2024_06_HOU_NE,2024,6,HOU,NE,-5.551115123125783e-17,-5.551115123125783e-17,2,2,0.0,0,0,3,2,0,1,0,0,0.0124276542453082,41,21,20,62,,,,
2024_06_TB_NO,2024,6,TB,NO,-8.326672684688674e-17,-5.551115123125783e-17,3,2,-2.775557561562892e-17,0,0,1,3,0,0,0,0,-0.6475601116331906,51,27,24,78,,,,
2024_06_CLE_PHI,2024,6,CLE,PHI,0.0,-9.714451465470121e-17,3,3,9.714451465470121e-17,0,0,1,2,1,1,0,0,2.322384834820054,16,20,-4,36,,,,
2024_06_IND_TEN,2024,6,IND,TEN,-4.163336342344337e-17,0.0,2,1,-4.163336342344337e-17,0,0,2,0,0,0,0,0,-0.97755399457244,20,17,3,37,,,,
2024_06_LAC_DEN,2024,6,LAC,DEN,-2.775557561562892e-17,0.0,1,3,-2.775557561562892e-17,0,0,2,2,0,0,0,0,-0.6475601116331906,23,16,7,39,,,,
2024_06_PIT_LV,2024,6,PIT,LV,-5.551115123125783e-17,-1.3877787807814457e-17,0,1,-4.163336342344337e-17,1,0,5,4,0,0,0,0,-0.97755399457244,32,13,19,45,,,,
2024_06_ATL_CAR,2024,6,ATL,CAR,0.0,-8.326672684688674e-17,5,1,8.326672684688674e-17,0,0,1,4,0,1,0,0,1.9923909518808047,38,20,18,58,,,,
2024_06_DET_DAL,2024,6,DET,DAL,0.0,0.0,5,4,0.0,0,0,0,2,0,0,0,0,0.0124276542453082,47,9,38,56,,,,
2024_06_CIN_NYG,2024,6,CIN,NYG,0.0,-5.551115123125783e-17,3,0,5.551115123125783e-17,0,1,3,5,0,0,0,0,1.332403186002306,17,7,10,24,,,,
2024_06_BUF_NYJ,2024,6,BUF,NYJ,-1.3877787807814457e-17,0.0,3,1,-1.3877787807814457e-17,0,0,3,4,0,0,0,0,-0.3175662286939411,23,20,3,43,,,,
2024_07_DEN_NO,2024,7,DEN,NO,0.0,0.0,2,1,0.0,0,0,3,4,0,0,0,0,0.0124276542453082,33,10,23,43,,,,
2024_07_NE_JAX,2024,7,NE,JAX,-4.163336342344337e-17,0.0,3,4,-4.163336342344337e-17,0,0,3,1,1,0,0,0,-0.97755399457244,16,32,-16,48,,,,
2024_07_SEA_ATL,2024,7,SEA,ATL,-5.551115123125783e-17,0.0,1,3,-5.551115123125783e-17,0,0,4,2,0,0,0,0,-1.307547877511689,34,14,20,48,,,,
2024_07_TEN_BUF,2024,7,TEN,BUF,0.0,-5.551115123125783e-17,1,3,5.551115123125783e-17,0,0,0,3,0,0,0,0,1.332403186002306,10,34,-24,44,,,,
2024_07_CIN_CLE,2024,7,CIN,CLE,0.0,0.0,1,1,0.0,0,0,4,4,0,0,0,0,0.0124276542453082,21,14,7,35,,,,
2024_07_HOU_GB,2024,7,HOU,GB,0.0,-8.326672684688674e-17,5,0,8.326672684688674e-17,0,1,1,5,0,0,0,0,1.9923909518808047,22,24,-2,46,,,,
2024_07_MIA_IND,2024,7,MIA,IND,0.0,-2.775557561562892e-17,0,0,2.775557561562892e-17,1,1,5,5,1,0,0,0,0.6724154201238071,10,16,-6,26,,,,
2024_07_DET_MIN,2024,7,DET,MIN,0.0,-8.326672684688674e-17,3,0,8.326672684688674e-17,0,1,2,5,0,0,0,0,1.9923909518808047,31,29,2,60,,,,
2024_07_PHI_NYG,2024,7,PHI,NYG,0.0,0.0,3,1,0.0,0,0,1,4,1,0,0,0,0.0124276542453082,28,3,25,31,,,,
2024_07_CAR_WAS,2024,7,CAR,WAS,-5.551115123125783e-17,0.0,4,1,-5.551115123125783e-17,0,0,2,4,1,0,0,0,-1.307547877511689,7,40,-33,47,,,,
2024_07_KC_SF,2024,7,KC,SF,-2.775557561562892e-17,-5.551115123125783e-17,0,3,2.775557561562892e-17,1,0,5,3,0,0,0,0,0.6724154201238071,28,18,10,46,,,,
2024_07_NYJ_PIT,2024,7,NYJ,PIT,-2.775557561562892e-17,-2.775557561562892e-17,0,3,0.0,1,0,5,2,0,0,0,0,0.0124276542453082,15,37,-22,52,,,,
2024_07_BAL_TB,2024,7,BAL,TB,-2.775557561562892e-17,0.0,0,4,-2.775557561562892e-17,1,0,5,1,0,0,0,0,-0.6475601116331906,41,31,10,72,,,,
2024_07_LAC_ARI,2024,7,LAC,ARI,0.0,-3.4694469519536136e-17,1,1,3.4694469519536136e-17,0,0,4,3,0,0,0,0,0.8374123615934318,15,17,-2,32,,,,
2024_08_PHI_CIN,2024,8,PHI,CIN,-1.3877787807814457e-17,0.0,3,0,-1.3877787807814457e-17,0,1,3,5,1,0,0,0,-0.3175662286939411,37,17,20,54,,,,
2024_08_BAL_CLE,2024,8,BAL,CLE,-8.326672684688674e-17,0.0,0,1,-8.326672684688674e-17,1,0,5,3,0,0,0,0,-1.9675356433901885,24,29,-5,53,,,,
2024_08_TEN_DET,2024,8,TEN,DET,0.0,0.0,4,3,0.0,0,0,1,2,0,0,0,0,0.0124276542453082,14,52,-38,66,,,,
2024_08_IND_HOU,2024,8,IND,HOU,0.0,0.0,0,0,0.0,1,1,5,5,0,0,0,0,0.0124276542453082,20,23,-3,43,,,,
2024_08_GB_JAX,2024,8,GB,JAX,0.0,-5.551115123125783e-17,3,3,5.551115123125783e-17,0,0,3,3,0,0,0,0,1.332403186002306,30,27,3,57,,,,
2024_08_ARI_MIA,2024,8,ARI,MIA,-4.163336342344337e-17,0.0,1,0,-4.163336342344337e-17,0,1,3,5,0,1,0,0,-0.97755399457244,28,27,1,55,,,,
2024_08_NYJ_NE,2024,8,NYJ,NE,-2.775557561562892e-17,0.0,1,1,-2.775557561562892e-17,0,0,3,4,0,1,0,0,-0.6475601116331906,22,25,-3,47,,,,
2024_08_ATL_TB,2024,8,ATL,TB,-2.775557561562892e-17,0.0,2,3,-2.775557561562892e-17,0,0,3,3,0,0,0,0,-0.6475601116331906,31,26,5,57,,,,
2024_08_NO_LAC,2024,8,NO,LAC,-8.326672684688674e-17,-2.775557561562892e-17,2,0,-5.551115123125783e-17,0,1,1,5,0,0,0,0,-1.307547877511689,8,26,-18,34,,,,
2024_08_BUF_SEA,2024,8,BUF,SEA,-2.4286128663675302e-17,-5.551115123125783e-17,3,0,3.122502256758253e-17,0,1,3,5,0,0,0,0,0.7549138908586195,31,10,21,41,,,,
2024_08_CAR_DEN,2024,8,CAR,DEN,0.0,-2.775557561562892e-17,5,5,2.775557561562892e-17,0,0,0,1,1,0,0,0,0.6724154201238071,14,28,-14,42,,,,
2024_08_KC_LV,2024,8,KC,LV,-8.326672684688674e-17,0.0,0,0,-8.326672684688674e-17,1,1,5,5,0,0,0,0,-1.9675356433901885,27,20,7,47,,,,
2024_08_CHI_WAS,2024,8,CHI,WAS,0.0,0.0,1,3,0.0,0,0,4,3,0,0,0,0,0.0124276542453082,15,18,-3,33,,,,
2024_08_DAL_SF,2024,8,DAL,SF,-2.775557561562892e-17,-1.3877787807814457e-17,3,0,-1.3877787807814457e-17,0,1,2,5,0,0,0,0,-0.3175662286939411,24,30,-6,54,,,,
2024_08_NYG_PIT,2024,8,NYG,PIT,0.0,-5.551115123125783e-17,1,3,5.551115123125783e-17,0,0,4,3,0,0,0,0,1.332403186002306,18,26,-8,44,,,,
2024_09_HOU_NYJ,2024,9,HOU,NYJ,0.0,-5.551115123125783e-17,3,3,5.551115123125783e-17,0,0,3,1,0,0,0,0,1.332403186002306,13,21,-8,34,,,,
2024_09_DAL_ATL,2024,9,DAL,ATL,-5.551115123125783e-17,0.0,0,0,-5.551115123125783e-17,1,1,5,5,0,0,0,0,-1.307547877511689,21,27,-6,48,,,,
2024_09_DEN_BAL,2024,9,DEN,BAL,0.0,-2.775557561562892e-17,5,0,2.775557561562892e-17,0,1,1,5,0,0,0,0,0.6724154201238071,10,41,-31,51,,,,
2024_09_MIA_BUF,2024,9,MIA,BUF,0.0,0.0,0,0,0.0,1,1,5,5,1,0,0,0,0.0124276542453082,27,30,-3,57,,,,
2024_09_NO_CAR,2024,9,NO,CAR,-5.551115123125783e-17,0.0,1,3,-5.551115123125783e-17,0,0,4,2,0,1,0,0,-1.307547877511689,22,23,-1,45,,,,
2024_09_LV_CIN,2024,9,LV,CIN,-5.551115123125783e-17,-2.775557561562892e-17,2,3,-2.775557561562892e-17,0,0,2,3,1,0,0,0,-0.6475601116331906,24,41,-17,65,,,,
2024_09_LAC_CLE,2024,9,LAC,CLE,-5.551115123125783e-17,-5.551115123125783e-17,0,3,0.0,1,0,5,3,0,0,0,0,0.0124276542453082,27,10,17,37,,,,
2024_09_WAS_NYG,2024,9,WAS,NYG,-6.938893903907227e-17,-2.775557561562892e-17,3,3,-4.163336342344337e-17,0,0,2,3,0,0,0,0,-0.97755399457244,27,22,5,49,,,,
2024_09_NE_TEN,2024,9,NE,TEN,0.0,-5.551115123125783e-17,3,2,5.551115123125783e-17,0,0,3,2,1,0,0,0,1.332403186002306,17,20,-3,37,,,,
2024_09_CHI_ARI,2024,9,CHI,ARI,0.0,0.0,1,0,0.0,0,1,0,5,0,0,0,0,0.0124276542453082,9,29,-20,38,,,,
2024_09_JAX_PHI,2024,9,JAX,PHI,-5.551115123125783e-17,-5.551115123125783e-17,1,4,0.0,0,0,4,1,0,1,0,0,0.0124276542453082,23,28,-5,51,,,,
2024_09_DET_GB,2024,9,DET,GB,-5.551115123125783e-17,-1.3877787807814457e-17,3,3,-4.163336342344337e-17,0,0,3,2,0,1,0,0,-0.97755399457244,24,14,10,38,,,,
2024_09_IND_MIN,2024,9,IND,MIN,0.0,0.0,1,4,0.0,0,0,4,1,0,0,0,0,0.0124276542453082,13,21,-8,34,,,,
2024_09_TB_KC,2024,9,TB,KC,-5.551115123125783e-17,-2.775557561562892e-17,0,0,-2.775557561562892e-17,1,1,5,5,0,0,0,0,-0.6475601116331906,24,30,-6,54,,,,
2024_10_CIN_BAL,2024,10,CIN,BAL,-2.775557561562892e-17,-4.163336342344337e-17,0,3,1.3877787807814457e-17,1,0,5,3,0,0,0,0,0.3424215371845577,34,35,-1,69,,,,
2024_10_NYG_CAR,2024,10,NYG,CAR,-8.326672684688674e-17,0.0,1,3,-8.326672684688674e-17,0,0,4,2,0,1,0,0,-1.9675356433901885,17,20,-3,37,,,,
2024_10_NE_CHI,2024,10,NE,CHI,-5.551115123125783e-17,0.0,5,1,-5.551115123125783e-17,0,0,1,0,1,0,0,0,-1.307547877511689,19,3,16,22,,,,
2024_10_BUF_IND,2024,10,BUF,IND,-2.775557561562892e-17,-8.326672684688674e-17,3,3,5.551115123125783e-17,0,0,3,2,0,0,0,0,1.332403186002306,30,20,10,50,,,,
2024_10_MIN_JAX,2024,10,MIN,JAX,-1.3877787807814457e-17,0.0,3,4,-1.3877787807814457e-17,0,0,3,1,0,0,0,0,-0.3175662286939411,12,7,5,19,,,,
2024_10_DEN_KC,2024,10,DEN,KC,-5.551115123125783e-17,0.0,3,1,-5.551115123125783e-17,0,0,2,4,0,0,0,0,-1.307547877511689,14,16,-2,30,,,,
2024_10_ATL_NO,2024,10,ATL,NO,0.0,-3.4694469519536136e-17,0,4,3.4694469519536136e-17,1,0,5,1,0,0,0,0,0.8374123615934318,17,20,-3,37,,,,
2024_10_SF_TB,2024,10,SF,TB,-5.551115123125783e-17,-1.3877787807814457e-17,0,4,-4.163336342344337e-17,1,0,5,1,0,0,0,0,-0.97755399457244,23,20,3,43,,,,
2024_10_PIT_WAS,2024,10,PIT,WAS,0.0,-2.775557561562892e-17,3,4,2.775557561562892e-17,0,0,2,1,0,0,0,0,0.6724154201238071,28,27,1,55,,,,
2024_10_TEN_LAC,2024,10,TEN,LAC,-5.551115123125783e-17,-2.775557561562892e-17,2,1,-2.775557561562892e-17,0,0,3,4,0,0,0,0,-0.6475601116331906,17,27,-10,44,,,,
2024_10_NYJ_ARI,2024,10,NYJ,ARI,0.0,0.0,2,3,0.0,0,0,2,1,0,0,0,0,0.0124276542453082,6,31,-25,37,,,,
2024_10_PHI_DAL,2024,10,PHI,DAL,-5.551115123125783e-17,-5.551115123125783e-17,3,2,0.0,0,0,3,3,1,0,0,0,0.0124276542453082,34,6,28,40,,,,
2024_10_DET_HOU,2024,10,DET,HOU,-2.775557561562892e-17,-5.551115123125783e-17,2,1,2.775557561562892e-17,0,0,3,4,0,0,0,0,0.6724154201238071,26,23,3,49,,,,
2024_11_WAS_PHI,2024,11,WAS,PHI,-5.551115123125783e-17,-2.775557561562892e-17,4,3,-2.775557561562892e-17,0,0,1,2,0,1,0,0,-0.6475601116331906,18,26,-8,44,,,,
2024_11_GB_CHI,2024,11,GB,CHI,-5.551115123125783e-17,-8.326672684688674e-17,3,1,2.775557561562892e-17,0,0,2,0,0,0,0,0,0.6724154201238071,20,19,1,39,,,,
2024_11_JAX_DET,2024,11,JAX,DET,0.0,-2.0816681711721685e-17,2,4,2.0816681711721685e-17,0,0,3,1,0,0,0,0,0.5074184786541824,6,52,-46,58,,,,
2024_11_LV_MIA,2024,11,LV,MIA,0.0,0.0,4,6,0.0,0,0,1,0,1,1,0,0,0.0124276542453082,19,34,-15,53,,,,
2024_11_CLE_NO,2024,11,CLE,NO,0.0,0.0,3,1,0.0,0,0,2,4,0,0,0,0,0.0124276542453082,14,35,-21,49,,,,
2024_11_IND_NYJ,2024,11,IND,NYJ,-2.775557561562892e-17,-2.775557561562892e-17,3,5,0.0,0,0,3,1,0,0,0,0,0.0124276542453082,28,27,1,55,,,,
2024_11_BAL_PIT,2024,11,BAL,PIT,-2.775557561562892e-17,0.0,3,3,-2.775557561562892e-17,0,0,3,3,0,0,0,0,-0.6475601116331906,16,18,-2,34,,,,
2024_11_MIN_TEN,2024,11,MIN,TEN,-2.775557561562892e-17,-5.551115123125783e-17,3,1,2.775557561562892e-17,0,0,2,4,0,0,0,0,0.6724154201238071,23,13,10,36,,,,
2024_11_ATL_DEN,2024,11,ATL,DEN,0.0,0.0,0,3,0.0,1,0,5,3,0,0,0,0,0.0124276542453082,6,38,-32,44,,,,
2024_11_SEA_SF,2024,11,SEA,SF,0.0,-5.551115123125783e-17,1,0,5.551115123125783e-17,0,1,3,5,0,0,0,0,1.332403186002306,20,17,3,37,,,,
2024_11_KC_BUF,2024,11,KC,BUF,-8.326672684688674e-17,0.0,1,2,-8.326672684688674e-17,0,0,4,3,0,0,0,0,-1.9675356433901885,21,30,-9,51,,,,
2024_11_CIN_LAC,2024,11,CIN,LAC,0.0,-5.551115123125783e-17,0,1,5.551115123125783e-17,1,0,5,4,0,0,0,0,1.332403186002306,27,34,-7,61,,,,
2024_11_HOU_DAL,2024,11,HOU,DAL,0.0,-5.551115123125783e-17,3,2,5.551115123125783e-17,0,0,2,3,0,0,0,0,1.332403186002306,34,10,24,44,,,,
2024_12_PIT_CLE,2024,12,PIT,CLE,0.0,-2.775557561562892e-17,0,0,2.775557561562892e-17,1,1,5,5,0,0,0,0,0.6724154201238071,19,24,-5,43,,,,
2024_12_KC_CAR,2024,12,KC,CAR,-8.326672684688674e-17,-8.326672684688674e-17,0,3,0.0,1,0,5,1,0,1,0,0,0.0124276542453082,30,27,3,57,,,,
2024_12_MIN_CHI,2024,12,MIN,CHI,-5.551115123125783e-17,0.0,1,1,-5.551115123125783e-17,0,0,4,0,0,0,0,0,-1.307547877511689,30,27,3,57,,,,
2024_12_TEN_HOU,2024,12,TEN,HOU,0.0,-8.326672684688674e-17,3,1,8.326672684688674e-17,0,0,3,4,0,0,0,0,1.9923909518808047,32,27,5,59,,,,
2024_12_DET_IND,2024,12,DET,IND,0.0,-2.775557561562892e-17,3,0,2.775557561562892e-17,0,1,3,5,0,0,0,0,0.6724154201238071,24,6,18,30,,,,
2024_12_NE_MIA,2024,12,NE,MIA,-2.775557561562892e-17,-8.326672684688674e-17,3,3,5.551115123125783e-17,0,0,3,3,1,1,0,0,1.332403186002306,15,34,-19,49,,,,
2024_12_TB_NYG,2024,12,TB,NYG,-4.163336342344337e-17,0.0,3,4,-4.163336342344337e-17,0,0,3,1,0,0,0,0,-0.97755399457244,30,7,23,37,,,,
2024_12_DAL_WAS,2024,12,DAL,WAS,-2.775557561562892e-17,0.0,1,0,-2.775557561562892e-17,0,1,3,5,0,0,0,0,-0.6475601116331906,34,26,8,60,,,,
2024_12_DEN_LV,2024,12,DEN,LV,-6.938893903907227e-17,-2.775557561562892e-17,5,3,-4.163336342344337e-17,0,0,1,3,0,1,0,0,-0.97755399457244,29,19,10,48,,,,
2024_12_SF_GB,2024,12,SF,GB,0.0,-8.326672684688674e-17,4,0,8.326672684688674e-17,0,1,1,5,0,0,0,0,1.9923909518808047,10,38,-28,48,,,,
2024_12_ARI_SEA,2024,12,ARI,SEA,0.0,-5.551115123125783e-17,3,4,5.551115123125783e-17,0,0,1,1,0,0,0,0,1.332403186002306,6,16,-10,22,,,,
2024_12_BAL_LAC,2024,12,BAL,LAC,-9.714451465470121e-17,-2.775557561562892e-17,3,0,-6.938893903907227e-17,0,1,3,5,0,0,0,0,-1.6375417604509388,30,23,7,53,,,,
2024_13_CHI_DET,2024,13,CHI,DET,0.0,0.0,1,1,0.0,0,0,0,4,0,0,0,0,0.0124276542453082,20,23,-3,43,,,,
2024_13_NYG_DAL,2024,13,NYG,DAL,0.0,-2.775557561562892e-17,5,2,2.775557561562892e-17,0,0,1,2,0,0,0,0,0.6724154201238071,20,27,-7,47,,,,
2024_13_MIA_GB,2024,13,MIA,GB,-2.775557561562892e-17,-6.938893903907227e-17,5,3,4.163336342344337e-17,0,0,1,3,1,0,0,0,1.0024093030630563,17,30,-13,47,,,,
2024_13_LV_KC,2024,13,LV,KC,-8.326672684688674e-17,0.0,4,0,-8.326672684688674e-17,0,1,2,5,1,0,0,0,-1.9675356433901885,17,19,-2,36,,,,
2024_13_LAC_ATL,2024,13,LAC,ATL,-5.551115123125783e-17,-5.551115123125783e-17,0,1,0.0,1,0,5,4,0,0,0,0,0.0124276542453082,17,13,4,30,,,,
2024_13_PIT_CIN,2024,13,PIT,CIN,0.0,-5.551115123125783e-17,0,3,5.551115123125783e-17,1,0,5,2,0,0,0,0,1.332403186002306,44,38,6,82,,,,
2024_13_HOU_JAX,2024,13,HOU,JAX,0.0,-4.163336342344337e-17,1,5,4.163336342344337e-17,0,0,4,1,0,0,0,0,1.0024093030630563,23,20,3,43,,,,
2024_13_ARI_MIN,2024,13,ARI,MIN,-6.938893903907227e-17,0.0,1,1,-6.938893903907227e-17,0,0,3,4,0,0,0,0,-1.6375417604509388,22,23,-1,45,,,,
2024_13_IND_NE,2024,13,IND,NE,-2.775557561562892e-17,-2.775557561562892e-17,2,5,0.0,0,0,1,0,0,1,0,0,0.0124276542453082,25,24,1,49,,,,
2024_13_SEA_NYJ,2024,13,SEA,NYJ,-8.326672684688674e-17,-8.326672684688674e-17,3,3,0.0,0,0,2,2,0,0,0,0,0.0124276542453082,26,21,5,47,,,,
2024_13_TEN_WAS,2024,13,TEN,WAS,-2.775557561562892e-17,-2.775557561562892e-17,0,2,0.0,1,0,5,3,0,0,0,0,0.0124276542453082,19,42,-23,61,,,,
2024_13_TB_CAR,2024,13,TB,CAR,-2.775557561562892e-17,-8.326672684688674e-17,3,5,5.551115123125783e-17,0,0,2,1,0,1,0,0,1.332403186002306,26,23,3,49,,,,
2024_13_PHI_BAL,2024,13,PHI,BAL,-5.551115123125783e-17,-8.326672684688674e-17,3,0,2.775557561562892e-17,0,1,3,5,1,0,0,0,0.6724154201238071,24,19,5,43,,,,
2024_13_SF_BUF,2024,13,SF,BUF,-5.551115123125783e-17,0.0,2,1,-5.551115123125783e-17,0,0,3,4,0,0,0,0,-1.307547877511689,10,35,-25,45,,,,
2024_13_CLE_DEN,2024,13,CLE,DEN,0.0,0.0,0,5,0.0,1,0,5,1,0,0,0,0,0.0124276542453082,32,41,-9,73,,,,
2024_14_GB_DET,2024,14,GB,DET,0.0,-9.714451465470121e-17,5,5,9.714451465470121e-17,0,0,1,1,0,0,0,0,2.322384834820054,31,34,-3,65,,,,
2024_14_NYJ_MIA,2024,14,NYJ,MIA,0.0,0.0,1,2,0.0,0,0,3,3,0,1,0,0,0.0124276542453082,26,32,-6,58,,,,
2024_14_ATL_MIN,2024,14,ATL,MIN,0.0,0.0,0,0,0.0,1,1,5,5,0,0,0,0,0.0124276542453082,21,42,-21,63,,,,
2024_14_NO_NYG,2024,14,NO,NYG,-5.551115123125783e-17,0.0,1,3,-5.551115123125783e-17,0,0,2,1,0,0,0,0,-1.307547877511689,14,11,3,25,,,,
2024_14_CAR_PHI,2024,14,CAR,PHI,-5.551115123125783e-17,-5.551115123125783e-17,5,3,0.0,0,0,1,3,1,1,0,0,0.0124276542453082,16,22,-6,38,,,,
2024_14_CLE_PIT,2024,14,CLE,PIT,-5.551115123125783e-17,-5.551115123125783e-17,3,0,0.0,0,1,3,5,0,0,0,0,0.0124276542453082,14,27,-13,41,,,,
2024_14_LV_TB,2024,14,LV,TB,-8.326672684688674e-17,0.0,3,0,-8.326672684688674e-17,0,1,3,5,1,0,0,0,-1.9675356433901885,13,28,-15,41,,,,
2024_14_JAX_TEN,2024,14,JAX,TEN,0.0,-5.551115123125783e-17,2,0,5.551115123125783e-17,0,1,3,5,0,0,0,0,1.332403186002306,10,6,4,16,,,,
2024_14_SEA_ARI,2024,14,SEA,ARI,-6.938893903907227e-17,-5.551115123125783e-17,0,1,-1.3877787807814457e-17,1,0,5,4,0,0,0,0,-0.3175662286939411,30,18,12,48,,,,
2024_14_CHI_SF,2024,14,CHI,SF,0.0,-5.551115123125783e-17,1,2,5.551115123125783e-17,0,0,0,3,0,0,0,0,1.332403186002306,13,38,-25,51,,,,
2024_14_LAC_KC,2024,14,LAC,KC,0.0,-5.551115123125783e-17,0,3,5.551115123125783e-17,1,0,5,2,0,0,0,0,1.332403186002306,17,19,-2,36,,,,
2024_14_CIN_DAL,2024,14,CIN,DAL,-2.775557561562892e-17,0.0,3,1,-2.775557561562892e-17,0,0,2,3,0,0,0,0,-0.6475601116331906,27,20,7,47,,,,
2024_15_DAL_CAR,2024,15,DAL,CAR,-2.775557561562892e-17,-5.551115123125783e-17,1,3,2.775557561562892e-17,0,0,4,3,0,1,0,0,0.6724154201238071,30,14,16,44,,,,
2024_15_KC_CLE,2024,15,KC,CLE,0.0,0.0,3,4,0.0,0,0,2,2,0,0,0,0,0.0124276542453082,21,7,14,28,,,,
2024_15_MIA_HOU,2024,15,MIA,HOU,-2.775557561562892e-17,0.0,2,1,-2.775557561562892e-17,0,0,3,4,1,0,0,0,-0.6475601116331906,12,20,-8,32,,,,
2024_15_NYJ_JAX,2024,15,NYJ,JAX,0.0,-1.3877787807814457e-17,1,1,1.3877787807814457e-17,0,0,3,4,0,0,0,0,0.3424215371845577,32,25,7,57,,,,
2024_15_WAS_NO,2024,15,WAS,NO,0.0,0.0,2,3,0.0,0,0,2,2,0,0,0,0,0.0124276542453082,20,19,1,39,,,,
2024_15_BAL_NYG,2024,15,BAL,NYG,0.0,-5.551115123125783e-17,3,3,5.551115123125783e-17,0,0,3,2,0,0,0,0,1.332403186002306,35,14,21,49,,,,
2024_15_CIN_TEN,2024,15,CIN,TEN,-8.326672684688674e-17,-5.551115123125783e-17,2,4,-2.775557561562892e-17,0,0,3,2,0,0,0,0,-0.6475601116331906,37,27,10,64,,,,
2024_15_NE_ARI,2024,15,NE,ARI,-2.775557561562892e-17,0.0,3,3,-2.775557561562892e-17,0,0,3,2,1,0,0,0,-0.6475601116331906,17,30,-13,47,,,,
2024_15_IND_DEN,2024,15,IND,DEN,0.0,-8.326672684688674e-17,3,0,8.326672684688674e-17,0,1,3,5,0,0,0,0,1.9923909518808047,13,31,-18,44,,,,
2024_15_BUF_DET,2024,15,BUF,DET,-2.775557561562892e-17,0.0,3,4,-2.775557561562892e-17,0,0,3,1,0,0,0,0,-0.6475601116331906,48,42,6,90,,,,
2024_15_TB_LAC,2024,15,TB,LAC,-1.3877787807814457e-17,0.0,3,0,-1.3877787807814457e-17,0,1,3,5,0,0,0,0,-0.3175662286939411,40,17,23,57,,,,
2024_15_PIT_PHI,2024,15,PIT,PHI,0.0,0.0,0,4,0.0,1,0,5,1,0,1,0,0,0.0124276542453082,13,27,-14,40,,,,
2024_15_GB_SEA,2024,15,GB,SEA,0.0,0.0,5,4,0.0,0,0,1,2,0,0,0,0,0.0124276542453082,30,13,17,43,,,,
2024_15_CHI_MIN,2024,15,CHI,MIN,0.0,0.0,1,5,0.0,0,0,0,1,0,0,0,0,0.0124276542453082,12,30,-18,42,,,,
2024_15_ATL_LV,2024,15,ATL,LV,0.0,0.0,0,6,0.0,1,0,5,0,0,1,0,0,0.0124276542453082,15,9,6,24,,,,
2024_16_DEN_LAC,2024,16,DEN,LAC,-2.775557561562892e-17,0.0,0,0,-2.775557561562892e-17,1,1,5,5,0,0,0,0,-0.6475601116331906,27,34,-7,61,,,,
2024_16_HOU_KC,2024,16,HOU,KC,-5.551115123125783e-17,-1.3877787807814457e-17,3,0,-4.163336342344337e-17,0,1,3,5,0,0,0,0,-0.97755399457244,19,27,-8,46,,,,
2024_16_PIT_BAL,2024,16,PIT,BAL,-2.775557561562892e-17,0.0,0,3,-2.775557561562892e-17,1,0,5,3,0,0,0,0,-0.6475601116331906,17,34,-17,51,,,,
2024_16_NYG_ATL,2024,16,NYG,ATL,-5.551115123125783e-17,-6.938893903907227e-17,4,0,1.3877787807814457e-17,0,1,1,5,0,0,0,0,0.3424215371845577,7,34,-27,41,,,,
2024_16_ARI_CAR,2024,16,ARI,CAR,-2.775557561562892e-17,-2.775557561562892e-17,3,1,0.0,0,0,2,4,0,1,0,0,0.0124276542453082,30,36,-6,66,,,,
2024_16_DET_CHI,2024,16,DET,CHI,-1.3877787807814457e-17,-5.551115123125783e-17,1,3,4.163336342344337e-17,0,0,4,1,0,0,0,0,1.0024093030630563,34,17,17,51,,,,
2024_16_CLE_CIN,2024,16,CLE,CIN,0.0,0.0,3,2,0.0,0,0,3,3,0,0,0,0,0.0124276542453082,6,24,-18,30,,,,
2024_16_TEN_IND,2024,16,TEN,IND,0.0,-5.551115123125783e-17,3,5,5.551115123125783e-17,0,0,2,0,0,0,0,0,1.332403186002306,30,38,-8,68,,,,
2024_16_PHI_WAS,2024,16,PHI,WAS,0.0,-4.163336342344337e-17,2,1,4.163336342344337e-17,0,0,3,4,1,0,0,0,1.0024093030630563,33,36,-3,69,,,,
2024_16_MIN_SEA,2024,16,MIN,SEA,-8.326672684688674e-17,-5.551115123125783e-17,3,3,-2.775557561562892e-17,0,0,3,3,0,0,0,0,-0.6475601116331906,27,24,3,51,,,,
2024_16_NE_BUF,2024,16,NE,BUF,-2.775557561562892e-17,-1.3877787807814457e-17,4,3,-1.3877787807814457e-17,0,0,2,3,1,0,0,0,-0.3175662286939411,21,24,-3,45,,,,
2024_16_JAX_LV,2024,16,JAX,LV,0.0,-5.551115123125783e-17,3,1,5.551115123125783e-17,0,0,2,4,0,0,0,0,1.332403186002306,14,19,-5,33,,,,
2024_16_SF_MIA,2024,16,SF,MIA,0.0,-6.938893903907227e-17,5,2,6.938893903907227e-17,0,0,1,1,0,1,0,0,1.6623970689415553,17,29,-12,46,,,,
2024_16_TB_DAL,2024,16,TB,DAL,-5.551115123125783e-17,-5.551115123125783e-17,4,2,0.0,0,0,2,3,0,0,0,0,0.0124276542453082,24,26,-2,50,,,,
2024_16_NO_GB,2024,16,NO,GB,-8.326672684688674e-17,0.0,3,3,-8.326672684688674e-17,0,0,2,3,0,0,0,0,-1.9675356433901885,0,34,-34,34,,,,
2024_17_KC_PIT,2024,17,KC,PIT,-4.163336342344337e-17,0.0,0,0,-4.163336342344337e-17,1,1,5,5,0,0,0,0,-0.97755399457244,29,10,19,39,,,,
2024_17_BAL_HOU,2024,17,BAL,HOU,-8.326672684688674e-17,0.0,4,4,-8.326672684688674e-17,0,0,2,1,0,0,0,0,-1.9675356433901885,31,2,29,33,,,,
2024_17_SEA_CHI,2024,17,SEA,CHI,-5.551115123125783e-17,0.0,3,0,-5.551115123125783e-17,0,1,3,5,0,0,0,0,-1.307547877511689,6,3,3,9,,,,
2024_17_LAC_NE,2024,17,LAC,NE,-9.714451465470121e-17,-8.326672684688674e-17,1,4,-1.3877787807814457e-17,0,0,4,1,0,1,0,0,-0.3175662286939411,40,7,33,47,,,,
2024_17_DEN_CIN,2024,17,DEN,CIN,-5.551115123125783e-17,0.0,0,3,-5.551115123125783e-17,1,0,5,1,0,0,0,0,-1.307547877511689,24,30,-6,54,,,,
2024_17_NYJ_BUF,2024,17,NYJ,BUF,-2.775557561562892e-17,-8.326672684688674e-17,1,0,5.551115123125783e-17,0,1,3,5,0,0,0,0,1.332403186002306,14,40,-26,54,,,,
2024_17_TEN_JAX,2024,17,TEN,JAX,0.0,-2.775557561562892e-17,1,3,2.775557561562892e-17,0,0,3,3,0,0,0,0,0.6724154201238071,13,20,-7,33,,,,
2024_17_LV_NO,2024,17,LV,NO,-8.326672684688674e-17,-5.551115123125783e-17,3,4,-2.775557561562892e-17,0,0,3,1,0,0,0,0,-0.6475601116331906,25,10,15,35,,,,
2024_17_IND_NYG,2024,17,IND,NYG,-5.551115123125783e-17,-6.245004513516506e-17,5,4,6.938893903907228e-18,0,0,1,1,0,1,0,0,0.1774245957149329,33,45,-12,78,,,,
2024_17_DAL_PHI,2024,17,DAL,PHI,0.0,-5.551115123125783e-17,3,5,5.551115123125783e-17,0,0,3,1,0,1,0,0,1.332403186002306,7,41,-34,48,,,,
2024_17_CAR_TB,2024,17,CAR,TB,0.0,-5.551115123125783e-17,1,3,5.551115123125783e-17,0,0,3,3,1,0,0,0,1.332403186002306,14,48,-34,62,,,,
2024_17_MIA_CLE,2024,17,MIA,CLE,-5.551115123125783e-17,-2.775557561562892e-17,1,3,-2.775557561562892e-17,0,0,4,3,1,0,0,0,-0.6475601116331906,20,3,17,23,,,,
2024_17_GB_MIN,2024,17,GB,MIN,0.0,-4.163336342344337e-17,3,3,4.163336342344337e-17,0,0,3,3,0,0,0,0,1.0024093030630563,25,27,-2,52,,,,
2024_17_ATL_WAS,2024,17,ATL,WAS,-2.775557561562892e-17,-2.775557561562892e-17,0,1,0.0,1,0,5,3,0,0,0,0,0.0124276542453082,24,30,-6,54,,,,
2024_17_DET_SF,2024,17,DET,SF,-5.551115123125783e-17,0.0,3,2,-5.551115123125783e-17,0,0,2,2,0,0,0,0,-1.307547877511689,40,34,6,74,,,,
2024_18_CLE_BAL,2024,18,CLE,BAL,-1.3877787807814457e-17,-5.551115123125783e-17,4,1,4.163336342344337e-17,0,0,2,4,0,0,0,0,1.0024093030630563,10,35,-25,45,,,,
2024_18_CIN_PIT,2024,18,CIN,PIT,-8.326672684688674e-17,0.0,2,3,-8.326672684688674e-17,0,0,3,3,0,0,0,0,-1.9675356433901885,19,17,2,36,,,,
2024_18_CAR_ATL,2024,18,CAR,ATL,0.0,-2.775557561562892e-17,2,0,2.775557561562892e-17,0,1,2,5,1,0,0,0,0.6724154201238071,44,38,6,82,,,,
2024_18_WAS_DAL,2024,18,WAS,DAL,0.0,0.0,2,2,0.0,0,0,3,3,0,0,0,0,0.0124276542453082,23,19,4,42,,,,
2024_18_CHI_GB,2024,18,CHI,GB,-1.3877787807814457e-17,0.0,0,3,-1.3877787807814457e-17,1,0,5,3,0,0,0,0,-0.3175662286939411,24,22,2,46,,,,
2024_18_JAX_IND,2024,18,JAX,IND,0.0,-2.775557561562892e-17,3,0,2.775557561562892e-17,0,1,3,5,0,0,0,0,0.6724154201238071,23,26,-3,49,,,,
2024_18_BUF_NE,2024,18,BUF,NE,-6.938893903907228e-18,0.0,2,2,-6.938893903907228e-18,0,0,0,2,0,1,0,0,-0.1525692872243164,16,23,-7,39,,,,
2024_18_NYG_PHI,2024,18,NYG,PHI,-1.3877787807814457e-17,-5.551115123125783e-17,2,1,4.163336342344337e-17,0,0,2,0,1,0,0,0,1.0024093030630563,13,20,-7,33,,,,
2024_18_NO_TB,2024,18,NO,TB,-5.551115123125783e-17,0.0,2,3,-5.551115123125783e-17,0,0,3,3,0,0,0,0,-1.307547877511689,19,27,-8,46,,,,
2024_18_HOU_TEN,2024,18,HOU,TEN,0.0,0.0,1,3,0.0,0,0,4,1,0,0,0,0,0.0124276542453082,23,14,9,37,,,,
2024_18_SF_ARI,2024,18,SF,ARI,0.0,-8.326672684688674e-17,1,3,8.326672684688674e-17,0,0,4,1,0,0,0,0,1.9923909518808047,24,47,-23,71,,,,
2024_18_KC_DEN,2024,18,KC,DEN,0.0,0.0,1,3,0.0,0,0,0,3,0,0,0,0,0.0124276542453082,0,38,-38,38,,,,
2024_18_LAC_LV,2024,18,LAC,LV,0.0,0.0,1,3,0.0,0,0,4,3,0,0,0,0,0.0124276542453082,34,20,14,54,,,,
2024_18_MIA_NYJ,2024,18,MIA,NYJ,0.0,-8.326672684688674e-17,2,0,8.326672684688674e-17,0,1,3,5,1,0,0,0,1.9923909518808047,20,32,-12,52,,,,
2024_18_MIN_DET,2024,18,MIN,DET,0.0,0.0,3,5,0.0,0,0,3,1,0,0,0,0,0.0124276542453082,9,31,-22,40,,,,
2025_01_DAL_PHI,2025,1,DAL,PHI,-4.163336342344337e-17,-2.775557561562892e-17,1,1,-1.3877787807814457e-17,0,0,0,0,0,0,0,0,-0.3175662286939411,20,24,-4,44,,-8.5,,48.5
2025_01_KC_LAC,2025,1,KC,LAC,-5.551115123125783e-17,-2.775557561562892e-17,1,1,-2.775557561562892e-17,0,0,0,0,0,0,0,0,-0.6475601116331906,21,27,-6,48,,3.0,,46.5
2025_01_TB_ATL,2025,1,TB,ATL,-2.775557561562892e-17,-1.3877787807814457e-17,1,1,-1.3877787807814457e-17,0,0,0,0,0,0,0,0,-0.3175662286939411,23,20,3,43,,1.5,,46.5
2025_01_CIN_CLE,2025,1,CIN,CLE,0.0,0.0,1,1,0.0,0,0,0,0,0,0,0,0,0.0124276542453082,17,16,1,33,,5.5,,48.5
2025_01_MIA_IND,2025,1,MIA,IND,-5.551115123125783e-17,-6.938893903907227e-17,1,1,1.3877787807814457e-17,0,0,0,0,0,0,0,0,0.3424215371845577,8,33,-25,41,,-1.5,,47.5
2025_01_CAR_JAX,2025,1,CAR,JAX,-2.775557561562892e-17,-3.469446951953614e-18,1,1,-2.4286128663675302e-17,0,0,0,0,0,0,0,0,-0.5650616408983782,10,26,-16,36,,-3.5,,46.5
2025_01_LV_NE,2025,1,LV,NE,0.0,-2.775557561562892e-17,1,1,2.775557561562892e-17,0,0,0,0,0,0,0,0,0.6724154201238071,20,13,7,33,,-2.5,,43.5
2025_01_ARI_NO,2025,1,ARI,NO,-2.775557561562892e-17,-6.938893903907228e-18,1,1,-2.0816681711721685e-17,0,0,0,0,0,0,0,0,-0.4825631701635658,20,13,7,33,,6.5,,43.5
2025_01_PIT_NYJ,2025,1,PIT,NYJ,0.0,0.0,1,1,0.0,0,0,0,0,0,0,0,0,0.0124276542453082,34,32,2,66,,2.5,,38.5
2025_01_NYG_WAS,2025,1,NYG,WAS,-2.775557561562892e-17,-8.326672684688674e-17,1,1,5.551115123125783e-17,0,0,0,0,0,0,0,0,1.332403186002306,6,21,-15,27,,-5.5,,45.5
2025_01_TEN_DEN,2025,1,TEN,DEN,0.0,0.0,1,1,0.0,0,0,0,0,0,0,0,0,0.0124276542453082,12,20,-8,32,,-8.5,,42.5
2025_01_SF_SEA,2025,1,SF,SEA,-8.326672684688674e-17,-9.714451465470121e-17,1,1,1.3877787807814457e-17,0,0,0,0,0,0,0,0,0.3424215371845577,17,13,4,30,,2.5,,43.5
2025_01_DET_GB,2025,1,DET,GB,0.0,-2.775557561562892e-17,1,1,2.775557561562892e-17,0,0,0,0,0,0,0,0,0.6724154201238071,13,27,-14,40,,-2.5,,47.5
2025_01_BAL_BUF,2025,1,BAL,BUF,0.0,-2.775557561562892e-17,1,1,2.775557561562892e-17,0,0,0,0,0,1,0,0,0.6724154201238071,40,41,-1,81,,1.5,,50.5
2025_01_MIN_CHI,2025,1,MIN,CHI,-5.551115123125783e-17,-4.163336342344337e-17,1,1,-1.3877787807814457e-17,0,0,0,0,0,0,0,0,-0.3175662286939411,27,24,3,51,1.5,1.5,43.5,43.5
2025_02_WAS_GB,2025,2,WAS,GB,0.0,-5.551115123125783e-17,3,4,5.551115123125783e-17,0,0,3,1,0,0,0,0,1.332403186002306,18,27,-9,45,,-3.5,,48.5
2025_02_CLE_BAL,2025,2,CLE,BAL,-2.775557561562892e-17,-5.551115123125783e-17,3,1,2.775557561562892e-17,0,0,3,4,0,0,0,0,0.6724154201238071,17,41,-24,58,,-11.5,,44.5
2025_02_JAX_CIN,2025,2,JAX,CIN,0.0,-2.775557561562892e-17,1,0,2.775557561562892e-17,0,1,0,5,0,0,0,0,0.6724154201238071,27,31,-4,58,,-3.5,,48.5
2025_02_NYG_DAL,2025,2,NYG,DAL,0.0,-5.551115123125783e-17,1,1,5.551115123125783e-17,0,0,0,4,0,0,0,0,1.332403186002306,37,40,-3,77,,-4.5,,44.5
2025_02_CHI_DET,2025,2,CHI,DET,-2.775557561562892e-17,-2.775557561562892e-17,1,1,0.0,0,0,0,0,0,0,0,0,0.0124276542453082,21,52,-31,73,,-6.0,,46.5
2025_02_NE_MIA,2025,2,NE,MIA,0.0,-8.326672684688674e-17,1,1,8.326672684688674e-17,0,0,0,0,0,0,0,0,1.9923909518808047,33,27,6,60,,-1.5,,43.5
2025_02_SF_NO,2025,2,SF,NO,-5.551115123125783e-17,-2.775557561562892e-17,1,1,-2.775557561562892e-17,0,0,0,0,0,0,0,0,-0.6475601116331906,26,21,5,47,,3.0,,40.5
2025_02_BUF_NYJ,2025,2,BUF,NYJ,-6.938893903907227e-17,0.0,3,1,-6.938893903907227e-17,0,0,3,0,1,0,0,0,-1.6375417604509388,30,10,20,40,,6.5,,46.5
2025_02_SEA_PIT,2025,2,SEA,PIT,0.0,-8.326672684688674e-17,0,0,8.326672684688674e-17,1,1,5,5,0,0,0,0,1.9923909518808047,31,17,14,48,,-3.0,,39.5
2025_02_CAR_ARI,2025,2,CAR,ARI,0.0,-8.326672684688674e-17,1,1,8.326672684688674e-17,0,0,4,0,0,0,0,0,1.9923909518808047,22,27,-5,49,,-6.5,,43.5
2025_02_DEN_IND,2025,2,DEN,IND,0.0,0.0,5,0,0.0,0,1,1,5,0,0,0,0,0.0124276542453082,28,29,-1,57,,1.5,,42.5
2025_02_PHI_KC,2025,2,PHI,KC,-2.775557561562892e-17,0.0,1,4,-2.775557561562892e-17,0,0,4,2,0,0,0,0,-0.6475601116331906,20,17,3,37,,1.5,,46.5
2025_02_ATL_MIN,2025,2,ATL,MIN,0.0,0.0,1,3,0.0,0,0,0,2,0,0,0,0,0.0124276542453082,22,6,16,28,,-3.5,,44.5
2025_02_TB_HOU,2025,2,TB,HOU,-2.775557561562892e-17,0.0,3,3,-2.775557561562892e-17,0,0,2,1,0,0,0,0,-0.6475601116331906,20,19,1,39,-2.5,-2.5,42.5,42.5
2025_02_LAC_LV,2025,2,LAC,LV,-2.775557561562892e-17,0.0,3,4,-2.775557561562892e-17,0,0,3,1,0,0,0,0,-0.6475601116331906,20,9,11,29,3.5,3.0,46.5,46.5
2025_03_MIA_BUF,2025,3,MIA,BUF,-2.775557561562892e-17,-1.3877787807814457e-17,1,3,-1.3877787807814457e-17,0,0,0,3,0,1,0,0,-0.3175662286939411,21,31,-10,52,,-12.5,,49.5
2025_03_ATL_CAR,2025,3,ATL,CAR,-4.8572257327350605e-17,-2.775557561562892e-17,1,2,-2.0816681711721685e-17,0,0,0,2,0,0,0,0,-0.4825631701635658,0,30,-30,30,,5.5,,43.5
2025_03_GB_CLE,2025,3,GB,CLE,0.0,-5.551115123125783e-17,0,1,5.551115123125783e-17,1,0,5,4,0,0,0,0,1.332403186002306,10,13,-3,23,,8.5,,41.5
2025_03_HOU_JAX,2025,3,HOU,JAX,-5.551115123125783e-17,-2.775557561562892e-17,5,1,-2.775557561562892e-17,0,0,0,0,0,0,0,0,-0.6475601116331906,10,17,-7,27,,-1.5,,43.5
2025_03_CIN_MIN,2025,3,CIN,MIN,-5.551115123125783e-17,-2.775557561562892e-17,0,3,-2.775557561562892e-17,1,0,5,1,0,1,0,0,-0.6475601116331906,10,48,-38,58,,-3.0,,42.5
2025_03_PIT_NE,2025,3,PIT,NE,0.0,0.0,0,1,0.0,1,0,5,0,0,0,0,0,0.0124276542453082,21,14,7,35,,1.5,,44.5
2025_03_NYJ_TB,2025,3,NYJ,TB,0.0,-2.775557561562892e-17,1,2,2.775557561562892e-17,0,0,0,2,0,0,0,0,0.6724154201238071,27,29,-2,56,,-7.0,,43.5
2025_03_IND_TEN,2025,3,IND,TEN,-1.3877787807814457e-17,0.0,0,1,-1.3877787807814457e-17,1,0,5,0,0,0,0,0,-0.3175662286939411,41,20,21,61,,4.5,,43.5
2025_03_LV_WAS,2025,3,LV,WAS,0.0,0.0,5,1,0.0,0,0,1,3,0,0,0,0,0.0124276542453082,24,41,-17,65,,-3.5,,44.5
2025_03_DEN_LAC,2025,3,DEN,LAC,-2.775557561562892e-17,0.0,5,4,-2.775557561562892e-17,0,0,1,2,0,0,0,0,-0.6475601116331906,20,23,-3,43,,-2.5,,45.5
2025_03_NO_SEA,2025,3,NO,SEA,0.0,-2.775557561562892e-17,1,0,2.775557561562892e-17,0,1,0,5,0,0,0,0,0.6724154201238071,13,44,-31,57,,-7.0,,41.5
2025_03_DAL_CHI,2025,3,DAL,CHI,-2.775557561562892e-17,-3.4694469519536136e-17,1,1,6.938893903907228e-18,0,0,3,0,0,0,0,0,0.1774245957149329,14,31,-17,45,,1.5,,50.5
2025_03_ARI_SF,2025,3,ARI,SF,-1.3877787807814457e-17,-5.551115123125783e-17,1,1,4.163336342344337e-17,0,0,0,0,0,0,0,0,1.0024093030630563,15,16,-1,31,,-3.0,,44.5
2025_03_KC_NYG,2025,3,KC,NYG,0.0,0.0,0,1,0.0,1,0,5,0,0,0,0,0,0.0124276542453082,22,9,13,31,,6.0,,45.5
2025_03_DET_BAL,2025,3,DET,BAL,0.0,0.0,1,1,0.0,0,0,0,4,0,0,0,0,0.0124276542453082,38,30,8,68,-4.5,-4.5,53.5,53.5
2025_04_SEA_ARI,2025,4,SEA,ARI,0.0,0.0,0,1,0.0,1,0,5,0,0,0,0,0,0.0124276542453082,23,20,3,43,,1.5,,43.5
2025_04_MIN_PIT,2025,4,MIN,PIT,0.0,0.0,4,0,0.0,0,1,1,5,1,0,0,0,0.0124276542453082,21,24,-3,45,,2.5,,40.5
2025_04_WAS_ATL,2025,4,WAS,ATL,0.0,-6.938893903907227e-17,0,1,6.938893903907227e-17,1,0,5,0,0,0,0,0,1.6623970689415553,27,34,-7,61,,1.5,,45.5
2025_04_NO_BUF,2025,4,NO,BUF,0.0,0.0,1,4,0.0,0,0,2,1,0,1,0,0,0.0124276542453082,19,31,-12,50,,-15.5,,47.5
2025_04_CLE_DET,2025,4,CLE,DET,0.0,-5.551115123125783e-17,0,1,5.551115123125783e-17,1,0,5,0,0,0,0,0,1.332403186002306,10,34,-24,44,,-10.0,,44.5
2025_04_TEN_HOU,2025,4,TEN,HOU,0.0,0.0,1,3,0.0,0,0,0,3,0,0,0,0,0.0124276542453082,0,26,-26,26,,-7.0,,38.5
2025_04_CAR_NE,2025,4,CAR,NE,-1.3877787807814457e-17,-2.775557561562892e-17,4,1,1.3877787807814457e-17,0,0,1,0,0,0,0,0,0.3424215371845577,13,42,-29,55,,-4.5,,42.5
2025_04_LAC_NYG,2025,4,LAC,NYG,0.0,0.0,4,1,0.0,0,0,1,0,0,0,0,0,0.0124276542453082,18,21,-3,39,,6.0,,43.5
2025_04_PHI_TB,2025,4,PHI,TB,-5.551115123125783e-17,-2.775557561562892e-17,3,2,-2.775557561562892e-17,0,0,3,3,0,0,0,0,-0.6475601116331906,31,25,6,56,,3.5,,43.5
2025_04_JAX_SF,2025,4,JAX,SF,0.0,-8.326672684688674e-17,1,1,8.326672684688674e-17,0,0,0,0,0,0,0,0,1.9923909518808047,26,21,5,47,,-3.5,,47.5
2025_04_BAL_KC,2025,4,BAL,KC,0.0,-8.326672684688674e-17,2,3,8.326672684688674e-17,0,0,3,3,0,0,0,0,1.9923909518808047,20,37,-17,57,,2.5,,48.5
2025_04_CHI_LV,2025,4,CHI,LV,-8.326672684688674e-17,-5.551115123125783e-17,1,4,-2.775557561562892e-17,0,0,0,1,0,0,0,0,-0.6475601116331906,25,24,1,49,,-1.5,,47.5
2025_04_GB_DAL,2025,4,GB,DAL,0.0,-4.163336342344337e-17,3,1,4.163336342344337e-17,0,0,2,4,0,0,0,0,1.0024093030630563,40,40,0,80,,7.0,,47.5
2025_04_NYJ_MIA,2025,4,NYJ,MIA,0.0,0.0,1,1,0.0,0,0,0,0,0,0,0,0,0.0124276542453082,21,27,-6,48,-3.0,-2.5,44.5,45.5
2025_04_CIN_DEN,2025,4,CIN,DEN,-2.775557561562892e-17,-2.775557561562892e-17,4,3,0.0,0,0,1,3,0,0,0,0,0.0124276542453082,3,28,-25,31,-7.5,-7.5,44.5,44.5
2025_05_MIN_CLE,2025,5,MIN,CLE,-2.775557561562892e-17,-5.551115123125783e-17,5,1,2.775557561562892e-17,0,0,0,4,1,0,0,0,0.6724154201238071,21,17,4,38,,4.5,,36.5
2025_05_HOU_BAL,2025,5,HOU,BAL,-5.551115123125783e-17,-5.551115123125783e-17,1,1,0.0,0,0,3,4,0,0,0,0,0.0124276542453082,44,10,34,54,,2.5,,40.5
2025_05_MIA_CAR,2025,5,MIA,CAR,-5.551115123125783e-17,0.0,1,3,-5.551115123125783e-17,0,0,0,2,0,0,0,0,-1.307547877511689,24,27,-3,51,,1.5,,45.5
2025_05_LV_IND,2025,5,LV,IND,-5.551115123125783e-17,-2.775557561562892e-17,3,1,-2.775557561562892e-17,0,0,2,4,0,0,0,0,-0.6475601116331906,6,40,-34,46,,-7.0,,47.5
2025_05_NYG_NO,2025,5,NYG,NO,0.0,-6.938893903907227e-17,1,0,6.938893903907227e-17,0,1,0,5,0,0,0,0,1.6623970689415553,14,26,-12,40,,-1.5,,42.5
2025_05_DAL_NYJ,2025,5,DAL,NYJ,-1.3877787807814457e-17,0.0,3,1,-1.3877787807814457e-17,0,0,2,0,0,0,0,0,-0.3175662286939411,37,22,15,59,,2.5,,47.5
2025_05_DEN_PHI,2025,5,DEN,PHI,-8.326672684688674e-17,0.0,3,1,-8.326672684688674e-17,0,0,3,4,0,0,0,0,-1.9675356433901885,21,17,4,38,,-3.5,,43.5
2025_05_TEN_ARI,2025,5,TEN,ARI,-5.551115123125783e-17,0.0,1,1,-5.551115123125783e-17,0,0,0,0,0,0,0,0,-1.307547877511689,22,21,1,43,,-7.5,,42.5
2025_05_TB_SEA,2025,5,TB,SEA,-4.8572257327350605e-17,-8.326672684688674e-17,0,0,3.4694469519536136e-17,1,1,5,5,0,0,0,0,0.8374123615934318,38,35,3,73,,-3.5,,44.5
2025_05_DET_CIN,2025,5,DET,CIN,-5.551115123125783e-17,-5.551115123125783e-17,1,3,0.0,0,0,0,3,0,0,0,0,0.0124276542453082,37,24,13,61,,10.5,,49.5
2025_05_WAS_LAC,2025,5,WAS,LAC,-6.938893903907228e-18,0.0,0,2,-6.938893903907228e-18,1,0,5,2,0,0,0,0,-0.1525692872243164,27,10,17,37,,-2.5,,47.5
2025_05_NE_BUF,2025,5,NE,BUF,0.0,-5.551115123125783e-17,1,4,5.551115123125783e-17,0,0,0,1,0,1,0,0,1.332403186002306,23,20,3,43,,-8.5,,49.5
2025_05_KC_JAX,2025,5,KC,JAX,-2.775557561562892e-17,0.0,0,1,-2.775557561562892e-17,1,0,5,0,0,0,0,0,-0.6475601116331906,28,31,-3,59,3.5,3.5,45.5,46.5
2025_06_PHI_NYG,2025,6,PHI,NYG,-5.551115123125783e-17,-5.551115123125783e-17,1,1,0.0,0,0,0,0,0,0,0,0,0.0124276542453082,17,34,-17,51,,7.0,,40.5
2025_06_DEN_NYJ,2025,6,DEN,NYJ,0.0,0.0,4,1,0.0,0,0,1,0,0,0,0,0,0.0124276542453082,13,11,2,24,,7.5,,43.5
2025_06_DAL_CAR,2025,6,DAL,CAR,-5.551115123125783e-17,-2.775557561562892e-17,2,2,-2.775557561562892e-17,0,0,3,3,0,0,0,0,-0.6475601116331906,27,30,-3,57,,3.0,,49.5
2025_06_ARI_IND,2025,6,ARI,IND,0.0,-2.775557561562892e-17,1,0,2.775557561562892e-17,0,1,0,5,0,0,0,0,0.6724154201238071,27,31,-4,58,,-7.0,,46.5
2025_06_SEA_JAX,2025,6,SEA,JAX,0.0,-5.551115123125783e-17,0,1,5.551115123125783e-17,1,0,5,0,0,0,0,0,1.332403186002306,20,12,8,32,,1.5,,47.5
2025_06_LAC_MIA,2025,6,LAC,MIA,-2.775557561562892e-17,-5.551115123125783e-17,3,1,2.775557561562892e-17,0,0,2,0,0,0,0,0,0.6724154201238071,29,27,2,56,,4.5,,44.5
2025_06_NE_NO,2025,6,NE,NO,-5.551115123125783e-17,-2.775557561562892e-17,1,1,-2.775557561562892e-17,0,0,0,0,0,0,0,0,-0.6475601116331906,25,19,6,44,,3.5,,45.5
2025_06_CLE_PIT,2025,6,CLE,PIT,0.0,0.0,3,3,0.0,0,0,2,3,0,0,0,0,0.0124276542453082,9,23,-14,32,,-5.5,,37.5
2025_06_TEN_LV,2025,6,TEN,LV,0.0,0.0,1,3,0.0,0,0,0,2,0,0,0,0,0.0124276542453082,10,20,-10,30,,-3.5,,41.5
2025_06_CIN_GB,2025,6,CIN,GB,0.0,-2.775557561562892e-17,1,3,2.775557561562892e-17,0,0,4,2,0,0,0,0,0.6724154201238071,18,27,-9,45,,-14.0,,44.5
2025_06_SF_TB,2025,6,SF,TB,0.0,-2.775557561562892e-17,1,3,2.775557561562892e-17,0,0,0,3,0,0,0,0,0.6724154201238071,19,30,-11,49,,-3.0,,47.5
2025_06_DET_KC,2025,6,DET,KC,0.0,0.0,1,1,0.0,0,0,0,0,0,0,0,0,0.0124276542453082,17,30,-13,47,,-2.5,,52.5
2025_06_BUF_ATL,2025,6,BUF,ATL,0.0,-5.551115123125783e-17,0,1,5.551115123125783e-17,1,0,5,0,1,0,0,0,1.332403186002306,14,24,-10,38,4.5,4.5,49.5,49.5
2025_06_CHI_WAS,2025,6,CHI,WAS,-5.551115123125783e-17,0.0,1,5,-5.551115123125783e-17,0,0,0,1,0,0,0,0,-1.307547877511689,25,24,1,49,-5.5,-4.5,49.5,49.5
2025_07_PIT_CIN,2025,7,PIT,CIN,-5.551115123125783e-17,0.0,3,0,-5.551115123125783e-17,0,1,3,5,0,0,0,0,-1.307547877511689,31,33,-2,64,,5.5,,44.5
2025_07_NO_CHI,2025,7,NO,CHI,-5.551115123125783e-17,-8.326672684688674e-17,1,1,2.775557561562892e-17,0,0,0,0,0,0,0,0,0.6724154201238071,14,26,-12,40,,-4.5,,46.5
2025_07_MIA_CLE,2025,7,MIA,CLE,0.0,-2.775557561562892e-17,1,3,2.775557561562892e-17,0,0,0,3,0,0,0,0,0.6724154201238071,6,31,-25,37,,-2.5,,37.5
2025_07_LV_KC,2025,7,LV,KC,-5.551115123125783e-17,-1.3877787807814457e-17,3,1,-4.163336342344337e-17,0,0,3,0,0,0,0,0,-0.97755399457244,0,31,-31,31,,-11.5,,45.5
2025_07_PHI_MIN,2025,7,PHI,MIN,-8.326672684688674e-17,-5.551115123125783e-17,3,2,-2.775557561562892e-17,0,0,2,2,0,1,0,0,-0.6475601116331906,28,22,6,50,,1.5,,43.5
2025_07_CAR_NYJ,2025,7,CAR,NYJ,-5.551115123125783e-17,0.0,1,1,-5.551115123125783e-17,0,0,0,0,0,0,0,0,-1.307547877511689,13,6,7,19,,1.5,,42.5
2025_07_NE_TEN,2025,7,NE,TEN,0.0,0.0,1,3,0.0,0,0,0,2,0,0,0,0,0.0124276542453082,31,13,18,44,,7.0,,41.5
2025_07_NYG_DEN,2025,7,NYG,DEN,0.0,-4.163336342344337e-17,1,1,4.163336342344337e-17,0,0,0,4,0,0,0,0,1.0024093030630563,32,33,-1,65,,-7.0,,39.5
2025_07_IND_LAC,2025,7,IND,LAC,-5.551115123125783e-17,0.0,0,5,-5.551115123125783e-17,1,0,5,1,0,0,0,0,-1.307547877511689,38,24,14,62,,-1.5,,48.5
2025_07_GB_ARI,2025,7,GB,ARI,-2.775557561562892e-17,0.0,3,1,-2.775557561562892e-17,0,0,3,0,0,0,0,0,-0.6475601116331906,27,23,4,50,,6.5,,45.5
2025_07_WAS_DAL,2025,7,WAS,DAL,-8.326672684688674e-17,-5.551115123125783e-17,1,2,-2.775557561562892e-17,0,0,4,3,0,0,0,0,-0.6475601116331906,22,44,-22,66,,2.5,,54.5
2025_07_ATL_SF,2025,7,ATL,SF,-5.551115123125783e-17,-8.326672684688674e-17,1,1,2.775557561562892e-17,0,0,0,0,0,0,0,0,0.6724154201238071,10,20,-10,30,,-2.5,,47.5
2025_07_TB_DET,2025,7,TB,DET,-8.326672684688674e-17,-5.551115123125783e-17,1,3,-2.775557561562892e-17,0,0,4,2,0,0,0,0,-0.6475601116331906,9,24,-15,33,-6.0,-5.5,53.5,52.5
2025_07_HOU_SEA,2025,7,HOU,SEA,-8.326672684688674e-17,-5.551115123125783e-17,3,0,-2.775557561562892e-17,0,1,1,5,0,0,0,0,-0.6475601116331906,19,27,-8,46,-3.0,-3.0,41.5,41.5
2025_08_MIN_LAC,2025,8,MIN,LAC,-5.551115123125783e-17,0.0,2,1,-5.551115123125783e-17,0,0,2,3,1,0,0,0,-1.307547877511689,10,37,-27,47,,,,
2025_08_MIA_ATL,2025,8,MIA,ATL,0.0,-2.775557561562892e-17,1,1,2.775557561562892e-17,0,0,0,0,0,0,0,0,0.6724154201238071,34,10,24,44,,,,
2025_08_CHI_BAL,2025,8,CHI,BAL,-4.163336342344337e-17,-8.326672684688674e-17,1,3,4.163336342344337e-17,0,0,0,3,0,0,0,0,1.0024093030630563,16,30,-14,46,,,,
2025_08_BUF_CAR,2025,8,BUF,CAR,-5.551115123125783e-17,0.0,3,3,-5.551115123125783e-17,0,0,3,2,1,0,0,0,-1.307547877511689,40,9,31,49,,,,
2025_08_NYJ_CIN,2025,8,NYJ,CIN,-1.0408340855860844e-17,-8.326672684688674e-17,1,3,7.28583859910259e-17,0,0,0,2,0,0,0,0,1.7448955396763677,39,38,1,77,,,,
2025_08_SF_HOU,2025,8,SF,HOU,-8.326672684688674e-17,-4.8572257327350605e-17,1,0,-3.4694469519536136e-17,0,1,0,5,0,0,0,0,-0.8125570531028152,15,26,-11,41,,,,
2025_08_CLE_NE,2025,8,CLE,NE,0.0,0.0,3,1,0.0,0,0,2,0,0,0,0,0,0.0124276542453082,13,32,-19,45,,,,
2025_08_NYG_PHI,2025,8,NYG,PHI,0.0,-5.551115123125783e-17,1,3,5.551115123125783e-17,0,0,0,2,0,0,0,0,1.332403186002306,20,38,-18,58,,,,
2025_08_TB_NO,2025,8,TB,NO,0.0,-2.775557561562892e-17,2,1,2.775557561562892e-17,0,0,3,4,0,0,0,0,0.6724154201238071,23,3,20,26,,,,
2025_08_DAL_DEN,2025,8,DAL,DEN,-8.326672684688674e-17,-5.2041704279304207e-17,0,0,-3.122502256758253e-17,1,1,5,5,0,0,0,0,-0.7300585823680029,24,44,-20,68,,,,
2025_08_TEN_IND,2025,8,TEN,IND,-8.326672684688674e-17,-5.551115123125783e-17,0,0,-2.775557561562892e-17,1,1,5,5,0,0,0,0,-0.6475601116331906,14,38,-24,52,,,,
2025_08_GB_PIT,2025,8,GB,PIT,-5.551115123125783e-17,-8.326672684688674e-17,3,0,2.775557561562892e-17,0,1,3,5,0,0,0,0,0.6724154201238071,35,25,10,60,,,,
2025_08_WAS_KC,2025,8,WAS,KC,-5.551115123125783e-17,-8.326672684688674e-17,3,1,2.775557561562892e-17,0,0,2,0,0,0,0,0,0.6724154201238071,7,28,-21,35,,,,
