away_team,home_team,week,season,closing_spread,closing_total,opening_spread,opening_total,our_home_score,our_away_score,our_spread,our_total,our_home_score_raw,our_away_score_raw,p_home_cover,p_away_cover,p_over,p_under,spread_std,total_std,blowout_prob,close_game_prob,actual_home_score,actual_away_score,final_score,is_completed,spread_recommendation,total_recommendation,spread_conviction,total_conviction,spread_conviction_badge,total_conviction_badge,spread_result,total_result,spread_edge_pct,total_edge_pct,spread_rec_confidence,total_rec_confidence,closing_away_score,closing_home_score,spread_movement,total_movement,game_date
DAL,PHI,1,2025,8.5,47.5,8.5,47.5,20.92779,28.15665,-7.228859999999997,49.08444,13.49,26.15,0.4186046511627907,0.5813953488372092,0.4867549668874172,0.5132450331125828,,,,,24.0,20.0,20-24,True,DAL ATS,Pass,MEDIUM,,bg-warning,,WIN,,5.7,0.0,0.728,0.5,19.5,28.0,0.0,0.0,
KC,LAC,1,2025,-3.0,47.5,-3.0,47.5,25.49008,31.45132,-5.96124,56.9414,21.48,31.919999999999998,0.4694835680751174,0.5305164319248826,0.5496688741721855,0.4503311258278145,,,,,27.0,21.0,21-27,True,KC ATS,Over,LOW,LOW,bg-secondary,bg-secondary,LOSS,WIN,0.7,2.6,0.528,0.604,25.25,22.25,0.0,0.0,
TB,ATL,1,2025,-1.5,47.5,-1.5,47.5,22.361,21.24184,1.1191600000000008,43.60284,16.0,14.04,0.4973262032085561,0.5026737967914439,0.4434389140271493,0.5565610859728507,,,,,20.0,23.0,23-20,True,Pass,Under,,MEDIUM,,bg-warning,,WIN,0.0,3.3,0.5,0.632,24.5,23.0,0.0,0.0,
CIN,CLE,1,2025,-5.5,47.5,-5.5,47.5,14.83522,15.25776,-0.4225399999999997,30.092979999999997,2.82,3.56,0.539568345323741,0.460431654676259,0.3837209302325581,0.6162790697674418,,,,,16.0,17.0,17-16,True,CLE ATS,Under,LOW,HIGH,bg-secondary,bg-danger,WIN,WIN,1.6,9.2,0.5640000000000001,0.868,26.5,21.0,0.0,0.0,
MIA,IND,1,2025,1.5,47.5,1.5,47.5,37.06425,17.456109999999995,19.608140000000006,54.52036,41.75,7.409999999999997,0.99,0.01,0.5496688741721855,0.4503311258278145,,,,,33.0,8.0,8-33,True,IND ATS,Over,HIGH,LOW,bg-danger,bg-secondary,WIN,LOSS,25.0,2.6,1.0,0.604,23.0,24.5,0.0,0.0,
CAR,JAX,1,2025,4.5,45.5,4.5,45.5,18.08421,16.17136,1.9128499999999988,34.25557,8.51,5.16,0.4694835680751174,0.5305164319248826,0.3837209302325581,0.6162790697674418,,,,,26.0,10.0,10-26,True,CAR ATS,Under,LOW,HIGH,bg-secondary,bg-danger,LOSS,WIN,0.7,9.2,0.528,0.868,20.5,25.0,0.0,0.0,
LV,NE,1,2025,2.5,44.5,2.5,44.5,29.74974,18.78654,10.9632,48.53628,28.939999999999998,9.74,0.6785714285714286,0.3214285714285714,0.4867549668874172,0.5132450331125828,,,,,13.0,20.0,20-13,True,NE ATS,Pass,HIGH,,bg-danger,,LOSS,,15.5,0.0,1.0,0.5,21.0,23.5,0.0,0.0,
ARI,NO,1,2025,-6.0,44.5,-6.0,44.5,16.222749999999998,16.77662,-0.5538700000000034,32.99937,5.25,6.220000000000001,0.539568345323741,0.460431654676259,0.3837209302325581,0.6162790697674418,,,,,13.0,20.0,20-13,True,NO ATS,Under,LOW,HIGH,bg-secondary,bg-danger,LOSS,WIN,1.6,9.2,0.5640000000000001,0.868,25.25,19.25,0.0,0.0,
PIT,NYJ,1,2025,-3.0,37.5,-3.0,37.5,19.52884,21.47024,-1.9414000000000016,40.99908,11.040000000000001,14.44,0.4973262032085561,0.5026737967914439,0.4867549668874172,0.5132450331125828,,,,,32.0,34.0,34-32,True,Pass,Pass,,,,,,,0.0,0.0,0.5,0.5,20.25,17.25,0.0,0.0,
NYG,WAS,1,2025,6.0,45.5,6.0,45.5,24.99902,15.40051,9.598510000000001,40.39953,20.619999999999997,3.8100000000000005,0.539568345323741,0.460431654676259,0.4434389140271493,0.5565610859728507,,,,,21.0,6.0,6-21,True,WAS ATS,Under,LOW,MEDIUM,bg-secondary,bg-warning,WIN,WIN,1.6,3.3,0.5640000000000001,0.632,19.75,25.75,0.0,0.0,
TEN,DEN,1,2025,8.5,42.5,8.5,42.5,18.52959,15.080749999999998,3.4488400000000006,33.610339999999994,9.29,3.2499999999999996,0.4694835680751174,0.5305164319248826,0.3837209302325581,0.6162790697674418,,,,,20.0,12.0,12-20,True,TEN ATS,Under,LOW,HIGH,bg-secondary,bg-danger,WIN,WIN,0.7,9.2,0.528,0.868,17.0,25.5,0.0,0.0,
SF,SEA,1,2025,-2.5,43.5,-2.5,43.5,29.63554,27.41435,2.22119,57.04989,28.740000000000002,24.85,0.4973262032085561,0.5026737967914439,0.5496688741721855,0.4503311258278145,,,,,13.0,17.0,17-13,True,Pass,Over,,LOW,,bg-secondary,,LOSS,0.0,2.6,0.5,0.604,23.0,20.5,0.0,0.0,
DET,GB,1,2025,1.5,48.5,1.5,48.5,30.13231,28.2423,1.8900100000000002,58.374610000000004,29.61,26.299999999999997,0.4973262032085561,0.5026737967914439,0.5496688741721855,0.4503311258278145,,,,,27.0,13.0,13-27,True,Pass,Over,,LOW,,bg-secondary,,LOSS,0.0,2.6,0.5,0.604,23.5,25.0,0.0,0.0,
HOU,LA,1,2025,3.5,43.5,3.5,43.5,36.14494,24.48512,11.65982,60.63006,40.14,19.72,0.539568345323741,0.460431654676259,0.625,0.375,,,,,14.0,9.0,9-14,True,LA ATS,Over,LOW,HIGH,bg-secondary,bg-danger,WIN,LOSS,1.6,10.1,0.5640000000000001,0.9039999999999999,20.0,23.5,0.0,0.0,
BAL,BUF,1,2025,-1.5,50.5,-1.5,50.5,31.91954,29.68122,2.2383200000000016,61.60076,32.74,28.82,0.4973262032085561,0.5026737967914439,0.5496688741721855,0.4503311258278145,,,,,41.0,40.0,40-41,True,Pass,Over,,LOW,,bg-secondary,,WIN,0.0,2.6,0.5,0.604,26.0,24.5,0.0,0.0,
MIN,CHI,1,2025,-1.5,43.5,-1.5,43.5,26.53501,14.69818,11.836829999999999,41.23319,23.310000000000002,2.58,0.8461538461538461,0.1538461538461538,0.4434389140271493,0.5565610859728507,,,,,24.0,27.0,27-24,True,CHI ATS,Under,HIGH,MEDIUM,bg-danger,bg-warning,LOSS,LOSS,25.0,3.3,1.0,0.632,22.5,21.0,0.0,0.0,
WAS,GB,2,2025,3.5,48.5,3.5,48.5,28.94463,27.39722,1.5474099999999993,56.34185,27.53,24.82,0.4973262032085561,0.5026737967914439,0.5496688741721855,0.4503311258278145,,,,,27.0,18.0,18-27,True,Pass,Over,,LOW,,bg-secondary,,LOSS,0.0,2.6,0.5,0.604,22.5,26.0,0.0,0.0,
CLE,BAL,2,2025,12.5,46.5,12.5,46.5,34.500460000000004,15.52042,18.980040000000002,50.020880000000005,37.260000000000005,4.02,0.6785714285714286,0.3214285714285714,0.4867549668874172,0.5132450331125828,,,,,41.0,17.0,17-41,True,BAL ATS,Pass,HIGH,,bg-danger,,WIN,,15.5,0.0,1.0,0.5,17.0,29.5,0.0,0.0,
JAX,CIN,2,2025,3.5,49.5,3.5,49.5,19.89428,25.64996,-5.755680000000002,45.54424,11.68,21.759999999999998,0.4186046511627907,0.5813953488372092,0.4867549668874172,0.5132450331125828,,,,,31.0,27.0,27-31,True,JAX ATS,Pass,MEDIUM,,bg-warning,,LOSS,,5.7,0.0,0.728,0.5,23.0,26.5,0.0,0.0,
NYG,DAL,2,2025,4.5,44.5,4.5,44.5,19.53455,21.53876,-2.0042100000000005,41.07331,11.05,14.559999999999999,0.4694835680751174,0.5305164319248826,0.4434389140271493,0.5565610859728507,,,,,40.0,37.0,37-40,True,NYG ATS,Under,LOW,MEDIUM,bg-secondary,bg-warning,WIN,LOSS,0.7,3.3,0.528,0.632,20.0,24.5,0.0,0.0,
CHI,DET,2,2025,6.0,46.5,6.0,46.5,33.586859999999994,15.98293,17.603929999999995,49.56979,35.66,4.830000000000002,0.8461538461538461,0.1538461538461538,0.4867549668874172,0.5132450331125828,,,,,52.0,21.0,21-52,True,DET ATS,Pass,HIGH,,bg-danger,,WIN,,25.0,0.0,1.0,0.5,20.25,26.25,0.0,0.0,
NE,MIA,2,2025,1.5,43.5,1.5,43.5,15.40622,17.79871,-2.3924900000000004,33.20493,3.82,8.01,0.4694835680751174,0.5305164319248826,0.3837209302325581,0.6162790697674418,,,,,27.0,33.0,33-27,True,NE ATS,Under,LOW,HIGH,bg-secondary,bg-danger,WIN,LOSS,0.7,9.2,0.528,0.868,21.0,22.5,0.0,0.0,
SF,NO,2,2025,-3.0,40.5,-3.0,40.5,17.91291,32.42773,-14.514819999999997,50.34063999999999,8.21,33.63,0.4186046511627907,0.5813953488372092,0.5496688741721855,0.4503311258278145,,,,,21.0,26.0,26-21,True,SF ATS,Over,MEDIUM,LOW,bg-warning,bg-secondary,WIN,WIN,5.7,2.6,0.728,0.604,21.75,18.75,0.0,0.0,
BUF,NYJ,2,2025,-6.0,47.5,-6.0,47.5,16.39976,32.62758,-16.22782,49.02734,5.559999999999999,33.980000000000004,0.4186046511627907,0.5813953488372092,0.4867549668874172,0.5132450331125828,,,,,10.0,30.0,30-10,True,BUF ATS,Pass,MEDIUM,,bg-warning,,WIN,,5.7,0.0,0.728,0.5,26.75,20.75,0.0,0.0,
SEA,PIT,2,2025,3.5,40.5,3.5,40.5,19.58594,19.87715,-0.2912099999999995,39.46309,11.139999999999999,11.65,0.4694835680751174,0.5305164319248826,0.4434389140271493,0.5565610859728507,,,,,17.0,31.0,31-17,True,SEA ATS,Under,LOW,MEDIUM,bg-secondary,bg-warning,WIN,LOSS,0.7,3.3,0.528,0.632,18.5,22.0,0.0,0.0,
LA,TEN,2,2025,-5.5,41.5,-5.5,41.5,15.891569999999998,36.50467,-20.6131,52.39623999999999,4.669999999999998,40.769999999999996,0.01,0.99,0.5496688741721855,0.4503311258278145,,,,,19.0,33.0,33-19,True,LA ATS,Over,HIGH,LOW,bg-danger,bg-secondary,WIN,WIN,25.0,2.6,1.0,0.604,23.5,18.0,0.0,0.0,
CAR,ARI,2,2025,7.0,45.5,7.0,45.5,20.04845,18.935,1.1134500000000003,38.98345,11.95,10.0,0.4694835680751174,0.5305164319248826,0.4434389140271493,0.5565610859728507,,,,,27.0,22.0,22-27,True,CAR ATS,Under,LOW,MEDIUM,bg-secondary,bg-warning,WIN,LOSS,0.7,3.3,0.528,0.632,19.25,26.25,0.0,0.0,
DEN,IND,2,2025,-2.5,43.5,-2.5,43.5,34.65463,24.17678,10.477849999999997,58.83141,37.53,19.18,0.6785714285714286,0.3214285714285714,0.5496688741721855,0.4503311258278145,,,,,29.0,28.0,28-29,True,IND ATS,Over,HIGH,LOW,bg-danger,bg-secondary,WIN,WIN,15.5,2.6,1.0,0.604,23.0,20.5,0.0,0.0,
PHI,KC,2,2025,-1.5,46.5,-1.5,46.5,32.07371,18.54101,13.532699999999998,50.61472,33.01,9.31,0.6785714285714286,0.3214285714285714,0.5151515151515151,0.4848484848484848,,,,,17.0,20.0,20-17,True,KC ATS,Pass,HIGH,,bg-danger,,LOSS,,15.5,0.0,1.0,0.5,24.0,22.5,0.0,0.0,
ATL,MIN,2,2025,3.5,44.5,3.5,44.5,22.82351,28.00819,-5.18468,50.8317,16.810000000000002,25.89,0.4186046511627907,0.5813953488372092,0.5496688741721855,0.4503311258278145,,,,,6.0,22.0,22-6,True,ATL ATS,Over,MEDIUM,LOW,bg-warning,bg-secondary,WIN,LOSS,5.7,2.6,0.728,0.604,20.5,24.0,0.0,0.0,
TB,HOU,2,2025,2.5,42.5,2.5,42.5,17.19916,17.558889999999998,-0.359729999999999,34.75805,6.96,7.590000000000001,0.4694835680751174,0.5305164319248826,0.3837209302325581,0.6162790697674418,,,,,19.0,20.0,20-19,True,TB ATS,Under,LOW,HIGH,bg-secondary,bg-danger,WIN,WIN,0.7,9.2,0.528,0.868,20.0,22.5,0.0,0.0,
LAC,LV,2,2025,-3.5,46.5,-3.5,46.5,18.83793,29.56131,-10.723379999999999,48.39924,9.829999999999998,28.61,0.4186046511627907,0.5813953488372092,0.4867549668874172,0.5132450331125828,,,,,9.0,20.0,20-9,True,LAC ATS,Pass,MEDIUM,,bg-warning,,WIN,,5.7,0.0,0.728,0.5,25.0,21.5,0.0,0.0,
MIA,BUF,3,2025,12.5,50.5,12.5,50.5,29.83539,15.70314,14.13225,45.53853,29.09,4.34,0.539568345323741,0.460431654676259,0.4434389140271493,0.5565610859728507,,,,,31.0,21.0,21-31,True,BUF ATS,Under,LOW,MEDIUM,bg-secondary,bg-warning,LOSS,LOSS,1.6,3.3,0.5640000000000001,0.632,19.0,31.5,0.0,0.0,
ATL,CAR,3,2025,-5.5,44.5,-5.5,44.5,18.62666,15.64604,2.980620000000002,34.2727,9.459999999999999,4.24,0.6785714285714286,0.3214285714285714,0.3837209302325581,0.6162790697674418,,,,,30.0,0.0,0-30,True,CAR ATS,Under,HIGH,HIGH,bg-danger,bg-danger,WIN,WIN,15.5,9.2,1.0,0.868,25.0,19.5,0.0,0.0,
GB,CLE,3,2025,-8.5,41.5,-8.5,41.5,15.80592,30.60053,-14.794609999999999,46.40645,4.520000000000001,30.43,0.4186046511627907,0.5813953488372092,0.4867549668874172,0.5132450331125828,,,,,13.0,10.0,10-13,True,GB ATS,Pass,MEDIUM,,bg-warning,,LOSS,,5.7,0.0,0.728,0.5,25.0,16.5,0.0,0.0,
HOU,JAX,3,2025,1.5,43.5,1.5,43.5,22.73215,19.74011,2.9920399999999994,42.472260000000006,16.65,11.41,0.4973262032085561,0.5026737967914439,0.4867549668874172,0.5132450331125828,,,,,17.0,10.0,10-17,True,Pass,Pass,,,,,,,0.0,0.0,0.5,0.5,21.0,22.5,0.0,0.0,
CIN,MIN,3,2025,3.0,41.5,3.0,41.5,23.46874,20.45957,3.009170000000001,43.928309999999996,17.939999999999998,12.67,0.4973262032085561,0.5026737967914439,0.4867549668874172,0.5132450331125828,,,,,48.0,10.0,10-48,True,Pass,Pass,,,,,,,0.0,0.0,0.5,0.5,19.25,22.25,0.0,0.0,
PIT,NE,3,2025,-1.5,44.5,-1.5,44.5,16.79946,17.4504,-0.6509399999999985,34.24986,6.26,7.4,0.4973262032085561,0.5026737967914439,0.3837209302325581,0.6162790697674418,,,,,14.0,21.0,21-14,True,Pass,Under,,HIGH,,bg-danger,,WIN,0.0,9.2,0.5,0.868,23.0,21.5,0.0,0.0,
LA,PHI,3,2025,3.5,45.5,3.5,45.5,29.40143,24.57077,4.830660000000002,53.9722,28.330000000000002,19.87,0.4973262032085561,0.5026737967914439,0.5496688741721855,0.4503311258278145,,,,,33.0,26.0,26-33,True,Pass,Over,,LOW,,bg-secondary,,WIN,0.0,2.6,0.5,0.604,21.0,24.5,0.0,0.0,
NYJ,TB,3,2025,6.5,43.5,6.5,43.5,16.62245,19.72869,-3.1062399999999997,36.35114,5.949999999999999,11.39,0.4186046511627907,0.5813953488372092,0.3837209302325581,0.6162790697674418,,,,,29.0,27.0,27-29,True,NYJ ATS,Under,MEDIUM,HIGH,bg-warning,bg-danger,WIN,LOSS,5.7,9.2,0.728,0.868,18.5,25.0,0.0,0.0,
IND,TEN,3,2025,-6.0,43.5,-6.0,43.5,17.71877,40.7472,-23.02843,58.46597,7.870000000000001,48.2,0.01,0.99,0.625,0.375,,,,,20.0,41.0,41-20,True,IND ATS,Over,HIGH,HIGH,bg-danger,bg-danger,WIN,WIN,25.0,10.1,1.0,0.9039999999999999,24.75,18.75,0.0,0.0,
LV,WAS,3,2025,2.5,43.5,2.5,43.5,30.16657,22.29819,7.868379999999998,52.46476,29.67,15.89,0.539568345323741,0.460431654676259,0.5496688741721855,0.4503311258278145,,,,,41.0,24.0,24-41,True,WAS ATS,Over,LOW,LOW,bg-secondary,bg-secondary,WIN,WIN,1.6,2.6,0.5640000000000001,0.604,20.5,23.0,0.0,0.0,
DEN,LAC,3,2025,2.5,45.5,2.5,45.5,35.374089999999995,21.12193,14.252159999999996,56.496019999999994,38.79,13.829999999999998,0.6785714285714286,0.3214285714285714,0.5496688741721855,0.4503311258278145,,,,,23.0,20.0,20-23,True,LAC ATS,Over,HIGH,LOW,bg-danger,bg-secondary,WIN,LOSS,15.5,2.6,1.0,0.604,21.5,24.0,0.0,0.0,
NO,SEA,3,2025,7.5,41.5,7.5,41.5,27.58565,16.62245,10.9632,44.2081,25.15,5.950000000000001,0.539568345323741,0.460431654676259,0.4867549668874172,0.5132450331125828,,,,,44.0,13.0,13-44,True,SEA ATS,Pass,LOW,,bg-secondary,,WIN,,1.6,0.0,0.5640000000000001,0.5,17.0,24.5,0.0,0.0,
DAL,CHI,3,2025,-1.5,49.5,-1.5,49.5,20.08271,18.33545,1.7472599999999971,38.41816,12.01,8.950000000000001,0.4973262032085561,0.5026737967914439,0.3837209302325581,0.6162790697674418,,,,,31.0,14.0,14-31,True,Pass,Under,,HIGH,,bg-danger,,WIN,0.0,9.2,0.5,0.868,25.5,24.0,0.0,0.0,
ARI,SF,3,2025,1.5,44.5,1.5,44.5,33.12435,21.71577,11.40858,54.84012,34.85,14.87,0.539568345323741,0.460431654676259,0.5496688741721855,0.4503311258278145,,,,,16.0,15.0,15-16,True,SF ATS,Over,LOW,LOW,bg-secondary,bg-secondary,LOSS,LOSS,1.6,2.6,0.5640000000000001,0.604,21.5,23.0,0.0,0.0,
KC,NYG,3,2025,-6.0,44.5,-6.0,44.5,16.09142,24.98189,-8.89047,41.07331,5.02,20.59,0.4186046511627907,0.5813953488372092,0.4434389140271493,0.5565610859728507,,,,,9.0,22.0,22-9,True,KC ATS,Under,MEDIUM,MEDIUM,bg-warning,bg-warning,WIN,WIN,5.7,3.3,0.728,0.632,25.25,19.25,0.0,0.0,
DET,BAL,3,2025,4.5,53.5,4.5,53.5,28.39076,26.02111,2.36965,54.41187,26.56,22.41,0.4973262032085561,0.5026737967914439,0.5151515151515151,0.4848484848484848,,,,,30.0,38.0,38-30,True,Pass,Pass,,,,,,,0.0,0.0,0.5,0.5,24.5,29.0,0.0,0.0,
SEA,ARI,4,2025,-1.5,43.5,-1.5,43.5,20.28827,29.521339999999995,-9.233069999999994,49.80960999999999,12.369999999999997,28.54,0.4186046511627907,0.5813953488372092,0.5496688741721855,0.4503311258278145,,,,,20.0,23.0,23-20,True,SEA ATS,Over,MEDIUM,LOW,bg-warning,bg-secondary,WIN,LOSS,5.7,2.6,0.728,0.604,22.5,21.0,0.0,0.0,
MIN,PIT,4,2025,-2.5,41.5,-2.5,41.5,34.23779999999999,16.182779999999998,18.055019999999995,50.42057999999999,36.8,5.179999999999998,0.99,0.01,0.5496688741721855,0.4503311258278145,,,,,24.0,21.0,21-24,True,PIT ATS,Over,HIGH,LOW,bg-danger,bg-secondary,WIN,WIN,25.0,2.6,1.0,0.604,22.0,19.5,0.0,0.0,
WAS,ATL,4,2025,2.5,43.5,2.5,43.5,25.7299,29.15019,-3.420289999999998,54.880089999999996,21.9,27.89,0.4694835680751174,0.5305164319248826,0.5496688741721855,0.4503311258278145,,,,,34.0,27.0,27-34,True,WAS ATS,Over,LOW,LOW,bg-secondary,bg-secondary,LOSS,WIN,0.7,2.6,0.528,0.604,20.5,23.0,0.0,0.0,
NO,BUF,4,2025,15.5,48.5,15.5,48.5,42.917,16.18278,26.73422,59.09978,52.0,5.18,0.99,0.01,0.5496688741721855,0.4503311258278145,,,,,31.0,19.0,19-31,True,BUF ATS,Over,HIGH,LOW,bg-danger,bg-secondary,LOSS,WIN,25.0,2.6,1.0,0.604,16.5,32.0,0.0,0.0,
CLE,DET,4,2025,10.0,44.5,10.0,44.5,32.55335,14.783829999999998,17.769520000000004,47.337180000000004,33.85,2.7299999999999986,0.8461538461538461,0.1538461538461538,0.4867549668874172,0.5132450331125828,,,,,34.0,10.0,10-34,True,DET ATS,Pass,HIGH,,bg-danger,,WIN,,25.0,0.0,1.0,0.5,17.25,27.25,0.0,0.0,
TEN,HOU,4,2025,7.5,39.5,7.5,39.5,18.03282,14.81238,3.2204400000000017,32.8452,8.42,2.78,0.4694835680751174,0.5305164319248826,0.3837209302325581,0.6162790697674418,,,,,26.0,0.0,0-26,True,TEN ATS,Under,LOW,HIGH,bg-secondary,bg-danger,LOSS,WIN,0.7,9.2,0.528,0.868,16.0,23.5,0.0,0.0,
CAR,NE,4,2025,5.5,42.5,5.5,42.5,22.77212,16.08571,6.686410000000002,38.85783,16.72,5.01,0.539568345323741,0.460431654676259,0.4434389140271493,0.5565610859728507,,,,,42.0,13.0,13-42,True,NE ATS,Under,LOW,MEDIUM,bg-secondary,bg-warning,WIN,LOSS,1.6,3.3,0.5640000000000001,0.632,18.5,24.0,0.0,0.0,
LAC,NYG,4,2025,-6.0,43.5,-6.0,43.5,17.29623,21.97272,-4.676489999999998,39.268950000000004,7.13,15.32,0.4694835680751174,0.5305164319248826,0.4434389140271493,0.5565610859728507,,,,,21.0,18.0,18-21,True,LAC ATS,Under,LOW,MEDIUM,bg-secondary,bg-warning,LOSS,WIN,0.7,3.3,0.528,0.632,24.75,18.75,0.0,0.0,
PHI,TB,4,2025,-3.5,44.5,-3.5,44.5,18.96926,23.46874,-4.499480000000002,42.438,10.06,17.94,0.4694835680751174,0.5305164319248826,0.4867549668874172,0.5132450331125828,,,,,25.0,31.0,31-25,True,PHI ATS,Pass,LOW,,bg-secondary,,WIN,,0.7,0.0,0.528,0.5,24.0,20.5,0.0,0.0,
IND,LA,4,2025,3.5,49.5,3.5,49.5,34.65463,35.69956,-1.0449300000000008,70.35418999999999,37.53,39.36,0.4694835680751174,0.5305164319248826,0.99,0.01,,,,,27.0,20.0,20-27,True,IND ATS,Over,LOW,HIGH,bg-secondary,bg-danger,LOSS,LOSS,0.7,25.0,0.528,1.0,23.0,26.5,0.0,0.0,
JAX,SF,4,2025,3.5,45.5,3.5,45.5,32.51909,24.46228,8.056809999999999,56.98137,33.79,19.68,0.539568345323741,0.460431654676259,0.5496688741721855,0.4503311258278145,,,,,21.0,26.0,26-21,True,SF ATS,Over,LOW,LOW,bg-secondary,bg-secondary,LOSS,WIN,1.6,2.6,0.5640000000000001,0.604,21.0,24.5,0.0,0.0,
BAL,KC,4,2025,-2.5,48.5,-2.5,48.5,23.65146,28.40789,-4.756429999999998,52.059349999999995,18.26,26.59,0.4694835680751174,0.5305164319248826,0.5496688741721855,0.4503311258278145,,,,,37.0,20.0,20-37,True,BAL ATS,Over,LOW,LOW,bg-secondary,bg-secondary,LOSS,WIN,0.7,2.6,0.528,0.604,25.5,23.0,0.0,0.0,
CHI,LV,4,2025,1.5,47.5,1.5,47.5,17.19345,20.96776,-3.77431,38.16121,6.950000000000001,13.56,0.4694835680751174,0.5305164319248826,0.3837209302325581,0.6162790697674418,,,,,24.0,25.0,25-24,True,CHI ATS,Under,LOW,HIGH,bg-secondary,bg-danger,WIN,LOSS,0.7,9.2,0.528,0.868,23.0,24.5,0.0,0.0,
GB,DAL,4,2025,-7.0,47.5,-7.0,47.5,31.21721,22.61224,8.604970000000002,53.82945,31.51,16.44,0.6785714285714286,0.3214285714285714,0.5496688741721855,0.4503311258278145,,,,,40.0,40.0,40-40,True,DAL ATS,Over,HIGH,LOW,bg-danger,bg-secondary,WIN,WIN,15.5,2.6,1.0,0.604,27.25,20.25,0.0,0.0,
NYJ,MIA,4,2025,2.5,44.5,2.5,44.5,16.0229,16.73665,-0.713750000000001,32.759550000000004,4.9,6.15,0.4694835680751174,0.5305164319248826,0.3837209302325581,0.6162790697674418,,,,,27.0,21.0,21-27,True,NYJ ATS,Under,LOW,HIGH,bg-secondary,bg-danger,LOSS,LOSS,0.7,9.2,0.528,0.868,21.0,23.5,0.0,0.0,
CIN,DEN,4,2025,7.5,44.5,7.5,44.5,28.24801,17.42756,10.820450000000001,45.67557,26.310000000000002,7.360000000000001,0.539568345323741,0.460431654676259,0.4867549668874172,0.5132450331125828,,,,,28.0,3.0,3-28,True,DEN ATS,Pass,LOW,,bg-secondary,,WIN,,1.6,0.0,0.5640000000000001,0.5,18.5,26.0,0.0,0.0,
SF,LA,5,2025,8.5,43.5,8.5,43.5,34.1236,27.671299999999995,6.452300000000008,61.7949,36.6,25.299999999999997,0.4973262032085561,0.5026737967914439,0.99,0.01,,,,,23.0,26.0,26-23,True,Pass,Over,,HIGH,,bg-danger,,WIN,0.0,25.0,0.5,1.0,17.5,26.0,0.0,0.0,
MIN,CLE,5,2025,-3.5,35.5,-3.5,35.5,15.70885,15.63462,0.07423000000000002,31.34347,4.3500000000000005,4.22,0.4973262032085561,0.5026737967914439,0.3837209302325581,0.6162790697674418,,,,,17.0,21.0,21-17,True,Pass,Under,,HIGH,,bg-danger,,LOSS,0.0,9.2,0.5,0.868,19.5,16.0,0.0,0.0,
HOU,BAL,5,2025,-2.5,41.5,-2.5,41.5,39.39393,20.71652,18.67741,60.11045,45.83,13.120000000000001,0.99,0.01,0.625,0.375,,,,,10.0,44.0,44-10,True,BAL ATS,Over,HIGH,HIGH,bg-danger,bg-danger,LOSS,WIN,25.0,10.1,1.0,0.9039999999999999,22.0,19.5,0.0,0.0,
MIA,CAR,5,2025,-1.5,44.5,-1.5,44.5,15.61749,16.1942,-0.5767099999999985,31.81169,4.19,5.2,0.4973262032085561,0.5026737967914439,0.3837209302325581,0.6162790697674418,,,,,27.0,24.0,24-27,True,Pass,Under,,HIGH,,bg-danger,,LOSS,0.0,9.2,0.5,0.868,23.0,21.5,0.0,0.0,
LV,IND,5,2025,7.0,46.5,7.0,46.5,37.42398,20.75649,16.66749,58.18047,42.38,13.19,0.6785714285714286,0.3214285714285714,0.5496688741721855,0.4503311258278145,,,,,40.0,6.0,6-40,True,IND ATS,Over,HIGH,LOW,bg-danger,bg-secondary,WIN,LOSS,15.5,2.6,1.0,0.604,19.75,26.75,0.0,0.0,
NYG,NO,5,2025,1.5,41.5,1.5,41.5,17.770159999999997,15.94867,1.8214899999999972,33.71883,7.96,4.7700000000000005,0.4973262032085561,0.5026737967914439,0.3837209302325581,0.6162790697674418,,,,,26.0,14.0,14-26,True,Pass,Under,,HIGH,,bg-danger,,WIN,0.0,9.2,0.5,0.868,20.0,21.5,0.0,0.0,
DAL,NYJ,5,2025,1.5,48.5,1.5,48.5,17.701639999999998,20.86498,-3.1633400000000016,38.56662,7.84,13.379999999999999,0.4694835680751174,0.5305164319248826,0.4434389140271493,0.5565610859728507,,,,,22.0,37.0,37-22,True,DAL ATS,Under,LOW,MEDIUM,bg-secondary,bg-warning,WIN,LOSS,0.7,3.3,0.528,0.632,23.5,25.0,0.0,0.0,
DEN,PHI,5,2025,3.5,44.5,3.5,44.5,29.3843,20.95063,8.43367,50.33493,28.299999999999997,13.53,0.539568345323741,0.460431654676259,0.5496688741721855,0.4503311258278145,,,,,17.0,21.0,21-17,True,PHI ATS,Over,LOW,LOW,bg-secondary,bg-secondary,LOSS,LOSS,1.6,2.6,0.5640000000000001,0.604,20.5,24.0,0.0,0.0,
TEN,ARI,5,2025,7.5,41.5,7.5,41.5,18.83793,15.70314,3.1347900000000006,34.54107,9.83,4.34,0.4694835680751174,0.5305164319248826,0.3837209302325581,0.6162790697674418,,,,,21.0,22.0,22-21,True,TEN ATS,Under,LOW,HIGH,bg-secondary,bg-danger,WIN,LOSS,0.7,9.2,0.528,0.868,17.0,24.5,0.0,0.0,
TB,SEA,5,2025,3.5,44.5,3.5,44.5,30.1266,28.15665,1.9699500000000008,58.283249999999995,29.6,26.15,0.4973262032085561,0.5026737967914439,0.5496688741721855,0.4503311258278145,,,,,35.0,38.0,38-35,True,Pass,Over,,LOW,,bg-secondary,,WIN,0.0,2.6,0.5,0.604,20.5,24.0,0.0,0.0,
DET,CIN,5,2025,-10.5,49.5,-10.5,49.5,15.93154,40.1191,-24.187560000000005,56.05064,4.740000000000002,47.1,0.01,0.99,0.5496688741721855,0.4503311258278145,,,,,24.0,37.0,37-24,True,DET ATS,Over,HIGH,LOW,bg-danger,bg-secondary,WIN,WIN,25.0,2.6,1.0,0.604,30.0,19.5,0.0,0.0,
WAS,LAC,5,2025,2.5,47.5,2.5,47.5,22.70931,29.82968,-7.120370000000001,52.53899,16.61,29.08,0.4186046511627907,0.5813953488372092,0.5496688741721855,0.4503311258278145,,,,,10.0,27.0,27-10,True,WAS ATS,Over,MEDIUM,LOW,bg-warning,bg-secondary,WIN,LOSS,5.7,2.6,0.728,0.604,22.5,25.0,0.0,0.0,
NE,BUF,5,2025,7.5,49.5,7.5,49.5,34.58611,24.54793,10.038179999999997,59.13404,37.41,19.830000000000002,0.539568345323741,0.460431654676259,0.5496688741721855,0.4503311258278145,,,,,20.0,23.0,23-20,True,BUF ATS,Over,LOW,LOW,bg-secondary,bg-secondary,LOSS,LOSS,1.6,2.6,0.5640000000000001,0.604,21.0,28.5,0.0,0.0,
KC,JAX,5,2025,-3.5,45.5,-3.5,45.5,21.90991,29.87536,-7.965450000000001,51.78527,15.209999999999999,29.159999999999997,0.4694835680751174,0.5305164319248826,0.5496688741721855,0.4503311258278145,,,,,31.0,28.0,28-31,True,KC ATS,Over,LOW,LOW,bg-secondary,bg-secondary,LOSS,WIN,0.7,2.6,0.528,0.604,24.5,21.0,0.0,0.0,
PHI,NYG,6,2025,-7.0,40.5,-7.0,40.5,17.34762,22.75499,-5.40737,40.10261,7.22,16.69,0.4694835680751174,0.5305164319248826,0.4434389140271493,0.5565610859728507,,,,,34.0,17.0,17-34,True,PHI ATS,Under,LOW,MEDIUM,bg-secondary,bg-warning,LOSS,LOSS,0.7,3.3,0.528,0.632,23.75,16.75,0.0,0.0,
DEN,NYJ,6,2025,-7.5,43.5,-7.5,43.5,22.61795,16.1371,6.48085,38.75505,16.45,5.1000000000000005,0.6785714285714286,0.3214285714285714,0.4434389140271493,0.5565610859728507,,,,,11.0,13.0,13-11,True,NYJ ATS,Under,HIGH,MEDIUM,bg-danger,bg-warning,WIN,WIN,15.5,3.3,1.0,0.632,25.5,18.0,0.0,0.0,
LA,BAL,6,2025,-7.0,43.5,-7.0,43.5,28.61916,24.36521,4.25395,52.98437,26.96,19.509999999999998,0.539568345323741,0.460431654676259,0.5496688741721855,0.4503311258278145,,,,,3.0,17.0,17-3,True,BAL ATS,Over,LOW,LOW,bg-secondary,bg-secondary,LOSS,LOSS,1.6,2.6,0.5640000000000001,0.604,25.25,18.25,0.0,0.0,
DAL,CAR,6,2025,-3.0,47.5,-3.0,47.5,17.65025,28.25372,-10.603470000000002,45.90397,7.75,26.32,0.4186046511627907,0.5813953488372092,0.4867549668874172,0.5132450331125828,,,,,30.0,27.0,27-30,True,DAL ATS,Pass,MEDIUM,,bg-warning,,LOSS,,5.7,0.0,0.728,0.5,25.25,22.25,0.0,0.0,
ARI,IND,6,2025,8.5,46.5,8.5,46.5,37.70947999999999,23.06333,14.646149999999992,60.77280999999999,42.879999999999995,17.23,0.539568345323741,0.460431654676259,0.625,0.375,,,,,31.0,27.0,27-31,True,IND ATS,Over,LOW,HIGH,bg-secondary,bg-danger,LOSS,WIN,1.6,10.1,0.5640000000000001,0.9039999999999999,19.0,27.5,0.0,0.0,
SEA,JAX,6,2025,-1.5,47.5,-1.5,47.5,25.14748,28.50496,-3.357479999999999,53.65244,20.88,26.76,0.4694835680751174,0.5305164319248826,0.5496688741721855,0.4503311258278145,,,,,12.0,20.0,20-12,True,SEA ATS,Over,LOW,LOW,bg-secondary,bg-secondary,WIN,LOSS,0.7,2.6,0.528,0.604,24.5,23.0,0.0,0.0,
LAC,MIA,6,2025,-3.5,45.5,-3.5,45.5,17.46753,17.49608,-0.028549999999999187,34.96361,7.43,7.48,0.4973262032085561,0.5026737967914439,0.3837209302325581,0.6162790697674418,,,,,27.0,29.0,29-27,True,Pass,Under,,HIGH,,bg-danger,,LOSS,0.0,9.2,0.5,0.868,24.5,21.0,0.0,0.0,
NE,NO,6,2025,-3.5,46.5,-3.5,46.5,18.48391,26.43794,-7.9540299999999995,44.921850000000006,9.21,23.14,0.4186046511627907,0.5813953488372092,0.4867549668874172,0.5132450331125828,,,,,19.0,25.0,25-19,True,NE ATS,Pass,MEDIUM,,bg-warning,,WIN,,5.7,0.0,0.728,0.5,25.0,21.5,0.0,0.0,
CLE,PIT,6,2025,5.5,37.5,5.5,37.5,24.69068,14.94371,9.746970000000001,39.634389999999996,20.08,3.01,0.539568345323741,0.460431654676259,0.4867549668874172,0.5132450331125828,,,,,23.0,9.0,9-23,True,PIT ATS,Pass,LOW,,bg-secondary,,WIN,,1.6,0.0,0.5640000000000001,0.5,16.0,21.5,0.0,0.0,
TEN,LV,6,2025,3.5,41.5,3.5,41.5,19.74582,16.41689,3.3289299999999997,36.16271,11.420000000000002,5.590000000000001,0.4973262032085561,0.5026737967914439,0.4434389140271493,0.5565610859728507,,,,,20.0,10.0,10-20,True,Pass,Under,,MEDIUM,,bg-warning,,WIN,0.0,3.3,0.5,0.632,19.0,22.5,0.0,0.0,
CIN,GB,6,2025,14.0,44.5,14.0,44.5,36.4076,15.8516,20.556000000000004,52.2592,40.6,4.600000000000001,0.8461538461538461,0.1538461538461538,0.5496688741721855,0.4503311258278145,,,,,27.0,18.0,18-27,True,GB ATS,Over,HIGH,LOW,bg-danger,bg-secondary,LOSS,WIN,25.0,2.6,1.0,0.604,15.25,29.25,0.0,0.0,
SF,TB,6,2025,3.5,46.5,3.5,46.5,28.31082,25.58144,2.729379999999999,53.89226,26.42,21.64,0.4973262032085561,0.5026737967914439,0.5496688741721855,0.4503311258278145,,,,,30.0,19.0,19-30,True,Pass,Over,,LOW,,bg-secondary,,WIN,0.0,2.6,0.5,0.604,21.5,25.0,0.0,0.0,
DET,KC,6,2025,2.5,51.5,2.5,51.5,24.856269999999995,24.86769,-0.011420000000004649,49.72395999999999,20.369999999999997,20.39,0.4694835680751174,0.5305164319248826,0.4867549668874172,0.5132450331125828,,,,,30.0,17.0,17-30,True,DET ATS,Pass,LOW,,bg-secondary,,LOSS,,0.7,0.0,0.528,0.5,24.5,27.0,0.0,0.0,
BUF,ATL,6,2025,-3.5,49.5,-3.5,49.5,24.25672,38.34329,-14.086570000000002,62.600010000000005,19.32,43.99,0.4186046511627907,0.5813953488372092,0.625,0.375,,,,,24.0,14.0,14-24,True,BUF ATS,Over,MEDIUM,HIGH,bg-warning,bg-danger,LOSS,LOSS,5.7,10.1,0.728,0.9039999999999999,26.5,23.0,0.0,0.0,
CHI,WAS,6,2025,5.5,49.5,5.5,49.5,23.61149,20.31111,3.3003800000000005,43.9226,18.19,12.41,0.4973262032085561,0.5026737967914439,0.4434389140271493,0.5565610859728507,,,,,24.0,25.0,25-24,True,Pass,Under,,MEDIUM,,bg-warning,,WIN,0.0,3.3,0.5,0.632,22.0,27.5,0.0,0.0,
PIT,CIN,7,2025,-5.5,45.5,-5.5,45.5,16.262719999999998,24.8734,-8.610680000000002,41.13612,5.319999999999999,20.4,0.4186046511627907,0.5813953488372092,0.4434389140271493,0.5565610859728507,,,,,33.0,31.0,31-33,True,PIT ATS,Under,MEDIUM,MEDIUM,bg-warning,bg-warning,LOSS,LOSS,5.7,3.3,0.728,0.632,25.5,20.0,0.0,0.0,
LA,JAX,7,2025,-3.0,44.5,-3.0,44.5,20.92779,27.11743,-6.189639999999997,48.04522,13.49,24.33,0.4694835680751174,0.5305164319248826,0.4867549668874172,0.5132450331125828,,,,,7.0,35.0,35-7,True,LA ATS,Pass,LOW,,bg-secondary,,WIN,,0.7,0.0,0.528,0.5,23.75,20.75,0.0,0.0,
NO,CHI,7,2025,4.5,43.5,4.5,43.5,17.54176,16.959339999999997,0.5824200000000026,34.501099999999994,7.56,6.54,0.4694835680751174,0.5305164319248826,0.3837209302325581,0.6162790697674418,,,,,26.0,14.0,14-26,True,NO ATS,Under,LOW,HIGH,bg-secondary,bg-danger,LOSS,WIN,0.7,9.2,0.528,0.868,19.5,24.0,0.0,0.0,
MIA,CLE,7,2025,2.5,34.5,2.5,34.5,15.21208,15.13214,0.07994000000000057,30.34422,3.48,3.3400000000000003,0.4694835680751174,0.5305164319248826,0.3837209302325581,0.6162790697674418,,,,,31.0,6.0,6-31,True,MIA ATS,Under,LOW,HIGH,bg-secondary,bg-danger,LOSS,LOSS,0.7,9.2,0.528,0.868,16.0,18.5,0.0,0.0,
LV,KC,7,2025,13.5,44.5,13.5,44.5,36.64171,15.503289999999998,21.138420000000004,52.145,41.010000000000005,3.9899999999999984,0.8461538461538461,0.1538461538461538,0.5496688741721855,0.4503311258278145,,,,,31.0,0.0,0-31,True,KC ATS,Over,HIGH,LOW,bg-danger,bg-secondary,WIN,LOSS,25.0,2.6,1.0,0.604,15.5,29.0,0.0,0.0,
PHI,MIN,7,2025,-2.5,43.5,-2.5,43.5,20.72794,36.33337,-15.605430000000002,57.061310000000006,13.14,40.47,0.4186046511627907,0.5813953488372092,0.5496688741721855,0.4503311258278145,,,,,22.0,28.0,28-22,True,PHI ATS,Over,MEDIUM,LOW,bg-warning,bg-secondary,WIN,WIN,5.7,2.6,0.728,0.604,23.0,20.5,0.0,0.0,
CAR,NYJ,7,2025,1.5,39.5,1.5,39.5,16.50825,15.708849999999998,0.7994000000000021,32.2171,5.75,4.35,0.4973262032085561,0.5026737967914439,0.3837209302325581,0.6162790697674418,,,,,6.0,13.0,13-6,True,Pass,Under,,HIGH,,bg-danger,,WIN,0.0,9.2,0.5,0.868,19.0,20.5,0.0,0.0,
NE,TEN,7,2025,-6.5,40.5,-6.5,40.5,16.20562,26.51217,-10.306550000000001,42.71779,5.219999999999999,23.27,0.4186046511627907,0.5813953488372092,0.4867549668874172,0.5132450331125828,,,,,13.0,31.0,31-13,True,NE ATS,Pass,MEDIUM,,bg-warning,,WIN,,5.7,0.0,0.728,0.5,23.5,17.0,0.0,0.0,
NYG,DEN,7,2025,7.5,39.5,7.5,39.5,19.47174,21.68722,-2.2154799999999994,41.15896,10.940000000000001,14.82,0.4186046511627907,0.5813953488372092,0.4867549668874172,0.5132450331125828,,,,,33.0,32.0,32-33,True,NYG ATS,Pass,MEDIUM,,bg-warning,,WIN,,5.7,0.0,0.728,0.5,16.0,23.5,0.0,0.0,
IND,LAC,7,2025,2.5,48.5,2.5,48.5,29.68693,37.17274,-7.485809999999997,66.85967,28.83,41.94,0.4186046511627907,0.5813953488372092,0.99,0.01,,,,,24.0,38.0,38-24,True,IND ATS,Over,MEDIUM,HIGH,bg-warning,bg-danger,WIN,WIN,5.7,25.0,0.728,1.0,23.0,25.5,0.0,0.0,
GB,ARI,7,2025,-7.0,44.5,-7.0,44.5,21.56731,29.44711,-7.8797999999999995,51.01442,14.610000000000001,28.410000000000004,0.4694835680751174,0.5305164319248826,0.5496688741721855,0.4503311258278145,,,,,23.0,27.0,27-23,True,GB ATS,Over,LOW,LOW,bg-secondary,bg-secondary,LOSS,WIN,0.7,2.6,0.528,0.604,25.75,18.75,0.0,0.0,
WAS,DAL,7,2025,1.5,54.5,1.5,54.5,28.53922,20.84214,7.69708,49.38136,26.82,13.339999999999998,0.539568345323741,0.460431654676259,0.4867549668874172,0.5132450331125828,,,,,44.0,22.0,22-44,True,DAL ATS,Pass,LOW,,bg-secondary,,WIN,,1.6,0.0,0.5640000000000001,0.5,26.5,28.0,0.0,0.0,
ATL,SF,7,2025,1.5,46.5,1.5,46.5,30.07521,22.06979,8.005419999999997,52.144999999999996,29.509999999999998,15.49,0.539568345323741,0.460431654676259,0.5496688741721855,0.4503311258278145,,,,,20.0,10.0,10-20,True,SF ATS,Over,LOW,LOW,bg-secondary,bg-secondary,WIN,LOSS,1.6,2.6,0.5640000000000001,0.604,22.5,24.0,0.0,0.0,
TB,DET,7,2025,6.0,54.5,6.0,54.5,35.67672,19.91141,15.765310000000003,55.58813000000001,39.32,11.71,0.6785714285714286,0.3214285714285714,0.5151515151515151,0.4848484848484848,,,,,24.0,9.0,9-24,True,DET ATS,Pass,HIGH,,bg-danger,,WIN,,15.5,0.0,1.0,0.5,24.25,30.25,0.0,0.0,
HOU,SEA,7,2025,3.0,41.5,3.0,41.5,32.02232,19.14627,12.87605,51.16859,32.92,10.37,0.6785714285714286,0.3214285714285714,0.5496688741721855,0.4503311258278145,,,,,27.0,19.0,19-27,True,SEA ATS,Over,HIGH,LOW,bg-danger,bg-secondary,WIN,WIN,15.5,2.6,1.0,0.604,19.25,22.25,0.0,0.0,
MIN,LAC,8,2025,3.0,45.5,3.0,45.5,31.63975,16.742359999999998,14.897390000000001,48.38211,32.25,6.159999999999998,0.8461538461538461,0.1538461538461538,0.4867549668874172,0.5132450331125828,,,,,37.0,10.0,10-37,True,LAC ATS,Pass,HIGH,,bg-danger,,WIN,,25.0,0.0,1.0,0.5,21.25,24.25,0.0,0.0,
MIA,ATL,8,2025,7.0,44.5,7.0,44.5,17.15348,23.3317,-6.178220000000003,40.48518,6.879999999999999,17.7,0.4186046511627907,0.5813953488372092,0.4434389140271493,0.5565610859728507,,,,,10.0,34.0,34-10,True,MIA ATS,Under,MEDIUM,MEDIUM,bg-warning,bg-warning,WIN,WIN,5.7,3.3,0.728,0.632,18.75,25.75,0.0,0.0,
CHI,BAL,8,2025,2.5,45.5,2.5,45.5,29.05883,19.59165,9.467179999999999,48.65048,27.73,11.150000000000002,0.539568345323741,0.460431654676259,0.4867549668874172,0.5132450331125828,,,,,30.0,16.0,16-30,True,BAL ATS,Pass,LOW,,bg-secondary,,WIN,,1.6,0.0,0.5640000000000001,0.5,21.5,24.0,0.0,0.0,
BUF,CAR,8,2025,-7.0,47.5,-7.0,47.5,19.18624,34.38626,-15.200019999999999,53.572500000000005,10.44,37.06,0.4186046511627907,0.5813953488372092,0.5496688741721855,0.4503311258278145,,,,,9.0,40.0,40-9,True,BUF ATS,Over,MEDIUM,LOW,bg-warning,bg-secondary,WIN,WIN,5.7,2.6,0.728,0.604,27.25,20.25,0.0,0.0,
NYJ,CIN,8,2025,5.5,43.5,5.5,43.5,15.74311,20.85927,-5.116159999999999,36.60238,4.41,13.370000000000001,0.4186046511627907,0.5813953488372092,0.3837209302325581,0.6162790697674418,,,,,38.0,39.0,39-38,True,NYJ ATS,Under,MEDIUM,HIGH,bg-warning,bg-danger,WIN,LOSS,5.7,9.2,0.728,0.868,19.0,24.5,0.0,0.0,
SF,HOU,8,2025,2.5,41.5,2.5,41.5,22.14402,27.64275,-5.498729999999998,49.786770000000004,15.619999999999997,25.25,0.4186046511627907,0.5813953488372092,0.5496688741721855,0.4503311258278145,,,,,26.0,15.0,15-26,True,SF ATS,Over,MEDIUM,LOW,bg-warning,bg-secondary,LOSS,LOSS,5.7,2.6,0.728,0.604,19.5,22.0,0.0,0.0,
CLE,NE,8,2025,7.0,40.5,7.0,40.5,27.43719,15.20637,12.230820000000001,42.64356,24.89,3.469999999999999,0.6785714285714286,0.3214285714285714,0.4867549668874172,0.5132450331125828,,,,,32.0,13.0,13-32,True,NE ATS,Pass,HIGH,,bg-danger,,WIN,,15.5,0.0,1.0,0.5,16.75,23.75,0.0,0.0,
NYG,PHI,8,2025,7.0,43.5,7.0,43.5,26.26093,18.0214,8.239529999999998,44.28233,22.83,8.4,0.539568345323741,0.460431654676259,0.4867549668874172,0.5132450331125828,,,,,38.0,20.0,20-38,True,PHI ATS,Pass,LOW,,bg-secondary,,WIN,,1.6,0.0,0.5640000000000001,0.5,18.25,25.25,0.0,0.0,
TB,NO,8,2025,-4.5,46.5,-4.5,46.5,16.26843,19.07775,-2.809320000000003,35.346180000000004,5.33,10.25,0.4973262032085561,0.5026737967914439,0.3837209302325581,0.6162790697674418,,,,,3.0,23.0,23-3,True,Pass,Under,,HIGH,,bg-danger,,WIN,0.0,9.2,0.5,0.868,25.5,21.0,0.0,0.0,
DAL,DEN,8,2025,3.5,51.5,3.5,51.5,19.75724,31.94238,-12.18514,51.699619999999996,11.44,32.78,0.4186046511627907,0.5813953488372092,0.4867549668874172,0.5132450331125828,,,,,44.0,24.0,24-44,True,DAL ATS,Pass,MEDIUM,,bg-warning,,LOSS,,5.7,0.0,0.728,0.5,24.0,27.5,0.0,0.0,
TEN,IND,8,2025,15.5,47.5,15.5,47.5,38.92,17.38759,21.532410000000002,56.307590000000005,45.0,7.289999999999999,0.8461538461538461,0.1538461538461538,0.5496688741721855,0.4503311258278145,,,,,38.0,14.0,14-38,True,IND ATS,Over,HIGH,LOW,bg-danger,bg-secondary,WIN,WIN,25.0,2.6,1.0,0.604,16.0,31.5,0.0,0.0,
GB,PIT,8,2025,-3.0,46.5,-3.0,46.5,25.39872,26.8719,-1.4731799999999993,52.27062,21.32,23.9,0.4973262032085561,0.5026737967914439,0.5496688741721855,0.4503311258278145,,,,,25.0,35.0,35-25,True,Pass,Over,,LOW,,bg-secondary,,WIN,0.0,2.6,0.5,0.604,24.75,21.75,0.0,0.0,
WAS,KC,8,2025,10.5,48.5,10.5,48.5,28.9846,24.14252,4.842079999999999,53.127120000000005,27.6,19.119999999999997,0.4694835680751174,0.5305164319248826,0.5496688741721855,0.4503311258278145,,,,,28.0,7.0,7-28,True,WAS ATS,Over,LOW,LOW,bg-secondary,bg-secondary,LOSS,LOSS,0.7,2.6,0.528,0.604,19.0,29.5,0.0,0.0,
BAL,MIA,9,2025,-7.5,51.5,-7.5,51.5,15.9087,23.80563,-7.896930000000001,39.714330000000004,4.7,18.53,0.4285714285714285,0.5714285714285714,0.4019430351276273,0.5980569648723726,,,,,,,,False,BAL ATS,Under,MEDIUM,HIGH,bg-warning,bg-danger,,,4.7,7.4,0.688,0.796,29.5,22.0,0.0,0.0,
CHI,CIN,9,2025,-2.5,51.0,-2.5,51.0,15.54326,20.09984,-4.55658,35.643100000000004,4.0600000000000005,12.040000000000001,0.4285714285714285,0.5714285714285714,0.3529411764705882,0.6470588235294117,,,,,,,,False,CHI ATS,Under,MEDIUM,HIGH,bg-warning,bg-danger,,,4.7,12.3,0.688,0.992,26.75,24.25,0.0,0.0,
MIN,DET,9,2025,8.5,48.5,8.5,48.5,39.71939999999999,17.14206,22.577339999999992,56.861459999999994,46.4,6.859999999999999,0.75,0.25,0.5909090909090909,0.409090909090909,,,,,,,,False,DET ATS,Over,HIGH,HIGH,bg-danger,bg-danger,,,22.6,6.7,1.0,0.768,20.0,28.5,0.0,0.0,
CAR,GB,9,2025,13.0,44.0,13.0,44.0,26.48362,20.20833,6.275289999999998,46.69195,23.220000000000002,12.23,0.5185185185185185,0.4814814814814815,0.5294117647058824,0.4705882352941176,,,,,,,,False,Pass,Over,,LOW,,bg-secondary,,,0.0,0.5,0.5,0.52,15.5,28.5,0.0,0.0,
DEN,HOU,9,2025,1.5,40.0,1.5,40.0,22.10405,28.779039999999995,-6.674989999999994,50.883089999999996,15.55,27.24,0.4285714285714285,0.5714285714285714,0.5909090909090909,0.409090909090909,,,,,,,,False,DEN ATS,Over,MEDIUM,HIGH,bg-warning,bg-danger,,,4.7,6.7,0.688,0.768,19.25,20.75,0.0,0.0,
ATL,NE,9,2025,5.0,45.0,5.0,45.0,30.94884,18.71231,12.236530000000002,49.66115,31.04,9.61,0.7,0.3,0.5294117647058824,0.4705882352941176,,,,,,,,False,NE ATS,Over,HIGH,LOW,bg-danger,bg-secondary,,,17.6,0.5,1.0,0.52,20.0,25.0,0.0,0.0,
SF,NYG,9,2025,-2.5,48.5,-2.5,48.5,18.74086,22.34958,-3.608719999999998,41.09044,9.66,15.98,0.5185185185185185,0.4814814814814815,0.5294117647058824,0.4705882352941176,,,,,,,,False,Pass,Over,,LOW,,bg-secondary,,,0.0,0.5,0.5,0.52,25.5,23.0,0.0,0.0,
IND,PIT,9,2025,-3.0,50.5,-3.0,50.5,26.56927,29.92104,-3.351770000000002,56.49031,23.37,29.24,0.5185185185185185,0.4814814814814815,0.5909090909090909,0.409090909090909,,,,,,,,False,Pass,Over,,HIGH,,bg-danger,,,0.0,6.7,0.5,0.768,26.75,23.75,0.0,0.0,
LAC,TEN,9,2025,-9.5,43.5,-9.5,43.5,15.59465,18.62666,-3.0320100000000014,34.22131,4.15,9.459999999999999,0.6428571428571429,0.3571428571428571,0.3529411764705882,0.6470588235294117,,,,,,,,False,TEN ATS,Under,HIGH,HIGH,bg-danger,bg-danger,,,11.9,12.3,0.976,0.992,26.5,17.0,0.0,0.0,
NO,LA,9,2025,14.0,43.5,14.0,43.5,27.60278,18.15273,9.450050000000001,45.75551,25.18,8.63,0.6428571428571429,0.3571428571428571,0.5294117647058824,0.4705882352941176,,,,,,,,False,LA ATS,Over,HIGH,LOW,bg-danger,bg-secondary,,,11.9,0.5,0.976,0.52,14.75,28.75,0.0,0.0,
JAX,LV,9,2025,-2.5,44.0,-2.5,44.0,17.46753,25.24455,-7.77702,42.71208,7.430000000000001,21.05,0.4285714285714285,0.5714285714285714,0.5294117647058824,0.4705882352941176,,,,,,,,False,JAX ATS,Over,MEDIUM,LOW,bg-warning,bg-secondary,,,4.7,0.5,0.688,0.52,23.25,20.75,0.0,0.0,
KC,BUF,9,2025,-1.5,52.5,-1.5,52.5,31.82818,26.61495,5.213229999999999,58.44313,32.58,23.45,0.6428571428571429,0.3571428571428571,0.5909090909090909,0.409090909090909,,,,,,,,False,BUF ATS,Over,HIGH,HIGH,bg-danger,bg-danger,,,11.9,6.7,0.976,0.768,27.0,25.5,0.0,0.0,
SEA,WAS,9,2025,-3.0,48.0,-3.0,48.0,27.45432,20.91066,6.543659999999999,48.36498,24.92,13.46,0.7,0.3,0.5294117647058824,0.4705882352941176,,,,,,,,False,WAS ATS,Over,HIGH,LOW,bg-danger,bg-secondary,,,17.6,0.5,1.0,0.52,25.5,22.5,0.0,0.0,
ARI,DAL,9,2025,3.0,53.5,3.0,53.5,36.3505,17.707349999999998,18.64315,54.057849999999995,40.5,7.850000000000001,0.75,0.25,0.5294117647058824,0.4705882352941176,,,,,,,,False,DAL ATS,Over,HIGH,LOW,bg-danger,bg-secondary,,,22.6,0.5,1.0,0.52,25.25,28.25,0.0,0.0,
LV,DEN,10,2025,9.5,42.5,9.5,42.5,26.70631,18.5924,8.113909999999997,45.29871,23.61,9.399999999999999,0.6428571428571429,0.3571428571428571,0.5294117647058824,0.4705882352941176,,,,,,,,False,DEN ATS,Over,HIGH,LOW,bg-danger,bg-secondary,,,11.9,0.5,0.976,0.52,16.5,26.0,0.0,0.0,
ATL,IND,10,2025,7.0,48.5,7.0,48.5,35.808049999999994,23.71427,12.093779999999995,59.52231999999999,39.55,18.37,0.6428571428571429,0.3571428571428571,0.7441093906511771,0.2558906093488229,,,,,,,,False,IND ATS,Over,HIGH,HIGH,bg-danger,bg-danger,,,11.9,22.0,0.976,1.0,20.75,27.75,0.0,0.0,
NO,CAR,10,2025,3.5,40.5,3.5,40.5,18.0214,16.83943,1.1819699999999997,34.86083,8.4,6.33,0.5185185185185185,0.4814814814814815,0.4545454545454545,0.5454545454545454,,,,,,,,False,Pass,Under,,LOW,,bg-secondary,,,0.0,2.1,0.5,0.584,18.5,22.0,0.0,0.0,
NYG,CHI,10,2025,3.0,46.5,3.0,46.5,19.06062,17.30765,1.7529700000000012,36.368269999999995,10.22,7.15,0.5185185185185185,0.4814814814814815,0.3529411764705882,0.6470588235294117,,,,,,,,False,Pass,Under,,HIGH,,bg-danger,,,0.0,12.3,0.5,0.992,21.75,24.75,0.0,0.0,
JAX,HOU,10,2025,3.0,41.5,3.0,41.5,19.83147,26.51217,-6.680700000000002,46.34364,11.570000000000002,23.270000000000003,0.2857142857142857,0.7142857142857143,0.5294117647058824,0.4705882352941176,,,,,,,,False,JAX ATS,Over,HIGH,LOW,bg-danger,bg-secondary,,,19.0,0.5,1.0,0.52,19.25,22.25,0.0,0.0,
BUF,MIA,10,2025,-8.5,48.5,-8.5,48.5,17.610279999999996,27.671299999999995,-10.06102,45.28157999999999,7.679999999999998,25.299999999999997,0.4285714285714285,0.5714285714285714,0.5294117647058824,0.4705882352941176,,,,,,,,False,BUF ATS,Over,MEDIUM,LOW,bg-warning,bg-secondary,,,4.7,0.5,0.688,0.52,28.5,20.0,0.0,0.0,
BAL,MIN,10,2025,-4.5,46.5,-4.5,46.5,16.94792,35.04862,-18.1007,51.996539999999996,6.520000000000001,38.22,0.01,0.99,0.5294117647058824,0.4705882352941176,,,,,,,,False,BAL ATS,Over,HIGH,LOW,bg-danger,bg-secondary,,,25.0,0.5,1.0,0.52,25.5,21.0,0.0,0.0,
CLE,NYJ,10,2025,1.5,38.5,1.5,38.5,17.65596,14.73815,2.917810000000001,32.39411,7.76,2.65,0.6428571428571429,0.3571428571428571,0.3529411764705882,0.6470588235294117,,,,,,,,False,NYJ ATS,Under,HIGH,HIGH,bg-danger,bg-danger,,,11.9,12.3,0.976,0.992,18.5,20.0,0.0,0.0,
NE,TB,10,2025,2.5,48.0,2.5,48.0,19.9057,27.34583,-7.44013,47.25153,11.7,24.73,0.2046745804541796,0.7953254195458204,0.5294117647058824,0.4705882352941176,,,,,,,,False,NE ATS,Over,HIGH,LOW,bg-danger,bg-secondary,,,25.0,0.5,1.0,0.52,22.75,25.25,0.0,0.0,
ARI,SEA,10,2025,6.0,44.5,6.0,44.5,29.784,21.15619,8.62781,50.94019,29.0,13.89,0.6428571428571429,0.3571428571428571,0.5294117647058824,0.4705882352941176,,,,,,,,False,SEA ATS,Over,HIGH,LOW,bg-danger,bg-secondary,,,11.9,0.5,0.976,0.52,19.25,25.25,0.0,0.0,
LA,SF,10,2025,-3.0,48.5,-3.0,48.5,26.76912,25.51292,1.2561999999999998,52.28204,23.720000000000002,21.52,0.6428571428571429,0.3571428571428571,0.5294117647058824,0.4705882352941176,,,,,,,,False,SF ATS,Over,HIGH,LOW,bg-danger,bg-secondary,,,11.9,0.5,0.976,0.52,25.75,22.75,0.0,0.0,
DET,WAS,10,2025,-3.5,51.5,-3.5,51.5,23.79992,24.68497,-0.8850499999999997,48.48489,18.520000000000003,20.07,0.6428571428571429,0.3571428571428571,0.5294117647058824,0.4705882352941176,,,,,,,,False,WAS ATS,Over,HIGH,LOW,bg-danger,bg-secondary,,,11.9,0.5,0.976,0.52,27.5,24.0,0.0,0.0,
PIT,LAC,10,2025,4.5,46.5,4.5,46.5,19.97993,26.03824,-6.058309999999999,46.01817,11.830000000000002,22.44,0.25,0.75,0.5294117647058824,0.4705882352941176,,,,,,,,False,PIT ATS,Over,HIGH,LOW,bg-danger,bg-secondary,,,22.6,0.5,1.0,0.52,21.0,25.5,0.0,0.0,
PHI,GB,10,2025,3.0,45.0,3.0,45.0,26.31803,25.5586,0.7594300000000018,51.87663,22.93,21.6,0.5185185185185185,0.4814814814814815,0.5714285714285714,0.4285714285714286,,,,,,,,False,Pass,Over,,MEDIUM,,bg-warning,,,0.0,4.7,0.5,0.688,21.0,24.0,0.0,0.0,
