game_id,season,week,away,home,ol_pass_stress_away,ol_pass_stress_home,ol_chaos_index_away,ol_chaos_index_home,stress_diff,away_ol_continuity_full,home_ol_continuity_full,away_ol_continuity_count,home_ol_continuity_count,away_center_missing,home_center_missing,away_left_tackle_missing,home_left_tackle_missing,stress_z_score,spread_open,spread_close,total_open,total_close,away_score,home_score,margin,total,spread_movement,total_movement,implied_away_win_prob,stress_differential,chaos_differential,away_ol_disrupted,home_ol_disrupted,away_key_missing,home_key_missing,week_early,week_mid,week_late,predicted_spread_close,predicted_total_close,spread_clv,total_clv,bet_spread,bet_total,spread_bet_side,total_bet_side,spread_result,total_result
2025_01_DAL_PHI,2025,1,DAL,PHI,-4.163336342344337e-17,-2.775557561562892e-17,1,1,-1.3877787807814457e-17,0,0,0,0,0,0,0,0,-0.3175662286939411,8.5,8.5,47.5,47.5,20.0,24.0,-4.0,44.0,0.0,0.0,0.8933094060543487,-1.387778780781445e-17,0,1,1,0,0,1,0,0,7.906976,47.343636,0.0,0.0,False,False,HOME,UNDER,WIN,WIN
2025_01_KC_LAC,2025,1,KC,LAC,-5.551115123125783e-17,-2.775557561562892e-17,1,1,-2.775557561562892e-17,0,0,0,0,0,0,0,0,-0.6475601116331906,-3.0,-3.0,47.5,47.5,21.0,27.0,-6.0,48.0,0.0,0.0,0.320821300824607,-2.7755575615628907e-17,0,1,1,0,0,1,0,0,-2.8488517,47.09551,0.0,0.0,False,False,AWAY,UNDER,LOSS,LOSS
2025_01_TB_ATL,2025,1,TB,ATL,-2.775557561562892e-17,-1.3877787807814457e-17,1,1,-1.3877787807814457e-17,0,0,0,0,0,0,0,0,-0.3175662286939411,-1.5,-1.5,47.5,47.5,23.0,20.0,3.0,43.0,0.0,0.0,0.40733340004593027,-1.3877787807814463e-17,0,1,1,0,0,1,0,0,-1.2929249,47.434635,0.0,0.0,False,False,AWAY,UNDER,WIN,WIN
2025_01_CIN_CLE,2025,1,CIN,CLE,0.0,0.0,1,1,0.0,0,0,0,0,0,0,0,0,0.0124276542453082,-5.5,-5.5,47.5,47.5,17.0,16.0,1.0,33.0,0.0,0.0,0.20181322226037884,0.0,0,1,1,0,0,1,0,0,-5.2821116,47.30878,0.0,0.0,False,False,AWAY,UNDER,WIN,WIN
2025_01_MIA_IND,2025,1,MIA,IND,-5.551115123125783e-17,-6.938893903907227e-17,1,1,1.3877787807814457e-17,0,0,0,0,0,0,0,0,0.3424215371845577,1.5,1.5,47.5,47.5,8.0,33.0,-25.0,41.0,0.0,0.0,0.5926665999540697,1.3877787807814444e-17,0,1,1,0,0,1,0,0,1.5800523,47.31084,0.0,0.0,False,False,AWAY,UNDER,LOSS,WIN
2025_01_CAR_JAX,2025,1,CAR,JAX,-2.775557561562892e-17,-3.469446951953614e-18,1,1,-2.4286128663675302e-17,0,0,0,0,0,0,0,0,-0.5650616408983782,4.5,4.5,45.5,45.5,10.0,26.0,-16.0,36.0,0.0,0.0,0.7549149868676283,-2.4286128663675305e-17,0,1,1,0,0,1,0,0,4.627703,45.66246,0.0,0.0,False,False,AWAY,OVER,LOSS,LOSS
2025_01_LV_NE,2025,1,LV,NE,0.0,-2.775557561562892e-17,1,1,2.775557561562892e-17,0,0,0,0,0,0,0,0,0.6724154201238071,2.5,2.5,44.5,44.5,20.0,13.0,7.0,33.0,0.0,0.0,0.6513548646660542,2.775557561562892e-17,0,1,1,0,0,1,0,0,2.5791414,44.211155,0.0,0.0,False,False,AWAY,UNDER,WIN,WIN
2025_01_ARI_NO,2025,1,ARI,NO,-2.775557561562892e-17,-6.938893903907228e-18,1,1,-2.0816681711721685e-17,0,0,0,0,0,0,0,0,-0.4825631701635658,-6.0,-6.0,44.5,44.5,20.0,13.0,7.0,33.0,0.0,0.0,0.18242552380635635,-2.081668171172169e-17,0,1,1,0,0,1,0,0,-5.7394147,44.414524,0.0,0.0,False,False,AWAY,UNDER,WIN,WIN
2025_01_PIT_NYJ,2025,1,PIT,NYJ,0.0,0.0,1,1,0.0,0,0,0,0,0,0,0,0,0.0124276542453082,-3.0,-3.0,37.5,37.5,34.0,32.0,2.0,66.0,0.0,0.0,0.320821300824607,0.0,0,1,1,0,0,1,0,0,-2.869812,37.795876,0.0,0.0,False,False,AWAY,OVER,WIN,WIN
2025_01_NYG_WAS,2025,1,NYG,WAS,-2.775557561562892e-17,-8.326672684688674e-17,1,1,5.551115123125783e-17,0,0,0,0,0,0,0,0,1.332403186002306,6.0,6.0,45.5,45.5,6.0,21.0,-15.0,27.0,0.0,0.0,0.8175744761936437,5.551115123125782e-17,0,1,1,0,0,1,0,0,6.0304675,45.487602,0.0,0.0,False,False,AWAY,UNDER,LOSS,WIN
2025_01_TEN_DEN,2025,1,TEN,DEN,0.0,0.0,1,1,0.0,0,0,0,0,0,0,0,0,0.0124276542453082,8.5,8.5,42.5,42.5,12.0,20.0,-8.0,32.0,0.0,0.0,0.8933094060543487,0.0,0,1,1,0,0,1,0,0,7.903357,42.376297,0.0,0.0,False,False,HOME,UNDER,WIN,WIN
2025_01_SF_SEA,2025,1,SF,SEA,-8.326672684688674e-17,-9.714451465470121e-17,1,1,1.3877787807814457e-17,0,0,0,0,0,0,0,0,0.3424215371845577,-2.5,-2.5,43.5,43.5,17.0,13.0,4.0,30.0,0.0,0.0,0.34864513533394575,1.387778780781447e-17,0,1,1,0,0,1,0,0,-2.2473166,43.488968,0.0,0.0,False,False,AWAY,UNDER,WIN,WIN
2025_01_DET_GB,2025,1,DET,GB,0.0,-2.775557561562892e-17,1,1,2.775557561562892e-17,0,0,0,0,0,0,0,0,0.6724154201238071,1.5,1.5,48.5,48.5,13.0,27.0,-14.0,40.0,0.0,0.0,0.5926665999540697,2.775557561562892e-17,0,1,1,0,0,1,0,0,1.5810884,47.937275,0.0,0.0,False,False,AWAY,UNDER,LOSS,WIN
2025_01_HOU_LA,2025,1,HOU,LA,0.0,0.0,1,1,0.0,0,0,0,0,0,0,0,0,0.0124276542453082,3.5,3.5,43.5,43.5,9.0,14.0,-5.0,23.0,0.0,0.0,0.7057850278370112,0.0,0,1,1,0,0,1,0,0,3.5633945,43.645027,0.0,0.0,False,False,AWAY,OVER,LOSS,LOSS
2025_01_BAL_BUF,2025,1,BAL,BUF,0.0,-2.775557561562892e-17,1,1,2.775557561562892e-17,0,0,0,0,0,1,0,0,0.6724154201238071,-1.5,-1.5,50.5,50.5,40.0,41.0,-1.0,81.0,0.0,0.0,0.40733340004593027,2.775557561562892e-17,0,1,1,0,1,1,0,0,-1.3080034,49.792747,0.0,0.0,False,False,AWAY,UNDER,WIN,LOSS
2025_01_MIN_CHI,2025,1,MIN,CHI,-5.551115123125783e-17,-4.163336342344337e-17,1,1,-1.3877787807814457e-17,0,0,0,0,0,0,0,0,-0.3175662286939411,-1.5,-1.5,43.5,43.5,27.0,24.0,3.0,51.0,0.0,0.0,0.40733340004593027,-1.3877787807814457e-17,0,1,1,0,0,1,0,0,-1.2965437,43.594696,0.0,0.0,False,False,AWAY,OVER,WIN,WIN
2025_02_WAS_GB,2025,2,WAS,GB,0.0,-5.551115123125783e-17,3,4,5.551115123125783e-17,0,0,3,1,0,0,0,0,1.332403186002306,3.5,3.5,48.5,48.5,18.0,27.0,-9.0,45.0,0.0,0.0,0.7057850278370112,5.551115123125783e-17,-1,1,1,0,0,1,0,0,3.4242792,47.994003,0.0,0.0,False,False,HOME,UNDER,WIN,WIN
2025_02_CLE_BAL,2025,2,CLE,BAL,-2.775557561562892e-17,-5.551115123125783e-17,3,1,2.775557561562892e-17,0,0,3,4,0,0,0,0,0.6724154201238071,12.5,12.5,46.5,46.5,17.0,41.0,-24.0,58.0,0.0,0.0,0.9579122720843811,2.7755575615628907e-17,2,1,1,0,0,1,0,0,12.43415,46.445023,0.0,0.0,False,False,HOME,UNDER,WIN,LOSS
2025_02_JAX_CIN,2025,2,JAX,CIN,0.0,-2.775557561562892e-17,1,0,2.775557561562892e-17,0,1,0,5,0,0,0,0,0.6724154201238071,3.5,3.5,49.5,49.5,27.0,31.0,-4.0,58.0,0.0,0.0,0.7057850278370112,2.775557561562892e-17,1,1,0,0,0,1,0,0,3.5742373,48.986397,0.0,0.0,False,False,AWAY,UNDER,LOSS,LOSS
2025_02_NYG_DAL,2025,2,NYG,DAL,0.0,-5.551115123125783e-17,1,1,5.551115123125783e-17,0,0,0,4,0,0,0,0,1.332403186002306,4.5,4.5,44.5,44.5,37.0,40.0,-3.0,77.0,0.0,0.0,0.7549149868676283,5.551115123125783e-17,0,1,1,0,0,1,0,0,4.6320086,44.589085,0.0,0.0,False,False,AWAY,OVER,LOSS,WIN
2025_02_CHI_DET,2025,2,CHI,DET,-2.775557561562892e-17,-2.775557561562892e-17,1,1,0.0,0,0,0,0,0,0,0,0,0.0124276542453082,6.0,6.0,46.5,46.5,21.0,52.0,-31.0,73.0,0.0,0.0,0.8175744761936437,0.0,0,1,1,0,0,1,0,0,6.0261626,46.570885,0.0,0.0,False,False,AWAY,OVER,LOSS,WIN
2025_02_NE_MIA,2025,2,NE,MIA,0.0,-8.326672684688674e-17,1,1,8.326672684688674e-17,0,0,0,0,0,0,0,0,1.9923909518808047,1.5,1.5,43.5,43.5,33.0,27.0,6.0,60.0,0.0,0.0,0.5926665999540697,8.326672684688674e-17,0,1,1,0,0,1,0,0,1.5810884,43.73115,0.0,0.0,False,False,AWAY,OVER,WIN,WIN
2025_02_SF_NO,2025,2,SF,NO,-5.551115123125783e-17,-2.775557561562892e-17,1,1,-2.775557561562892e-17,0,0,0,0,0,0,0,0,-0.6475601116331906,-3.0,-3.0,40.5,40.5,26.0,21.0,5.0,47.0,0.0,0.0,0.320821300824607,-2.7755575615628907e-17,0,1,1,0,0,1,0,0,-2.8524706,40.50271,0.0,0.0,False,False,AWAY,OVER,WIN,WIN
2025_02_BUF_NYJ,2025,2,BUF,NYJ,-6.938893903907227e-17,0.0,3,1,-6.938893903907227e-17,0,0,3,0,1,0,0,0,-1.6375417604509388,-6.0,-6.0,47.5,47.5,30.0,10.0,20.0,40.0,0.0,0.0,0.18242552380635635,-6.938893903907227e-17,2,1,1,1,0,1,0,0,-5.7932553,46.54778,0.0,0.0,False,False,AWAY,UNDER,WIN,WIN
2025_02_SEA_PIT,2025,2,SEA,PIT,0.0,-8.326672684688674e-17,0,0,8.326672684688674e-17,1,1,5,5,0,0,0,0,1.9923909518808047,3.5,3.5,40.5,40.5,31.0,17.0,14.0,48.0,0.0,0.0,0.7057850278370112,8.326672684688674e-17,0,0,0,0,0,1,0,0,3.5377955,40.84481,0.0,0.0,False,False,AWAY,OVER,WIN,WIN
2025_02_LA_TEN,2025,2,LA,TEN,-5.551115123125783e-17,0.0,1,1,-5.551115123125783e-17,0,0,0,0,0,0,0,0,-1.307547877511689,-5.5,-5.5,41.5,41.5,33.0,19.0,14.0,52.0,0.0,0.0,0.20181322226037884,-5.551115123125783e-17,0,1,1,0,0,1,0,0,-5.3541346,41.638927,0.0,0.0,False,False,AWAY,OVER,WIN,WIN
2025_02_CAR_ARI,2025,2,CAR,ARI,0.0,-8.326672684688674e-17,1,1,8.326672684688674e-17,0,0,4,0,0,0,0,0,1.9923909518808047,7.0,7.0,45.5,45.5,22.0,27.0,-5.0,49.0,0.0,0.0,0.8519528019683106,8.326672684688674e-17,0,1,1,0,0,1,0,0,6.936994,45.156048,0.0,0.0,False,False,HOME,UNDER,WIN,LOSS
2025_02_DEN_IND,2025,2,DEN,IND,0.0,0.0,5,0,0.0,0,1,1,5,0,0,0,0,0.0124276542453082,-2.5,-2.5,43.5,43.5,28.0,29.0,-1.0,57.0,0.0,0.0,0.34864513533394575,0.0,5,1,0,0,0,1,0,0,-2.3940804,43.789196,0.0,0.0,False,False,AWAY,OVER,WIN,WIN
2025_02_PHI_KC,2025,2,PHI,KC,-2.775557561562892e-17,0.0,1,4,-2.775557561562892e-17,0,0,4,2,0,0,0,0,-0.6475601116331906,-1.5,-1.5,46.5,46.5,20.0,17.0,3.0,37.0,0.0,0.0,0.40733340004593027,-2.775557561562892e-17,-3,1,1,0,0,1,0,0,-1.3306706,46.693985,0.0,0.0,False,False,AWAY,OVER,WIN,LOSS
2025_02_ATL_MIN,2025,2,ATL,MIN,0.0,0.0,1,3,0.0,0,0,0,2,0,0,0,0,0.0124276542453082,3.5,3.5,44.5,44.5,22.0,6.0,16.0,28.0,0.0,0.0,0.7057850278370112,0.0,-2,1,1,0,0,1,0,0,3.6129732,44.345097,0.0,0.0,False,False,AWAY,UNDER,WIN,WIN
2025_02_TB_HOU,2025,2,TB,HOU,-2.775557561562892e-17,0.0,3,3,-2.775557561562892e-17,0,0,2,1,0,0,0,0,-0.6475601116331906,2.5,2.5,42.5,42.5,20.0,19.0,1.0,39.0,0.0,0.0,0.6513548646660542,-2.775557561562892e-17,0,1,1,0,0,1,0,0,2.4454432,42.537014,0.0,0.0,False,False,HOME,OVER,WIN,LOSS
2025_02_LAC_LV,2025,2,LAC,LV,-2.775557561562892e-17,0.0,3,4,-2.775557561562892e-17,0,0,3,1,0,0,0,0,-0.6475601116331906,-3.5,-3.5,46.5,46.5,20.0,9.0,11.0,29.0,0.0,0.0,0.29421497216298875,-2.775557561562892e-17,-1,1,1,0,0,1,0,0,-3.4687643,46.438953,0.0,0.0,False,False,AWAY,UNDER,WIN,WIN
2025_03_MIA_BUF,2025,3,MIA,BUF,-2.775557561562892e-17,-1.3877787807814457e-17,1,3,-1.3877787807814457e-17,0,0,0,3,0,1,0,0,-0.3175662286939411,12.5,12.5,50.5,50.5,21.0,31.0,-10.0,52.0,0.0,0.0,0.9579122720843811,-1.3877787807814463e-17,-2,1,1,0,1,1,0,0,12.397656,49.814392,0.0,0.0,False,False,HOME,UNDER,WIN,LOSS
2025_03_ATL_CAR,2025,3,ATL,CAR,-4.8572257327350605e-17,-2.775557561562892e-17,1,2,-2.0816681711721685e-17,0,0,0,2,0,0,0,0,-0.4825631701635658,-5.5,-5.5,44.5,44.5,0.0,30.0,-30.0,30.0,0.0,0.0,0.20181322226037884,-2.0816681711721685e-17,-1,1,1,0,0,1,0,0,-5.2652445,44.328346,0.0,0.0,False,False,AWAY,UNDER,LOSS,WIN
2025_03_GB_CLE,2025,3,GB,CLE,0.0,-5.551115123125783e-17,0,1,5.551115123125783e-17,1,0,5,4,0,0,0,0,1.332403186002306,-8.5,-8.5,41.5,41.5,10.0,13.0,-3.0,23.0,0.0,0.0,0.10669059394565118,5.551115123125783e-17,-1,0,1,0,0,1,0,0,-8.462035,41.629375,0.0,0.0,False,False,AWAY,OVER,WIN,LOSS
2025_03_HOU_JAX,2025,3,HOU,JAX,-5.551115123125783e-17,-2.775557561562892e-17,5,1,-2.775557561562892e-17,0,0,0,0,0,0,0,0,-0.6475601116331906,1.5,1.5,43.5,43.5,10.0,17.0,-7.0,27.0,0.0,0.0,0.5926665999540697,-2.7755575615628907e-17,4,1,1,0,0,1,0,0,1.4638811,43.68186,0.0,0.0,False,False,HOME,OVER,WIN,LOSS
2025_03_CIN_MIN,2025,3,CIN,MIN,-5.551115123125783e-17,-2.775557561562892e-17,0,3,-2.775557561562892e-17,1,0,5,1,0,1,0,0,-0.6475601116331906,3.0,3.0,41.5,41.5,10.0,48.0,-38.0,58.0,0.0,0.0,0.679178699175393,-2.7755575615628907e-17,-3,0,1,0,1,1,0,0,3.06491,41.716167,0.0,0.0,False,False,AWAY,OVER,LOSS,WIN
2025_03_PIT_NE,2025,3,PIT,NE,0.0,0.0,0,1,0.0,1,0,5,0,0,0,0,0,0.0124276542453082,-1.5,-1.5,44.5,44.5,21.0,14.0,7.0,35.0,0.0,0.0,0.40733340004593027,0.0,-1,0,1,0,0,1,0,0,-1.3410847,44.402126,0.0,0.0,False,False,AWAY,UNDER,WIN,WIN
2025_03_LA_PHI,2025,3,LA,PHI,-5.551115123125783e-17,0.0,1,3,-5.551115123125783e-17,0,0,0,3,0,0,0,0,-1.307547877511689,3.5,3.5,45.5,45.5,26.0,33.0,-7.0,59.0,0.0,0.0,0.7057850278370112,-5.551115123125783e-17,-2,1,1,0,0,1,0,0,3.421195,45.51201,0.0,0.0,False,False,HOME,OVER,WIN,WIN
2025_03_NYJ_TB,2025,3,NYJ,TB,0.0,-2.775557561562892e-17,1,2,2.775557561562892e-17,0,0,0,2,0,0,0,0,0.6724154201238071,6.5,6.5,43.5,43.5,27.0,29.0,-2.0,56.0,0.0,0.0,0.8354835371034369,2.775557561562892e-17,-1,1,1,0,0,1,0,0,6.490666,43.30407,0.0,0.0,False,False,HOME,UNDER,WIN,LOSS
2025_03_IND_TEN,2025,3,IND,TEN,-1.3877787807814457e-17,0.0,0,1,-1.3877787807814457e-17,1,0,5,0,0,0,0,0,-0.3175662286939411,-6.0,-6.0,43.5,43.5,41.0,20.0,21.0,61.0,0.0,0.0,0.18242552380635635,-1.3877787807814457e-17,-1,0,1,0,0,1,0,0,-5.7911677,43.27841,0.0,0.0,False,False,AWAY,UNDER,WIN,LOSS
2025_03_LV_WAS,2025,3,LV,WAS,0.0,0.0,5,1,0.0,0,0,1,3,0,0,0,0,0.0124276542453082,2.5,2.5,43.5,43.5,24.0,41.0,-17.0,65.0,0.0,0.0,0.6513548646660542,0.0,4,1,1,0,0,1,0,0,2.464689,43.72637,0.0,0.0,False,False,HOME,OVER,WIN,WIN
2025_03_DEN_LAC,2025,3,DEN,LAC,-2.775557561562892e-17,0.0,5,4,-2.775557561562892e-17,0,0,1,2,0,0,0,0,-0.6475601116331906,2.5,2.5,45.5,45.5,20.0,23.0,-3.0,43.0,0.0,0.0,0.6513548646660542,-2.775557561562892e-17,1,1,1,0,0,1,0,0,2.467958,45.937016,0.0,0.0,False,False,HOME,OVER,WIN,LOSS
2025_03_NO_SEA,2025,3,NO,SEA,0.0,-2.775557561562892e-17,1,0,2.775557561562892e-17,0,1,0,5,0,0,0,0,0.6724154201238071,7.5,7.5,41.5,41.5,13.0,44.0,-31.0,57.0,0.0,0.0,0.8670357598021706,2.775557561562892e-17,1,1,0,0,0,1,0,0,7.533705,41.90755,0.0,0.0,False,False,AWAY,OVER,LOSS,WIN
2025_03_DAL_CHI,2025,3,DAL,CHI,-2.775557561562892e-17,-3.4694469519536136e-17,1,1,6.938893903907228e-18,0,0,3,0,0,0,0,0,0.1774245957149329,-1.5,-1.5,49.5,49.5,14.0,31.0,-17.0,45.0,0.0,0.0,0.40733340004593027,6.938893903907216e-18,0,1,1,0,0,1,0,0,-1.3341968,48.992306,0.0,0.0,False,False,AWAY,UNDER,LOSS,WIN
2025_03_ARI_SF,2025,3,ARI,SF,-1.3877787807814457e-17,-5.551115123125783e-17,1,1,4.163336342344337e-17,0,0,0,0,0,0,0,0,1.0024093030630563,1.5,1.5,44.5,44.5,15.0,16.0,-1.0,31.0,0.0,0.0,0.5926665999540697,4.163336342344337e-17,0,1,1,0,0,1,0,0,1.5843575,44.16571,0.0,0.0,False,False,AWAY,UNDER,LOSS,WIN
2025_03_KC_NYG,2025,3,KC,NYG,0.0,0.0,0,1,0.0,1,0,5,0,0,0,0,0,0.0124276542453082,-6.0,-6.0,44.5,44.5,22.0,9.0,13.0,31.0,0.0,0.0,0.18242552380635635,0.0,-1,0,1,0,0,1,0,0,-5.7980876,44.41861,0.0,0.0,False,False,AWAY,UNDER,WIN,WIN
2025_03_DET_BAL,2025,3,DET,BAL,0.0,0.0,1,1,0.0,0,0,0,4,0,0,0,0,0.0124276542453082,4.5,4.5,53.5,53.5,38.0,30.0,8.0,68.0,0.0,0.0,0.7549149868676283,0.0,0,1,1,0,0,1,0,0,4.627703,52.213387,0.0,0.0,False,True,AWAY,UNDER,WIN,LOSS
2025_04_SEA_ARI,2025,4,SEA,ARI,0.0,0.0,0,1,0.0,1,0,5,0,0,0,0,0,0.0124276542453082,-1.5,-1.5,43.5,43.5,23.0,20.0,3.0,43.0,0.0,0.0,0.40733340004593027,0.0,-1,0,1,0,0,1,0,0,-1.3410847,43.57662,0.0,0.0,False,False,AWAY,OVER,WIN,LOSS
2025_04_MIN_PIT,2025,4,MIN,PIT,0.0,0.0,4,0,0.0,0,1,1,5,1,0,0,0,0.0124276542453082,-2.5,-2.5,41.5,41.5,21.0,24.0,-3.0,45.0,0.0,0.0,0.34864513533394575,0.0,4,1,0,1,0,1,0,0,-2.0729864,41.840122,0.0,0.0,False,False,AWAY,OVER,LOSS,WIN
2025_04_WAS_ATL,2025,4,WAS,ATL,0.0,-6.938893903907227e-17,0,1,6.938893903907227e-17,1,0,5,0,0,0,0,0,1.6623970689415553,2.5,2.5,43.5,43.5,27.0,34.0,-7.0,61.0,0.0,0.0,0.6513548646660542,6.938893903907227e-17,-1,0,1,0,0,1,0,0,2.5386355,43.711117,0.0,0.0,False,False,AWAY,OVER,LOSS,WIN
2025_04_NO_BUF,2025,4,NO,BUF,0.0,0.0,1,4,0.0,0,0,2,1,0,1,0,0,0.0124276542453082,15.5,15.5,48.5,48.5,19.0,31.0,-12.0,50.0,0.0,0.0,0.9796676466573412,0.0,-3,1,1,0,1,1,0,0,14.887933,48.173965,0.0,0.0,False,False,HOME,UNDER,WIN,LOSS
2025_04_CLE_DET,2025,4,CLE,DET,0.0,-5.551115123125783e-17,0,1,5.551115123125783e-17,1,0,5,0,0,0,0,0,1.332403186002306,10.0,10.0,44.5,44.5,10.0,34.0,-24.0,44.0,0.0,0.0,0.9241418199787566,5.551115123125783e-17,-1,0,1,0,0,1,0,0,9.829982,44.20314,0.0,0.0,False,False,HOME,UNDER,WIN,WIN
2025_04_TEN_HOU,2025,4,TEN,HOU,0.0,0.0,1,3,0.0,0,0,0,3,0,0,0,0,0.0124276542453082,7.5,7.5,39.5,39.5,0.0,26.0,-26.0,26.0,0.0,0.0,0.8670357598021706,0.0,-2,1,1,0,0,1,0,0,7.5724416,39.68059,0.0,0.0,False,False,AWAY,OVER,LOSS,LOSS
2025_04_CAR_NE,2025,4,CAR,NE,-1.3877787807814457e-17,-2.775557561562892e-17,4,1,1.3877787807814457e-17,0,0,1,0,0,0,0,0,0.3424215371845577,5.5,5.5,42.5,42.5,13.0,42.0,-29.0,55.0,0.0,0.0,0.7981867777396212,1.3877787807814463e-17,3,1,1,0,0,1,0,0,5.5042734,42.342968,0.0,0.0,False,False,AWAY,UNDER,LOSS,LOSS
2025_04_LAC_NYG,2025,4,LAC,NYG,0.0,0.0,4,1,0.0,0,0,1,0,0,0,0,0,0.0124276542453082,-6.0,-6.0,43.5,43.5,18.0,21.0,-3.0,39.0,0.0,0.0,0.18242552380635635,0.0,3,1,1,0,0,1,0,0,-5.830727,43.816467,0.0,0.0,False,False,AWAY,OVER,WIN,LOSS
2025_04_PHI_TB,2025,4,PHI,TB,-5.551115123125783e-17,-2.775557561562892e-17,3,2,-2.775557561562892e-17,0,0,3,3,0,0,0,0,-0.6475601116331906,-3.5,-3.5,44.5,44.5,31.0,25.0,6.0,56.0,0.0,0.0,0.29421497216298875,-2.7755575615628907e-17,1,1,1,0,0,1,0,0,-3.4723833,44.232338,0.0,0.0,False,False,AWAY,UNDER,WIN,LOSS
2025_04_IND_LA,2025,4,IND,LA,0.0,-5.551115123125783e-17,1,1,5.551115123125783e-17,0,0,4,0,0,0,0,0,1.332403186002306,3.5,3.5,49.5,49.5,20.0,27.0,-7.0,47.0,0.0,0.0,0.7057850278370112,5.551115123125783e-17,0,1,1,0,0,1,0,0,3.5377955,48.934944,0.0,0.0,False,False,AWAY,UNDER,LOSS,WIN
2025_04_JAX_SF,2025,4,JAX,SF,0.0,-8.326672684688674e-17,1,1,8.326672684688674e-17,0,0,0,0,0,0,0,0,1.9923909518808047,3.5,3.5,45.5,45.5,26.0,21.0,5.0,47.0,0.0,0.0,0.7057850278370112,8.326672684688674e-17,0,1,1,0,0,1,0,0,3.5713189,45.245464,0.0,0.0,False,False,AWAY,UNDER,WIN,LOSS
2025_04_BAL_KC,2025,4,BAL,KC,0.0,-8.326672684688674e-17,2,3,8.326672684688674e-17,0,0,3,3,0,0,0,0,1.9923909518808047,-2.5,-2.5,48.5,48.5,20.0,37.0,-17.0,57.0,0.0,0.0,0.34864513533394575,8.326672684688674e-17,-1,1,1,0,0,1,0,0,-2.370993,48.050987,0.0,0.0,False,False,AWAY,UNDER,LOSS,LOSS
2025_04_CHI_LV,2025,4,CHI,LV,-8.326672684688674e-17,-5.551115123125783e-17,1,4,-2.775557561562892e-17,0,0,0,1,0,0,0,0,-0.6475601116331906,1.5,1.5,47.5,47.5,25.0,24.0,1.0,49.0,0.0,0.0,0.5926665999540697,-2.7755575615628914e-17,-3,1,1,0,0,1,0,0,1.6418144,47.519627,0.0,0.0,False,False,AWAY,OVER,LOSS,WIN
2025_04_GB_DAL,2025,4,GB,DAL,0.0,-4.163336342344337e-17,3,1,4.163336342344337e-17,0,0,2,4,0,0,0,0,1.0024093030630563,-7.0,-7.0,47.5,47.5,40.0,40.0,0.0,80.0,0.0,0.0,0.14804719803168948,4.163336342344337e-17,2,1,1,0,0,1,0,0,-6.9147964,47.102978,0.0,0.0,False,False,AWAY,UNDER,WIN,LOSS
2025_04_NYJ_MIA,2025,4,NYJ,MIA,0.0,0.0,1,1,0.0,0,0,0,0,0,0,0,0,0.0124276542453082,2.5,2.5,44.5,44.5,21.0,27.0,-6.0,48.0,0.0,0.0,0.6513548646660542,0.0,0,1,1,0,0,1,0,0,2.571217,44.312572,0.0,0.0,False,False,AWAY,UNDER,LOSS,LOSS
2025_04_CIN_DEN,2025,4,CIN,DEN,-2.775557561562892e-17,-2.775557561562892e-17,4,3,0.0,0,0,1,3,0,0,0,0,0.0124276542453082,7.5,7.5,44.5,44.5,3.0,28.0,-25.0,31.0,0.0,0.0,0.8670357598021706,0.0,1,1,1,0,0,1,0,0,7.446896,44.668583,0.0,0.0,False,False,HOME,OVER,WIN,LOSS
2025_05_SF_LA,2025,5,SF,LA,-2.775557561562892e-17,0.0,1,1,-2.775557561562892e-17,0,0,0,0,0,0,0,0,-0.6475601116331906,8.5,8.5,43.5,43.5,26.0,23.0,3.0,49.0,0.0,0.0,0.8933094060543487,-2.775557561562892e-17,0,1,1,0,0,0,1,0,7.903357,43.563347,0.0,0.0,False,False,HOME,OVER,WIN,WIN
2025_05_MIN_CLE,2025,5,MIN,CLE,-2.775557561562892e-17,-5.551115123125783e-17,5,1,2.775557561562892e-17,0,0,0,4,1,0,0,0,0.6724154201238071,-3.5,-3.5,35.5,35.5,21.0,17.0,4.0,38.0,0.0,0.0,0.29421497216298875,2.7755575615628907e-17,4,1,1,1,0,0,1,0,-2.9996674,36.34132,0.0,0.0,False,False,AWAY,OVER,WIN,WIN
2025_05_HOU_BAL,2025,5,HOU,BAL,-5.551115123125783e-17,-5.551115123125783e-17,1,1,0.0,0,0,3,4,0,0,0,0,0.0124276542453082,-2.5,-2.5,41.5,41.5,44.0,10.0,34.0,54.0,0.0,0.0,0.34864513533394575,0.0,0,1,1,0,0,0,1,0,-2.345292,41.645718,0.0,0.0,False,False,AWAY,OVER,WIN,WIN
2025_05_MIA_CAR,2025,5,MIA,CAR,-5.551115123125783e-17,0.0,1,3,-5.551115123125783e-17,0,0,0,2,0,0,0,0,-1.307547877511689,-1.5,-1.5,44.5,44.5,24.0,27.0,-3.0,51.0,0.0,0.0,0.40733340004593027,-5.551115123125783e-17,-2,1,1,0,0,0,1,0,-1.4423623,44.698986,0.0,0.0,False,False,AWAY,OVER,LOSS,WIN
2025_05_LV_IND,2025,5,LV,IND,-5.551115123125783e-17,-2.775557561562892e-17,3,1,-2.775557561562892e-17,0,0,2,4,0,0,0,0,-0.6475601116331906,7.0,7.0,46.5,46.5,6.0,40.0,-34.0,46.0,0.0,0.0,0.8519528019683106,-2.7755575615628907e-17,2,1,1,0,0,0,1,0,6.851344,46.340576,0.0,0.0,False,False,HOME,UNDER,WIN,WIN
2025_05_NYG_NO,2025,5,NYG,NO,0.0,-6.938893903907227e-17,1,0,6.938893903907227e-17,0,1,0,5,0,0,0,0,1.6623970689415553,1.5,1.5,41.5,41.5,14.0,26.0,-12.0,40.0,0.0,0.0,0.5926665999540697,6.938893903907227e-17,1,1,0,0,0,0,1,0,1.5840069,41.876793,0.0,0.0,False,False,AWAY,OVER,LOSS,LOSS
2025_05_DAL_NYJ,2025,5,DAL,NYJ,-1.3877787807814457e-17,0.0,3,1,-1.3877787807814457e-17,0,0,2,0,0,0,0,0,-0.3175662286939411,1.5,1.5,48.5,48.5,37.0,22.0,15.0,59.0,0.0,0.0,0.5926665999540697,-1.3877787807814457e-17,2,1,1,0,0,0,1,0,1.453928,47.616314,0.0,0.0,False,False,HOME,UNDER,LOSS,LOSS
2025_05_DEN_PHI,2025,5,DEN,PHI,-8.326672684688674e-17,0.0,3,1,-8.326672684688674e-17,0,0,3,4,0,0,0,0,-1.9675356433901885,3.5,3.5,44.5,44.5,21.0,17.0,4.0,38.0,0.0,0.0,0.7057850278370112,-8.326672684688674e-17,2,1,1,0,0,0,1,0,3.4790776,44.505077,0.0,0.0,False,False,HOME,OVER,LOSS,LOSS
2025_05_TEN_ARI,2025,5,TEN,ARI,-5.551115123125783e-17,0.0,1,1,-5.551115123125783e-17,0,0,0,0,0,0,0,0,-1.307547877511689,7.5,7.5,41.5,41.5,22.0,21.0,1.0,43.0,0.0,0.0,0.8670357598021706,-5.551115123125783e-17,0,1,1,0,0,0,1,0,7.4418135,41.71066,0.0,0.0,False,False,HOME,OVER,WIN,WIN
2025_05_TB_SEA,2025,5,TB,SEA,-4.8572257327350605e-17,-8.326672684688674e-17,0,0,3.4694469519536136e-17,1,1,5,5,0,0,0,0,0.8374123615934318,3.5,3.5,44.5,44.5,38.0,35.0,3.0,73.0,0.0,0.0,0.7057850278370112,3.4694469519536136e-17,0,0,0,0,0,0,1,0,3.5377955,44.807034,0.0,0.0,False,False,AWAY,OVER,LOSS,WIN
2025_05_DET_CIN,2025,5,DET,CIN,-5.551115123125783e-17,-5.551115123125783e-17,1,3,0.0,0,0,0,3,0,0,0,0,0.0124276542453082,-10.5,-10.5,49.5,49.5,37.0,24.0,13.0,61.0,0.0,0.0,0.0675466911396291,0.0,-2,1,1,0,0,0,1,0,-10.990069,48.849735,0.0,0.0,False,False,HOME,UNDER,LOSS,LOSS
2025_05_WAS_LAC,2025,5,WAS,LAC,-6.938893903907228e-18,0.0,0,2,-6.938893903907228e-18,1,0,5,2,0,0,0,0,-0.1525692872243164,2.5,2.5,47.5,47.5,27.0,10.0,17.0,37.0,0.0,0.0,0.6513548646660542,-6.938893903907228e-18,-2,0,1,0,0,0,1,0,2.5463836,46.891014,0.0,0.0,False,False,AWAY,UNDER,WIN,WIN
2025_05_NE_BUF,2025,5,NE,BUF,0.0,-5.551115123125783e-17,1,4,5.551115123125783e-17,0,0,0,1,0,1,0,0,1.332403186002306,7.5,7.5,49.5,49.5,23.0,20.0,3.0,43.0,0.0,0.0,0.8670357598021706,5.551115123125783e-17,-3,1,1,0,1,0,1,0,7.507694,48.644863,0.0,0.0,False,False,AWAY,UNDER,LOSS,WIN
2025_05_KC_JAX,2025,5,KC,JAX,-2.775557561562892e-17,0.0,0,1,-2.775557561562892e-17,1,0,5,0,0,0,0,0,-0.6475601116331906,-3.5,-3.5,45.5,45.5,28.0,31.0,-3.0,59.0,0.0,0.0,0.29421497216298875,-2.775557561562892e-17,-1,0,1,0,0,0,1,0,-3.3714428,45.12279,0.0,0.0,False,False,AWAY,UNDER,WIN,LOSS
2025_06_PHI_NYG,2025,6,PHI,NYG,-5.551115123125783e-17,-5.551115123125783e-17,1,1,0.0,0,0,0,0,0,0,0,0,0.0124276542453082,-7.0,-7.0,40.5,40.5,17.0,34.0,-17.0,51.0,0.0,0.0,0.14804719803168948,0.0,0,1,1,0,0,0,1,0,-6.7712545,40.410805,0.0,0.0,False,False,AWAY,UNDER,LOSS,LOSS
2025_06_DEN_NYJ,2025,6,DEN,NYJ,0.0,0.0,4,1,0.0,0,0,1,0,0,0,0,0,0.0124276542453082,-7.5,-7.5,43.5,43.5,13.0,11.0,2.0,24.0,0.0,0.0,0.13296424019782926,0.0,3,1,1,0,0,0,1,0,-7.2233906,43.846375,0.0,0.0,False,False,AWAY,OVER,WIN,LOSS
2025_06_LA_BAL,2025,6,LA,BAL,-2.775557561562892e-17,-5.551115123125783e-17,1,1,2.775557561562892e-17,0,0,0,4,0,0,0,0,0.6724154201238071,-7.0,-7.0,43.5,43.5,17.0,3.0,14.0,20.0,0.0,0.0,0.14804719803168948,2.7755575615628907e-17,0,1,1,0,0,0,1,0,-6.74214,43.53764,0.0,0.0,False,False,AWAY,OVER,WIN,LOSS
2025_06_DAL_CAR,2025,6,DAL,CAR,-5.551115123125783e-17,-2.775557561562892e-17,2,2,-2.775557561562892e-17,0,0,3,3,0,0,0,0,-0.6475601116331906,-3.0,-3.0,47.5,47.5,27.0,30.0,-3.0,57.0,0.0,0.0,0.320821300824607,-2.7755575615628907e-17,0,1,1,0,0,0,1,0,-2.961279,47.084415,0.0,0.0,False,False,AWAY,UNDER,PUSH,LOSS
2025_06_ARI_IND,2025,6,ARI,IND,0.0,-2.775557561562892e-17,1,0,2.775557561562892e-17,0,1,0,5,0,0,0,0,0.6724154201238071,8.5,8.5,46.5,46.5,27.0,31.0,-4.0,58.0,0.0,0.0,0.8933094060543487,2.775557561562892e-17,1,1,0,0,0,0,1,0,7.9141994,46.41216,0.0,0.0,False,False,HOME,UNDER,WIN,LOSS
2025_06_SEA_JAX,2025,6,SEA,JAX,0.0,-5.551115123125783e-17,0,1,5.551115123125783e-17,1,0,5,0,0,0,0,0,1.332403186002306,-1.5,-1.5,47.5,47.5,20.0,12.0,8.0,32.0,0.0,0.0,0.40733340004593027,5.551115123125783e-17,-1,0,1,0,0,0,1,0,-1.341945,47.18353,0.0,0.0,False,False,AWAY,UNDER,WIN,WIN
2025_06_LAC_MIA,2025,6,LAC,MIA,-2.775557561562892e-17,-5.551115123125783e-17,3,1,2.775557561562892e-17,0,0,2,0,0,0,0,0,0.6724154201238071,-3.5,-3.5,45.5,45.5,29.0,27.0,2.0,56.0,0.0,0.0,0.29421497216298875,2.7755575615628907e-17,2,1,1,0,0,0,1,0,-3.4929645,45.04457,0.0,0.0,False,False,AWAY,UNDER,WIN,LOSS
2025_06_NE_NO,2025,6,NE,NO,-5.551115123125783e-17,-2.775557561562892e-17,1,1,-2.775557561562892e-17,0,0,0,0,0,0,0,0,-0.6475601116331906,-3.5,-3.5,46.5,46.5,25.0,19.0,6.0,44.0,0.0,0.0,0.29421497216298875,-2.7755575615628907e-17,0,1,1,0,0,0,1,0,-3.329987,46.07282,0.0,0.0,False,False,AWAY,UNDER,WIN,WIN
2025_06_CLE_PIT,2025,6,CLE,PIT,0.0,0.0,3,3,0.0,0,0,2,3,0,0,0,0,0.0124276542453082,5.5,5.5,37.5,37.5,9.0,23.0,-14.0,32.0,0.0,0.0,0.7981867777396212,0.0,0,1,1,0,0,0,1,0,5.454636,37.959057,0.0,0.0,False,False,HOME,OVER,WIN,LOSS
2025_06_TEN_LV,2025,6,TEN,LV,0.0,0.0,1,3,0.0,0,0,0,2,0,0,0,0,0.0124276542453082,3.5,3.5,41.5,41.5,10.0,20.0,-10.0,30.0,0.0,0.0,0.7057850278370112,0.0,-2,1,1,0,0,0,1,0,3.6129732,41.651253,0.0,0.0,False,False,AWAY,OVER,LOSS,LOSS
2025_06_CIN_GB,2025,6,CIN,GB,0.0,-2.775557561562892e-17,1,3,2.775557561562892e-17,0,0,4,2,0,0,0,0,0.6724154201238071,14.0,14.0,44.5,44.5,18.0,27.0,-9.0,45.0,0.0,0.0,0.9706877692486436,2.775557561562892e-17,-2,1,1,0,0,0,1,0,13.813186,44.118572,0.0,0.0,False,False,HOME,UNDER,WIN,LOSS
2025_06_SF_TB,2025,6,SF,TB,0.0,-2.775557561562892e-17,1,3,2.775557561562892e-17,0,0,0,3,0,0,0,0,0.6724154201238071,3.5,3.5,46.5,46.5,19.0,30.0,-11.0,49.0,0.0,0.0,0.7057850278370112,2.775557561562892e-17,-2,1,1,0,0,0,1,0,3.6208975,46.103664,0.0,0.0,False,False,AWAY,UNDER,LOSS,LOSS
2025_06_DET_KC,2025,6,DET,KC,0.0,0.0,1,1,0.0,0,0,0,0,0,0,0,0,0.0124276542453082,2.5,2.5,51.5,51.5,17.0,30.0,-13.0,47.0,0.0,0.0,0.6513548646660542,0.0,0,1,1,0,0,0,1,0,2.574836,50.753895,0.0,0.0,False,False,AWAY,UNDER,LOSS,WIN
2025_06_BUF_ATL,2025,6,BUF,ATL,0.0,-5.551115123125783e-17,0,1,5.551115123125783e-17,1,0,5,0,1,0,0,0,1.332403186002306,-3.5,-3.5,49.5,49.5,14.0,24.0,-10.0,38.0,0.0,0.0,0.29421497216298875,5.551115123125783e-17,-1,0,1,1,0,0,1,0,-3.3276792,48.386864,0.0,0.0,False,True,AWAY,UNDER,LOSS,WIN
2025_06_CHI_WAS,2025,6,CHI,WAS,-5.551115123125783e-17,0.0,1,5,-5.551115123125783e-17,0,0,0,1,0,0,0,0,-1.307547877511689,5.5,5.5,49.5,49.5,25.0,24.0,1.0,49.0,0.0,0.0,0.7981867777396212,-5.551115123125783e-17,-4,1,1,0,0,0,1,0,5.435633,49.459557,0.0,0.0,False,False,HOME,UNDER,WIN,WIN
2025_07_PIT_CIN,2025,7,PIT,CIN,-5.551115123125783e-17,0.0,3,0,-5.551115123125783e-17,0,1,3,5,0,0,0,0,-1.307547877511689,-5.5,-5.5,45.5,45.5,31.0,33.0,-2.0,64.0,0.0,0.0,0.20181322226037884,-5.551115123125783e-17,3,1,0,0,0,0,1,0,-5.418322,45.872875,0.0,0.0,False,False,AWAY,OVER,WIN,WIN
2025_07_LA_JAX,2025,7,LA,JAX,-2.775557561562892e-17,0.0,1,1,-2.775557561562892e-17,0,0,0,0,0,0,0,0,-0.6475601116331906,-3.0,-3.0,44.5,44.5,35.0,7.0,28.0,42.0,0.0,0.0,0.320821300824607,-2.775557561562892e-17,0,1,1,0,0,0,1,0,-2.8524706,44.3889,0.0,0.0,False,False,AWAY,UNDER,WIN,WIN
2025_07_NO_CHI,2025,7,NO,CHI,-5.551115123125783e-17,-8.326672684688674e-17,1,1,2.775557561562892e-17,0,0,0,0,0,0,0,0,0.6724154201238071,4.5,4.5,43.5,43.5,14.0,26.0,-12.0,40.0,0.0,0.0,0.7549149868676283,2.7755575615628914e-17,0,1,1,0,0,0,1,0,4.6362824,43.76667,0.0,0.0,False,False,AWAY,OVER,LOSS,LOSS
2025_07_MIA_CLE,2025,7,MIA,CLE,0.0,-2.775557561562892e-17,1,3,2.775557561562892e-17,0,0,0,3,0,0,0,0,0.6724154201238071,2.5,2.5,34.5,34.5,6.0,31.0,-25.0,37.0,0.0,0.0,0.6513548646660542,2.775557561562892e-17,-2,1,1,0,0,0,1,0,2.62872,35.758827,0.0,0.0,False,True,AWAY,OVER,LOSS,WIN
2025_07_LV_KC,2025,7,LV,KC,-5.551115123125783e-17,-1.3877787807814457e-17,3,1,-4.163336342344337e-17,0,0,3,0,0,0,0,0,-0.97755399457244,13.5,13.5,44.5,44.5,0.0,31.0,-31.0,31.0,0.0,0.0,0.9669140216112958,-4.163336342344337e-17,2,1,1,0,0,0,1,0,12.823191,44.316196,0.0,0.0,False,False,HOME,UNDER,WIN,WIN
2025_07_PHI_MIN,2025,7,PHI,MIN,-8.326672684688674e-17,-5.551115123125783e-17,3,2,-2.775557561562892e-17,0,0,2,2,0,1,0,0,-0.6475601116331906,-2.5,-2.5,43.5,43.5,28.0,22.0,6.0,50.0,0.0,0.0,0.34864513533394575,-2.7755575615628914e-17,1,1,1,0,1,0,1,0,-2.677083,43.55982,0.0,0.0,False,False,HOME,OVER,LOSS,WIN
2025_07_CAR_NYJ,2025,7,CAR,NYJ,-5.551115123125783e-17,0.0,1,1,-5.551115123125783e-17,0,0,0,0,0,0,0,0,-1.307547877511689,1.5,1.5,39.5,39.5,13.0,6.0,7.0,19.0,0.0,0.0,0.5926665999540697,-5.551115123125783e-17,0,1,1,0,0,0,1,0,1.4977918,39.901077,0.0,0.0,False,False,HOME,OVER,LOSS,LOSS
2025_07_NE_TEN,2025,7,NE,TEN,0.0,0.0,1,3,0.0,0,0,0,2,0,0,0,0,0.0124276542453082,-6.5,-6.5,40.5,40.5,31.0,13.0,18.0,44.0,0.0,0.0,0.16451646289656316,0.0,-2,1,1,0,0,0,1,0,-6.1003633,40.54644,0.0,0.0,False,False,AWAY,OVER,WIN,WIN
2025_07_NYG_DEN,2025,7,NYG,DEN,0.0,-4.163336342344337e-17,1,1,4.163336342344337e-17,0,0,0,4,0,0,0,0,1.0024093030630563,7.5,7.5,39.5,39.5,32.0,33.0,-1.0,65.0,0.0,0.0,0.8670357598021706,4.163336342344337e-17,0,1,1,0,0,0,1,0,7.530787,40.071373,0.0,0.0,False,False,AWAY,OVER,LOSS,WIN
2025_07_IND_LAC,2025,7,IND,LAC,-5.551115123125783e-17,0.0,0,5,-5.551115123125783e-17,1,0,5,1,0,0,0,0,-1.307547877511689,2.5,2.5,48.5,48.5,38.0,24.0,14.0,62.0,0.0,0.0,0.6513548646660542,-5.551115123125783e-17,-5,0,1,0,0,0,1,0,2.3509867,48.802486,0.0,0.0,False,False,HOME,OVER,LOSS,WIN
2025_07_GB_ARI,2025,7,GB,ARI,-2.775557561562892e-17,0.0,3,1,-2.775557561562892e-17,0,0,3,0,0,0,0,0,-0.6475601116331906,-7.0,-7.0,44.5,44.5,27.0,23.0,4.0,50.0,0.0,0.0,0.14804719803168948,-2.775557561562892e-17,2,1,1,0,0,0,1,0,-6.906506,44.263264,0.0,0.0,False,False,AWAY,UNDER,WIN,LOSS
2025_07_WAS_DAL,2025,7,WAS,DAL,-8.326672684688674e-17,-5.551115123125783e-17,1,2,-2.775557561562892e-17,0,0,4,3,0,0,0,0,-0.6475601116331906,1.5,1.5,54.5,54.5,22.0,44.0,-22.0,66.0,0.0,0.0,0.5926665999540697,-2.7755575615628914e-17,-1,1,1,0,0,0,1,0,1.4743705,53.17709,0.0,0.0,False,True,HOME,UNDER,WIN,LOSS
2025_07_ATL_SF,2025,7,ATL,SF,-5.551115123125783e-17,-8.326672684688674e-17,1,1,2.775557561562892e-17,0,0,0,0,0,0,0,0,0.6724154201238071,1.5,1.5,46.5,46.5,10.0,20.0,-10.0,30.0,0.0,0.0,0.5926665999540697,2.7755575615628914e-17,0,1,1,0,0,0,1,0,1.5843575,46.166264,0.0,0.0,False,False,AWAY,UNDER,LOSS,WIN
2025_07_TB_DET,2025,7,TB,DET,-8.326672684688674e-17,-5.551115123125783e-17,1,3,-2.775557561562892e-17,0,0,4,2,0,0,0,0,-0.6475601116331906,6.0,6.0,54.5,54.5,9.0,24.0,-15.0,33.0,0.0,0.0,0.8175744761936437,-2.7755575615628914e-17,-2,1,1,0,0,0,1,0,5.912298,53.337376,0.0,0.0,False,True,HOME,UNDER,WIN,WIN
2025_07_HOU_SEA,2025,7,HOU,SEA,-8.326672684688674e-17,-5.551115123125783e-17,3,0,-2.775557561562892e-17,0,1,1,5,0,0,0,0,-0.6475601116331906,3.0,3.0,41.5,41.5,19.0,27.0,-8.0,46.0,0.0,0.0,0.679178699175393,-2.7755575615628914e-17,3,1,0,0,0,0,1,0,3.029118,42.089443,0.0,0.0,False,False,AWAY,OVER,LOSS,WIN
2025_08_MIN_LAC,2025,8,MIN,LAC,-5.551115123125783e-17,0.0,2,1,-5.551115123125783e-17,0,0,2,3,1,0,0,0,-1.307547877511689,3.0,3.0,45.5,45.5,10.0,37.0,-27.0,47.0,0.0,0.0,0.679178699175393,-5.551115123125783e-17,1,1,1,1,0,0,1,0,2.8410797,45.18411,0.0,0.0,False,False,HOME,UNDER,WIN,LOSS
2025_08_MIA_ATL,2025,8,MIA,ATL,0.0,-2.775557561562892e-17,1,1,2.775557561562892e-17,0,0,0,0,0,0,0,0,0.6724154201238071,7.0,7.0,44.5,44.5,34.0,10.0,24.0,44.0,0.0,0.0,0.8519528019683106,2.775557561562892e-17,0,1,1,0,0,0,1,0,6.983422,44.324722,0.0,0.0,False,False,HOME,UNDER,LOSS,WIN
2025_08_CHI_BAL,2025,8,CHI,BAL,-4.163336342344337e-17,-8.326672684688674e-17,1,3,4.163336342344337e-17,0,0,0,3,0,0,0,0,1.0024093030630563,2.5,2.5,45.5,45.5,16.0,30.0,-14.0,46.0,0.0,0.0,0.6513548646660542,4.163336342344337e-17,-2,1,1,0,0,0,1,0,2.631989,45.20351,0.0,0.0,False,False,AWAY,UNDER,LOSS,LOSS
2025_08_BUF_CAR,2025,8,BUF,CAR,-5.551115123125783e-17,0.0,3,3,-5.551115123125783e-17,0,0,3,2,1,0,0,0,-1.307547877511689,-7.0,-7.0,47.5,47.5,40.0,9.0,31.0,49.0,0.0,0.0,0.14804719803168948,-5.551115123125783e-17,0,1,1,1,0,0,1,0,-6.618193,46.73151,0.0,0.0,False,False,AWAY,UNDER,WIN,LOSS
2025_08_NYJ_CIN,2025,8,NYJ,CIN,-1.0408340855860844e-17,-8.326672684688674e-17,1,3,7.28583859910259e-17,0,0,0,2,0,0,0,0,1.7448955396763677,5.5,5.5,43.5,43.5,39.0,38.0,1.0,77.0,0.0,0.0,0.7981867777396212,7.28583859910259e-17,-2,1,1,0,0,0,1,0,5.637745,43.11708,0.0,0.0,False,False,AWAY,UNDER,LOSS,LOSS
2025_08_SF_HOU,2025,8,SF,HOU,-8.326672684688674e-17,-4.8572257327350605e-17,1,0,-3.4694469519536136e-17,0,1,0,5,0,0,0,0,-0.8125570531028152,2.5,2.5,41.5,41.5,15.0,26.0,-11.0,41.0,0.0,0.0,0.6513548646660542,-3.4694469519536136e-17,1,1,0,0,0,0,1,0,2.5109465,41.66622,0.0,0.0,False,False,AWAY,OVER,LOSS,LOSS
2025_08_CLE_NE,2025,8,CLE,NE,0.0,0.0,3,1,0.0,0,0,2,0,0,0,0,0,0.0124276542453082,7.0,7.0,40.5,40.5,13.0,32.0,-19.0,45.0,0.0,0.0,0.8519528019683106,0.0,2,1,1,0,0,0,1,0,6.843451,40.601242,0.0,0.0,False,False,HOME,OVER,WIN,WIN
2025_08_NYG_PHI,2025,8,NYG,PHI,0.0,-5.551115123125783e-17,1,3,5.551115123125783e-17,0,0,0,2,0,0,0,0,1.332403186002306,7.0,7.0,43.5,43.5,20.0,38.0,-18.0,58.0,0.0,0.0,0.8519528019683106,5.551115123125783e-17,-2,1,1,0,0,0,1,0,7.0330005,43.334644,0.0,0.0,False,False,AWAY,UNDER,LOSS,LOSS
2025_08_TB_NO,2025,8,TB,NO,0.0,-2.775557561562892e-17,2,1,2.775557561562892e-17,0,0,3,4,0,0,0,0,0.6724154201238071,-4.5,-4.5,46.5,46.5,23.0,3.0,20.0,26.0,0.0,0.0,0.24508501313237172,2.775557561562892e-17,1,1,1,0,0,0,1,0,-4.4581203,46.15947,0.0,0.0,False,False,AWAY,UNDER,WIN,WIN
2025_08_DAL_DEN,2025,8,DAL,DEN,-8.326672684688674e-17,-5.2041704279304207e-17,0,0,-3.122502256758253e-17,1,1,5,5,0,0,0,0,-0.7300585823680029,3.5,3.5,51.5,51.5,24.0,44.0,-20.0,68.0,0.0,0.0,0.7057850278370112,-3.1225022567582534e-17,0,0,0,0,0,0,1,0,3.377489,51.04622,0.0,0.0,False,False,HOME,UNDER,WIN,LOSS
2025_08_TEN_IND,2025,8,TEN,IND,-8.326672684688674e-17,-5.551115123125783e-17,0,0,-2.775557561562892e-17,1,1,5,5,0,0,0,0,-0.6475601116331906,15.5,15.5,47.5,47.5,14.0,38.0,-24.0,52.0,0.0,0.0,0.9796676466573412,-2.7755575615628914e-17,0,0,0,0,0,0,1,0,15.012729,47.197433,0.0,0.0,False,False,HOME,UNDER,WIN,LOSS
2025_08_GB_PIT,2025,8,GB,PIT,-5.551115123125783e-17,-8.326672684688674e-17,3,0,2.775557561562892e-17,0,1,3,5,0,0,0,0,0.6724154201238071,-3.0,-3.0,46.5,46.5,35.0,25.0,10.0,60.0,0.0,0.0,0.320821300824607,2.7755575615628914e-17,3,1,0,0,0,0,1,0,-3.0118291,46.886295,0.0,0.0,False,False,HOME,OVER,LOSS,WIN
2025_08_WAS_KC,2025,8,WAS,KC,-5.551115123125783e-17,-8.326672684688674e-17,3,1,2.775557561562892e-17,0,0,2,0,0,0,0,0,0.6724154201238071,10.5,10.5,48.5,48.5,7.0,28.0,-21.0,35.0,0.0,0.0,0.9324533088603709,2.7755575615628914e-17,2,1,1,0,0,0,1,0,10.257246,47.96539,0.0,0.0,False,False,HOME,UNDER,WIN,WIN
